retailer_id,sku_id,date,quantity_ordered
6977,M009594,2025-12-29,
6977,M009594,2026-01-05,
6977,M009594,2026-01-12,
6977,M009594,2026-01-19,
6977,M014013,2025-12-29,
6977,M014013,2026-01-05,
6977,M014013,2026-01-12,
6977,M014013,2026-01-19,
6977,M011232,2025-12-29,
6977,M011232,2026-01-05,
6977,M011232,2026-01-12,
6977,M011232,2026-01-19,
6977,M009364,2025-12-29,
6977,M009364,2026-01-05,
6977,M009364,2026-01-12,
6977,M009364,2026-01-19,
6977,M009542,2025-12-29,
6977,M009542,2026-01-05,
6977,M009542,2026-01-12,
6977,M009542,2026-01-19,
6977,M009651,2025-12-29,
6977,M009651,2026-01-05,
6977,M009651,2026-01-12,
6977,M009651,2026-01-19,
6977,M009630,2025-12-29,
6977,M009630,2026-01-05,
6977,M009630,2026-01-12,
6977,M009630,2026-01-19,
6977,M012665,2025-12-29,
6977,M012665,2026-01-05,
6977,M012665,2026-01-12,
6977,M012665,2026-01-19,
6977,M010788,2025-12-29,
6977,M010788,2026-01-05,
6977,M010788,2026-01-12,
6977,M010788,2026-01-19,
6977,M013459,2025-12-29,
6977,M013459,2026-01-05,
6977,M013459,2026-01-12,
6977,M013459,2026-01-19,
6977,M014771,2025-12-29,
6977,M014771,2026-01-05,
6977,M014771,2026-01-12,
6977,M014771,2026-01-19,
6977,M012706,2025-12-29,
6977,M012706,2026-01-05,
6977,M012706,2026-01-12,
6977,M012706,2026-01-19,
6977,M016641,2025-12-29,
6977,M016641,2026-01-05,
6977,M016641,2026-01-12,
6977,M016641,2026-01-19,
6977,M013962,2025-12-29,
6977,M013962,2026-01-05,
6977,M013962,2026-01-12,
6977,M013962,2026-01-19,
6977,M010132,2025-12-29,
6977,M010132,2026-01-05,
6977,M010132,2026-01-12,
6977,M010132,2026-01-19,
6977,M009072,2025-12-29,
6977,M009072,2026-01-05,
6977,M009072,2026-01-12,
6977,M009072,2026-01-19,
8471,M010132,2025-12-29,
8471,M010132,2026-01-05,
8471,M010132,2026-01-12,
8471,M010132,2026-01-19,
8471,M009630,2025-12-29,
8471,M009630,2026-01-05,
8471,M009630,2026-01-12,
8471,M009630,2026-01-19,
8471,M013086,2025-12-29,
8471,M013086,2026-01-05,
8471,M013086,2026-01-12,
8471,M013086,2026-01-19,
8471,M009284,2025-12-29,
8471,M009284,2026-01-05,
8471,M009284,2026-01-12,
8471,M009284,2026-01-19,
8471,M011339,2025-12-29,
8471,M011339,2026-01-05,
8471,M011339,2026-01-12,
8471,M011339,2026-01-19,
8471,M010200,2025-12-29,
8471,M010200,2026-01-05,
8471,M010200,2026-01-12,
8471,M010200,2026-01-19,
8471,M009050,2025-12-29,
8471,M009050,2026-01-05,
8471,M009050,2026-01-12,
8471,M009050,2026-01-19,
8471,M009542,2025-12-29,
8471,M009542,2026-01-05,
8471,M009542,2026-01-12,
8471,M009542,2026-01-19,
8471,M014771,2025-12-29,
8471,M014771,2026-01-05,
8471,M014771,2026-01-12,
8471,M014771,2026-01-19,
8471,M010868,2025-12-29,
8471,M010868,2026-01-05,
8471,M010868,2026-01-12,
8471,M010868,2026-01-19,
8471,M010253,2025-12-29,
8471,M010253,2026-01-05,
8471,M010253,2026-01-12,
8471,M010253,2026-01-19,
8471,M010079,2025-12-29,
8471,M010079,2026-01-05,
8471,M010079,2026-01-12,
8471,M010079,2026-01-19,
8471,M011232,2025-12-29,
8471,M011232,2026-01-05,
8471,M011232,2026-01-12,
8471,M011232,2026-01-19,
8582,M010676,2025-12-29,
8582,M010676,2026-01-05,
8582,M010676,2026-01-12,
8582,M010676,2026-01-19,
8582,M012706,2025-12-29,
8582,M012706,2026-01-05,
8582,M012706,2026-01-12,
8582,M012706,2026-01-19,
8582,M011339,2025-12-29,
8582,M011339,2026-01-05,
8582,M011339,2026-01-12,
8582,M011339,2026-01-19,
8582,M013086,2025-12-29,
8582,M013086,2026-01-05,
8582,M013086,2026-01-12,
8582,M013086,2026-01-19,
8582,M010079,2025-12-29,
8582,M010079,2026-01-05,
8582,M010079,2026-01-12,
8582,M010079,2026-01-19,
8582,M013220,2025-12-29,
8582,M013220,2026-01-05,
8582,M013220,2026-01-12,
8582,M013220,2026-01-19,
8582,M010253,2025-12-29,
8582,M010253,2026-01-05,
8582,M010253,2026-01-12,
8582,M010253,2026-01-19,
8582,M010132,2025-12-29,
8582,M010132,2026-01-05,
8582,M010132,2026-01-12,
8582,M010132,2026-01-19,
8582,M012115,2025-12-29,
8582,M012115,2026-01-05,
8582,M012115,2026-01-12,
8582,M012115,2026-01-19,
8582,M009651,2025-12-29,
8582,M009651,2026-01-05,
8582,M009651,2026-01-12,
8582,M009651,2026-01-19,
8582,M012665,2025-12-29,
8582,M012665,2026-01-05,
8582,M012665,2026-01-12,
8582,M012665,2026-01-19,
8582,M013459,2025-12-29,
8582,M013459,2026-01-05,
8582,M013459,2026-01-12,
8582,M013459,2026-01-19,
8582,M010184,2025-12-29,
8582,M010184,2026-01-05,
8582,M010184,2026-01-12,
8582,M010184,2026-01-19,
8582,M011086,2025-12-29,
8582,M011086,2026-01-05,
8582,M011086,2026-01-12,
8582,M011086,2026-01-19,
8582,M009284,2025-12-29,
8582,M009284,2026-01-05,
8582,M009284,2026-01-12,
8582,M009284,2026-01-19,
8918,M013294,2025-12-29,
8918,M013294,2026-01-05,
8918,M013294,2026-01-12,
8918,M013294,2026-01-19,
8918,M010079,2025-12-29,
8918,M010079,2026-01-05,
8918,M010079,2026-01-12,
8918,M010079,2026-01-19,
8918,M016641,2025-12-29,
8918,M016641,2026-01-05,
8918,M016641,2026-01-12,
8918,M016641,2026-01-19,
8918,M013459,2025-12-29,
8918,M013459,2026-01-05,
8918,M013459,2026-01-12,
8918,M013459,2026-01-19,
8918,M010132,2025-12-29,
8918,M010132,2026-01-05,
8918,M010132,2026-01-12,
8918,M010132,2026-01-19,
8918,M009050,2025-12-29,
8918,M009050,2026-01-05,
8918,M009050,2026-01-12,
8918,M009050,2026-01-19,
8918,M009630,2025-12-29,
8918,M009630,2026-01-05,
8918,M009630,2026-01-12,
8918,M009630,2026-01-19,
8918,M009648,2025-12-29,
8918,M009648,2026-01-05,
8918,M009648,2026-01-12,
8918,M009648,2026-01-19,
8918,M009542,2025-12-29,
8918,M009542,2026-01-05,
8918,M009542,2026-01-12,
8918,M009542,2026-01-19,
8918,M010253,2025-12-29,
8918,M010253,2026-01-05,
8918,M010253,2026-01-12,
8918,M010253,2026-01-19,
8918,M013220,2025-12-29,
8918,M013220,2026-01-05,
8918,M013220,2026-01-12,
8918,M013220,2026-01-19,
8918,M012115,2025-12-29,
8918,M012115,2026-01-05,
8918,M012115,2026-01-12,
8918,M012115,2026-01-19,
8918,M009898,2025-12-29,
8918,M009898,2026-01-05,
8918,M009898,2026-01-12,
8918,M009898,2026-01-19,
8918,M010082,2025-12-29,
8918,M010082,2026-01-05,
8918,M010082,2026-01-12,
8918,M010082,2026-01-19,
8918,M010862,2025-12-29,
8918,M010862,2026-01-05,
8918,M010862,2026-01-12,
8918,M010862,2026-01-19,
8918,M014013,2025-12-29,
8918,M014013,2026-01-05,
8918,M014013,2026-01-12,
8918,M014013,2026-01-19,
8918,M010453,2025-12-29,
8918,M010453,2026-01-05,
8918,M010453,2026-01-12,
8918,M010453,2026-01-19,
9607,M010453,2025-12-29,
9607,M010453,2026-01-05,
9607,M010453,2026-01-12,
9607,M010453,2026-01-19,
9607,M009072,2025-12-29,
9607,M009072,2026-01-05,
9607,M009072,2026-01-12,
9607,M009072,2026-01-19,
9607,M011232,2025-12-29,
9607,M011232,2026-01-05,
9607,M011232,2026-01-12,
9607,M011232,2026-01-19,
9607,M009651,2025-12-29,
9607,M009651,2026-01-05,
9607,M009651,2026-01-12,
9607,M009651,2026-01-19,
9607,M013220,2025-12-29,
9607,M013220,2026-01-05,
9607,M013220,2026-01-12,
9607,M013220,2026-01-19,
9607,M010532,2025-12-29,
9607,M010532,2026-01-05,
9607,M010532,2026-01-12,
9607,M010532,2026-01-19,
9607,M013459,2025-12-29,
9607,M013459,2026-01-05,
9607,M013459,2026-01-12,
9607,M013459,2026-01-19,
9607,M010771,2025-12-29,
9607,M010771,2026-01-05,
9607,M010771,2026-01-12,
9607,M010771,2026-01-19,
9607,M012860,2025-12-29,
9607,M012860,2026-01-05,
9607,M012860,2026-01-12,
9607,M012860,2026-01-19,
9607,M011339,2025-12-29,
9607,M011339,2026-01-05,
9607,M011339,2026-01-12,
9607,M011339,2026-01-19,
9607,M010200,2025-12-29,
9607,M010200,2026-01-05,
9607,M010200,2026-01-12,
9607,M010200,2026-01-19,
9607,M010132,2025-12-29,
9607,M010132,2026-01-05,
9607,M010132,2026-01-12,
9607,M010132,2026-01-19,
9607,M010868,2025-12-29,
9607,M010868,2026-01-05,
9607,M010868,2026-01-12,
9607,M010868,2026-01-19,
9607,M016641,2025-12-29,
9607,M016641,2026-01-05,
9607,M016641,2026-01-12,
9607,M016641,2026-01-19,
9607,M009630,2025-12-29,
9607,M009630,2026-01-05,
9607,M009630,2026-01-12,
9607,M009630,2026-01-19,
9607,M014013,2025-12-29,
9607,M014013,2026-01-05,
9607,M014013,2026-01-12,
9607,M014013,2026-01-19,
9607,M012665,2025-12-29,
9607,M012665,2026-01-05,
9607,M012665,2026-01-12,
9607,M012665,2026-01-19,
9683,M010132,2025-12-29,
9683,M010132,2026-01-05,
9683,M010132,2026-01-12,
9683,M010132,2026-01-19,
9683,M011339,2025-12-29,
9683,M011339,2026-01-05,
9683,M011339,2026-01-12,
9683,M011339,2026-01-19,
9683,M009648,2025-12-29,
9683,M009648,2026-01-05,
9683,M009648,2026-01-12,
9683,M009648,2026-01-19,
9683,M012860,2025-12-29,
9683,M012860,2026-01-05,
9683,M012860,2026-01-12,
9683,M012860,2026-01-19,
9683,M010532,2025-12-29,
9683,M010532,2026-01-05,
9683,M010532,2026-01-12,
9683,M010532,2026-01-19,
9683,M014771,2025-12-29,
9683,M014771,2026-01-05,
9683,M014771,2026-01-12,
9683,M014771,2026-01-19,
4033,M016641,2025-12-29,
4033,M016641,2026-01-05,
4033,M016641,2026-01-12,
4033,M016641,2026-01-19,
4033,M013086,2025-12-29,
4033,M013086,2026-01-05,
4033,M013086,2026-01-12,
4033,M013086,2026-01-19,
4033,M013294,2025-12-29,
4033,M013294,2026-01-05,
4033,M013294,2026-01-12,
4033,M013294,2026-01-19,
4033,M009594,2025-12-29,
4033,M009594,2026-01-05,
4033,M009594,2026-01-12,
4033,M009594,2026-01-19,
4033,M010132,2025-12-29,
4033,M010132,2026-01-05,
4033,M010132,2026-01-12,
4033,M010132,2026-01-19,
4033,M014771,2025-12-29,
4033,M014771,2026-01-05,
4033,M014771,2026-01-12,
4033,M014771,2026-01-19,
4033,M010079,2025-12-29,
4033,M010079,2026-01-05,
4033,M010079,2026-01-12,
4033,M010079,2026-01-19,
5887,M014771,2025-12-29,
5887,M014771,2026-01-05,
5887,M014771,2026-01-12,
5887,M014771,2026-01-19,
5887,M010788,2025-12-29,
5887,M010788,2026-01-05,
5887,M010788,2026-01-12,
5887,M010788,2026-01-19,
5887,M010082,2025-12-29,
5887,M010082,2026-01-05,
5887,M010082,2026-01-12,
5887,M010082,2026-01-19,
5887,M012115,2025-12-29,
5887,M012115,2026-01-05,
5887,M012115,2026-01-12,
5887,M012115,2026-01-19,
5887,M009594,2025-12-29,
5887,M009594,2026-01-05,
5887,M009594,2026-01-12,
5887,M009594,2026-01-19,
5887,M012860,2025-12-29,
5887,M012860,2026-01-05,
5887,M012860,2026-01-12,
5887,M012860,2026-01-19,
5887,M009284,2025-12-29,
5887,M009284,2026-01-05,
5887,M009284,2026-01-12,
5887,M009284,2026-01-19,
5887,M013294,2025-12-29,
5887,M013294,2026-01-05,
5887,M013294,2026-01-12,
5887,M013294,2026-01-19,
5887,M010532,2025-12-29,
5887,M010532,2026-01-05,
5887,M010532,2026-01-12,
5887,M010532,2026-01-19,
5887,M009542,2025-12-29,
5887,M009542,2026-01-05,
5887,M009542,2026-01-12,
5887,M009542,2026-01-19,
5887,M011086,2025-12-29,
5887,M011086,2026-01-05,
5887,M011086,2026-01-12,
5887,M011086,2026-01-19,
5887,M010200,2025-12-29,
5887,M010200,2026-01-05,
5887,M010200,2026-01-12,
5887,M010200,2026-01-19,
5887,M010676,2025-12-29,
5887,M010676,2026-01-05,
5887,M010676,2026-01-12,
5887,M010676,2026-01-19,
5887,M009970,2025-12-29,
5887,M009970,2026-01-05,
5887,M009970,2026-01-12,
5887,M009970,2026-01-19,
5887,M014013,2025-12-29,
5887,M014013,2026-01-05,
5887,M014013,2026-01-12,
5887,M014013,2026-01-19,
6168,M009371,2025-12-29,
6168,M009371,2026-01-05,
6168,M009371,2026-01-12,
6168,M009371,2026-01-19,
6168,M009651,2025-12-29,
6168,M009651,2026-01-05,
6168,M009651,2026-01-12,
6168,M009651,2026-01-19,
6168,M013962,2025-12-29,
6168,M013962,2026-01-05,
6168,M013962,2026-01-12,
6168,M013962,2026-01-19,
6168,M010132,2025-12-29,
6168,M010132,2026-01-05,
6168,M010132,2026-01-12,
6168,M010132,2026-01-19,
6168,M016641,2025-12-29,
6168,M016641,2026-01-05,
6168,M016641,2026-01-12,
6168,M016641,2026-01-19,
6168,M010200,2025-12-29,
6168,M010200,2026-01-05,
6168,M010200,2026-01-12,
6168,M010200,2026-01-19,
6168,M010208,2025-12-29,
6168,M010208,2026-01-05,
6168,M010208,2026-01-12,
6168,M010208,2026-01-19,
6168,M010771,2025-12-29,
6168,M010771,2026-01-05,
6168,M010771,2026-01-12,
6168,M010771,2026-01-19,
6168,M010676,2025-12-29,
6168,M010676,2026-01-05,
6168,M010676,2026-01-12,
6168,M010676,2026-01-19,
6168,M013086,2025-12-29,
6168,M013086,2026-01-05,
6168,M013086,2026-01-12,
6168,M013086,2026-01-19,
6168,M010788,2025-12-29,
6168,M010788,2026-01-05,
6168,M010788,2026-01-12,
6168,M010788,2026-01-19,
6168,M016311,2025-12-29,
6168,M016311,2026-01-05,
6168,M016311,2026-01-12,
6168,M016311,2026-01-19,
6168,M012665,2025-12-29,
6168,M012665,2026-01-05,
6168,M012665,2026-01-12,
6168,M012665,2026-01-19,
6168,M009898,2025-12-29,
6168,M009898,2026-01-05,
6168,M009898,2026-01-12,
6168,M009898,2026-01-19,
6168,M009648,2025-12-29,
6168,M009648,2026-01-05,
6168,M009648,2026-01-12,
6168,M009648,2026-01-19,
6168,M009970,2025-12-29,
6168,M009970,2026-01-05,
6168,M009970,2026-01-12,
6168,M009970,2026-01-19,
6168,M010253,2025-12-29,
6168,M010253,2026-01-05,
6168,M010253,2026-01-12,
6168,M010253,2026-01-19,
6168,M010882,2025-12-29,
6168,M010882,2026-01-05,
6168,M010882,2026-01-12,
6168,M010882,2026-01-19,
6168,M010038,2025-12-29,
6168,M010038,2026-01-05,
6168,M010038,2026-01-12,
6168,M010038,2026-01-19,
6168,M009072,2025-12-29,
6168,M009072,2026-01-05,
6168,M009072,2026-01-12,
6168,M009072,2026-01-19,
6168,M009284,2025-12-29,
6168,M009284,2026-01-05,
6168,M009284,2026-01-12,
6168,M009284,2026-01-19,
6168,M010868,2025-12-29,
6168,M010868,2026-01-05,
6168,M010868,2026-01-12,
6168,M010868,2026-01-19,
6306,M009630,2025-12-29,
6306,M009630,2026-01-05,
6306,M009630,2026-01-12,
6306,M009630,2026-01-19,
6306,M010868,2025-12-29,
6306,M010868,2026-01-05,
6306,M010868,2026-01-12,
6306,M010868,2026-01-19,
6306,M012706,2025-12-29,
6306,M012706,2026-01-05,
6306,M012706,2026-01-12,
6306,M012706,2026-01-19,
6306,M009648,2025-12-29,
6306,M009648,2026-01-05,
6306,M009648,2026-01-12,
6306,M009648,2026-01-19,
6306,M010200,2025-12-29,
6306,M010200,2026-01-05,
6306,M010200,2026-01-12,
6306,M010200,2026-01-19,
6306,M010082,2025-12-29,
6306,M010082,2026-01-05,
6306,M010082,2026-01-12,
6306,M010082,2026-01-19,
6306,M010079,2025-12-29,
6306,M010079,2026-01-05,
6306,M010079,2026-01-12,
6306,M010079,2026-01-19,
6306,M010532,2025-12-29,
6306,M010532,2026-01-05,
6306,M010532,2026-01-12,
6306,M010532,2026-01-19,
6306,M010453,2025-12-29,
6306,M010453,2026-01-05,
6306,M010453,2026-01-12,
6306,M010453,2026-01-19,
6306,M013459,2025-12-29,
6306,M013459,2026-01-05,
6306,M013459,2026-01-12,
6306,M013459,2026-01-19,
6306,M010038,2025-12-29,
6306,M010038,2026-01-05,
6306,M010038,2026-01-12,
6306,M010038,2026-01-19,
6306,M013294,2025-12-29,
6306,M013294,2026-01-05,
6306,M013294,2026-01-12,
6306,M013294,2026-01-19,
6306,M009651,2025-12-29,
6306,M009651,2026-01-05,
6306,M009651,2026-01-12,
6306,M009651,2026-01-19,
6306,M009364,2025-12-29,
6306,M009364,2026-01-05,
6306,M009364,2026-01-12,
6306,M009364,2026-01-19,
6637,M010038,2025-12-29,
6637,M010038,2026-01-05,
6637,M010038,2026-01-12,
6637,M010038,2026-01-19,
6637,M009542,2025-12-29,
6637,M009542,2026-01-05,
6637,M009542,2026-01-12,
6637,M009542,2026-01-19,
6637,M010184,2025-12-29,
6637,M010184,2026-01-05,
6637,M010184,2026-01-12,
6637,M010184,2026-01-19,
6637,M010253,2025-12-29,
6637,M010253,2026-01-05,
6637,M010253,2026-01-12,
6637,M010253,2026-01-19,
6637,M010771,2025-12-29,
6637,M010771,2026-01-05,
6637,M010771,2026-01-12,
6637,M010771,2026-01-19,
6637,M009630,2025-12-29,
6637,M009630,2026-01-05,
6637,M009630,2026-01-12,
6637,M009630,2026-01-19,
6637,M013086,2025-12-29,
6637,M013086,2026-01-05,
6637,M013086,2026-01-12,
6637,M013086,2026-01-19,
6637,M012860,2025-12-29,
6637,M012860,2026-01-05,
6637,M012860,2026-01-12,
6637,M012860,2026-01-19,
6637,M010788,2025-12-29,
6637,M010788,2026-01-05,
6637,M010788,2026-01-12,
6637,M010788,2026-01-19,
6637,M010676,2025-12-29,
6637,M010676,2026-01-05,
6637,M010676,2026-01-12,
6637,M010676,2026-01-19,
6637,M009648,2025-12-29,
6637,M009648,2026-01-05,
6637,M009648,2026-01-12,
6637,M009648,2026-01-19,
6637,M010132,2025-12-29,
6637,M010132,2026-01-05,
6637,M010132,2026-01-12,
6637,M010132,2026-01-19,
7627,M010038,2025-12-29,
7627,M010038,2026-01-05,
7627,M010038,2026-01-12,
7627,M010038,2026-01-19,
7627,M010532,2025-12-29,
7627,M010532,2026-01-05,
7627,M010532,2026-01-12,
7627,M010532,2026-01-19,
7627,M009970,2025-12-29,
7627,M009970,2026-01-05,
7627,M009970,2026-01-12,
7627,M009970,2026-01-19,
7627,M013220,2025-12-29,
7627,M013220,2026-01-05,
7627,M013220,2026-01-12,
7627,M013220,2026-01-19,
7627,M009072,2025-12-29,
7627,M009072,2026-01-05,
7627,M009072,2026-01-12,
7627,M009072,2026-01-19,
7627,M009284,2025-12-29,
7627,M009284,2026-01-05,
7627,M009284,2026-01-12,
7627,M009284,2026-01-19,
7627,M010079,2025-12-29,
7627,M010079,2026-01-05,
7627,M010079,2026-01-12,
7627,M010079,2026-01-19,
8060,M009542,2025-12-29,
8060,M009542,2026-01-05,
8060,M009542,2026-01-12,
8060,M009542,2026-01-19,
8060,M012706,2025-12-29,
8060,M012706,2026-01-05,
8060,M012706,2026-01-12,
8060,M012706,2026-01-19,
8060,M010253,2025-12-29,
8060,M010253,2026-01-05,
8060,M010253,2026-01-12,
8060,M010253,2026-01-19,
8060,M013962,2025-12-29,
8060,M013962,2026-01-05,
8060,M013962,2026-01-12,
8060,M013962,2026-01-19,
8060,M010208,2025-12-29,
8060,M010208,2026-01-05,
8060,M010208,2026-01-12,
8060,M010208,2026-01-19,
8060,M010771,2025-12-29,
8060,M010771,2026-01-05,
8060,M010771,2026-01-12,
8060,M010771,2026-01-19,
8060,M009072,2025-12-29,
8060,M009072,2026-01-05,
8060,M009072,2026-01-12,
8060,M009072,2026-01-19,
8060,M010132,2025-12-29,
8060,M010132,2026-01-05,
8060,M010132,2026-01-12,
8060,M010132,2026-01-19,
8060,M013294,2025-12-29,
8060,M013294,2026-01-05,
8060,M013294,2026-01-12,
8060,M013294,2026-01-19,
8060,M013086,2025-12-29,
8060,M013086,2026-01-05,
8060,M013086,2026-01-12,
8060,M013086,2026-01-19,
8060,M009050,2025-12-29,
8060,M009050,2026-01-05,
8060,M009050,2026-01-12,
8060,M009050,2026-01-19,
8060,M009594,2025-12-29,
8060,M009594,2026-01-05,
8060,M009594,2026-01-12,
8060,M009594,2026-01-19,
8060,M009970,2025-12-29,
8060,M009970,2026-01-05,
8060,M009970,2026-01-12,
8060,M009970,2026-01-19,
8060,M013477,2025-12-29,
8060,M013477,2026-01-05,
8060,M013477,2026-01-12,
8060,M013477,2026-01-19,
8060,M010453,2025-12-29,
8060,M010453,2026-01-05,
8060,M010453,2026-01-12,
8060,M010453,2026-01-19,
12562,M010200,2025-12-29,
12562,M010200,2026-01-05,
12562,M010200,2026-01-12,
12562,M010200,2026-01-19,
12562,M010082,2025-12-29,
12562,M010082,2026-01-05,
12562,M010082,2026-01-12,
12562,M010082,2026-01-19,
12562,M013294,2025-12-29,
12562,M013294,2026-01-05,
12562,M013294,2026-01-12,
12562,M013294,2026-01-19,
12562,M010532,2025-12-29,
12562,M010532,2026-01-05,
12562,M010532,2026-01-12,
12562,M010532,2026-01-19,
12562,M012706,2025-12-29,
12562,M012706,2026-01-05,
12562,M012706,2026-01-12,
12562,M012706,2026-01-19,
12562,M010862,2025-12-29,
12562,M010862,2026-01-05,
12562,M010862,2026-01-12,
12562,M010862,2026-01-19,
12562,M010079,2025-12-29,
12562,M010079,2026-01-05,
12562,M010079,2026-01-12,
12562,M010079,2026-01-19,
3524,M010676,2025-12-29,
3524,M010676,2026-01-05,
3524,M010676,2026-01-12,
3524,M010676,2026-01-19,
3524,M010038,2025-12-29,
3524,M010038,2026-01-05,
3524,M010038,2026-01-12,
3524,M010038,2026-01-19,
3524,M012706,2025-12-29,
3524,M012706,2026-01-05,
3524,M012706,2026-01-12,
3524,M012706,2026-01-19,
3524,M010788,2025-12-29,
3524,M010788,2026-01-05,
3524,M010788,2026-01-12,
3524,M010788,2026-01-19,
3524,M013086,2025-12-29,
3524,M013086,2026-01-05,
3524,M013086,2026-01-12,
3524,M013086,2026-01-19,
3524,M009970,2025-12-29,
3524,M009970,2026-01-05,
3524,M009970,2026-01-12,
3524,M009970,2026-01-19,
3524,M010868,2025-12-29,
3524,M010868,2026-01-05,
3524,M010868,2026-01-12,
3524,M010868,2026-01-19,
3524,M010184,2025-12-29,
3524,M010184,2026-01-05,
3524,M010184,2026-01-12,
3524,M010184,2026-01-19,
3524,M009364,2025-12-29,
3524,M009364,2026-01-05,
3524,M009364,2026-01-12,
3524,M009364,2026-01-19,
3524,M014013,2025-12-29,
3524,M014013,2026-01-05,
3524,M014013,2026-01-12,
3524,M014013,2026-01-19,
3524,M012860,2025-12-29,
3524,M012860,2026-01-05,
3524,M012860,2026-01-12,
3524,M012860,2026-01-19,
3524,M013477,2025-12-29,
3524,M013477,2026-01-05,
3524,M013477,2026-01-12,
3524,M013477,2026-01-19,
3524,M012115,2025-12-29,
3524,M012115,2026-01-05,
3524,M012115,2026-01-12,
3524,M012115,2026-01-19,
3524,M016641,2025-12-29,
3524,M016641,2026-01-05,
3524,M016641,2026-01-12,
3524,M016641,2026-01-19,
3524,M011339,2025-12-29,
3524,M011339,2026-01-05,
3524,M011339,2026-01-12,
3524,M011339,2026-01-19,
3524,M009050,2025-12-29,
3524,M009050,2026-01-05,
3524,M009050,2026-01-12,
3524,M009050,2026-01-19,
3524,M013294,2025-12-29,
3524,M013294,2026-01-05,
3524,M013294,2026-01-12,
3524,M013294,2026-01-19,
3524,M011086,2025-12-29,
3524,M011086,2026-01-05,
3524,M011086,2026-01-12,
3524,M011086,2026-01-19,
3775,M009050,2025-12-29,
3775,M009050,2026-01-05,
3775,M009050,2026-01-12,
3775,M009050,2026-01-19,
3775,M014013,2025-12-29,
3775,M014013,2026-01-05,
3775,M014013,2026-01-12,
3775,M014013,2026-01-19,
3775,M010208,2025-12-29,
3775,M010208,2026-01-05,
3775,M010208,2026-01-12,
3775,M010208,2026-01-19,
3775,M010532,2025-12-29,
3775,M010532,2026-01-05,
3775,M010532,2026-01-12,
3775,M010532,2026-01-19,
3775,M009072,2025-12-29,
3775,M009072,2026-01-05,
3775,M009072,2026-01-12,
3775,M009072,2026-01-19,
3775,M010771,2025-12-29,
3775,M010771,2026-01-05,
3775,M010771,2026-01-12,
3775,M010771,2026-01-19,
3775,M013477,2025-12-29,
3775,M013477,2026-01-05,
3775,M013477,2026-01-12,
3775,M013477,2026-01-19,
4692,M016641,2025-12-29,
4692,M016641,2026-01-05,
4692,M016641,2026-01-12,
4692,M016641,2026-01-19,
4692,M011086,2025-12-29,
4692,M011086,2026-01-05,
4692,M011086,2026-01-12,
4692,M011086,2026-01-19,
4692,M010788,2025-12-29,
4692,M010788,2026-01-05,
4692,M010788,2026-01-12,
4692,M010788,2026-01-19,
4692,M014013,2025-12-29,
4692,M014013,2026-01-05,
4692,M014013,2026-01-12,
4692,M014013,2026-01-19,
4692,M009651,2025-12-29,
4692,M009651,2026-01-05,
4692,M009651,2026-01-12,
4692,M009651,2026-01-19,
4692,M009970,2025-12-29,
4692,M009970,2026-01-05,
4692,M009970,2026-01-12,
4692,M009970,2026-01-19,
4692,M009594,2025-12-29,
4692,M009594,2026-01-05,
4692,M009594,2026-01-12,
4692,M009594,2026-01-19,
4692,M010079,2025-12-29,
4692,M010079,2026-01-05,
4692,M010079,2026-01-12,
4692,M010079,2026-01-19,
4692,M010453,2025-12-29,
4692,M010453,2026-01-05,
4692,M010453,2026-01-12,
4692,M010453,2026-01-19,
4692,M010038,2025-12-29,
4692,M010038,2026-01-05,
4692,M010038,2026-01-12,
4692,M010038,2026-01-19,
4692,M013962,2025-12-29,
4692,M013962,2026-01-05,
4692,M013962,2026-01-12,
4692,M013962,2026-01-19,
4692,M010184,2025-12-29,
4692,M010184,2026-01-05,
4692,M010184,2026-01-12,
4692,M010184,2026-01-19,
4692,M012706,2025-12-29,
4692,M012706,2026-01-05,
4692,M012706,2026-01-12,
4692,M012706,2026-01-19,
4692,M010868,2025-12-29,
4692,M010868,2026-01-05,
4692,M010868,2026-01-12,
4692,M010868,2026-01-19,
6592,M010208,2025-12-29,
6592,M010208,2026-01-05,
6592,M010208,2026-01-12,
6592,M010208,2026-01-19,
6592,M010868,2025-12-29,
6592,M010868,2026-01-05,
6592,M010868,2026-01-12,
6592,M010868,2026-01-19,
6592,M009898,2025-12-29,
6592,M009898,2026-01-05,
6592,M009898,2026-01-12,
6592,M009898,2026-01-19,
6592,M012860,2025-12-29,
6592,M012860,2026-01-05,
6592,M012860,2026-01-12,
6592,M012860,2026-01-19,
6592,M013220,2025-12-29,
6592,M013220,2026-01-05,
6592,M013220,2026-01-12,
6592,M013220,2026-01-19,
6592,M012665,2025-12-29,
6592,M012665,2026-01-05,
6592,M012665,2026-01-12,
6592,M012665,2026-01-19,
6592,M009594,2025-12-29,
6592,M009594,2026-01-05,
6592,M009594,2026-01-12,
6592,M009594,2026-01-19,
6592,M010184,2025-12-29,
6592,M010184,2026-01-05,
6592,M010184,2026-01-12,
6592,M010184,2026-01-19,
6592,M013294,2025-12-29,
6592,M013294,2026-01-05,
6592,M013294,2026-01-12,
6592,M013294,2026-01-19,
6592,M009648,2025-12-29,
6592,M009648,2026-01-05,
6592,M009648,2026-01-12,
6592,M009648,2026-01-19,
7547,M009364,2025-12-29,
7547,M009364,2026-01-05,
7547,M009364,2026-01-12,
7547,M009364,2026-01-19,
7547,M010253,2025-12-29,
7547,M010253,2026-01-05,
7547,M010253,2026-01-12,
7547,M010253,2026-01-19,
7547,M013962,2025-12-29,
7547,M013962,2026-01-05,
7547,M013962,2026-01-12,
7547,M013962,2026-01-19,
7547,M009284,2025-12-29,
7547,M009284,2026-01-05,
7547,M009284,2026-01-12,
7547,M009284,2026-01-19,
7547,M010532,2025-12-29,
7547,M010532,2026-01-05,
7547,M010532,2026-01-12,
7547,M010532,2026-01-19,
7547,M009630,2025-12-29,
7547,M009630,2026-01-05,
7547,M009630,2026-01-12,
7547,M009630,2026-01-19,
7547,M010208,2025-12-29,
7547,M010208,2026-01-05,
7547,M010208,2026-01-12,
7547,M010208,2026-01-19,
7547,M010862,2025-12-29,
7547,M010862,2026-01-05,
7547,M010862,2026-01-12,
7547,M010862,2026-01-19,
7547,M013477,2025-12-29,
7547,M013477,2026-01-05,
7547,M013477,2026-01-12,
7547,M013477,2026-01-19,
7547,M014013,2025-12-29,
7547,M014013,2026-01-05,
7547,M014013,2026-01-12,
7547,M014013,2026-01-19,
7547,M013086,2025-12-29,
7547,M013086,2026-01-05,
7547,M013086,2026-01-12,
7547,M013086,2026-01-19,
7547,M009072,2025-12-29,
7547,M009072,2026-01-05,
7547,M009072,2026-01-12,
7547,M009072,2026-01-19,
7547,M010868,2025-12-29,
7547,M010868,2026-01-05,
7547,M010868,2026-01-12,
7547,M010868,2026-01-19,
7547,M009970,2025-12-29,
7547,M009970,2026-01-05,
7547,M009970,2026-01-12,
7547,M009970,2026-01-19,
7547,M010038,2025-12-29,
7547,M010038,2026-01-05,
7547,M010038,2026-01-12,
7547,M010038,2026-01-19,
8419,M011086,2025-12-29,
8419,M011086,2026-01-05,
8419,M011086,2026-01-12,
8419,M011086,2026-01-19,
8419,M010453,2025-12-29,
8419,M010453,2026-01-05,
8419,M010453,2026-01-12,
8419,M010453,2026-01-19,
8419,M012115,2025-12-29,
8419,M012115,2026-01-05,
8419,M012115,2026-01-12,
8419,M012115,2026-01-19,
8419,M009898,2025-12-29,
8419,M009898,2026-01-05,
8419,M009898,2026-01-12,
8419,M009898,2026-01-19,
8419,M009542,2025-12-29,
8419,M009542,2026-01-05,
8419,M009542,2026-01-12,
8419,M009542,2026-01-19,
8419,M010771,2025-12-29,
8419,M010771,2026-01-05,
8419,M010771,2026-01-12,
8419,M010771,2026-01-19,
8945,M009050,2025-12-29,
8945,M009050,2026-01-05,
8945,M009050,2026-01-12,
8945,M009050,2026-01-19,
8945,M009898,2025-12-29,
8945,M009898,2026-01-05,
8945,M009898,2026-01-12,
8945,M009898,2026-01-19,
8945,M013086,2025-12-29,
8945,M013086,2026-01-05,
8945,M013086,2026-01-12,
8945,M013086,2026-01-19,
8945,M010771,2025-12-29,
8945,M010771,2026-01-05,
8945,M010771,2026-01-12,
8945,M010771,2026-01-19,
8945,M012860,2025-12-29,
8945,M012860,2026-01-05,
8945,M012860,2026-01-12,
8945,M012860,2026-01-19,
8945,M011086,2025-12-29,
8945,M011086,2026-01-05,
8945,M011086,2026-01-12,
8945,M011086,2026-01-19,
8945,M009594,2025-12-29,
8945,M009594,2026-01-05,
8945,M009594,2026-01-12,
8945,M009594,2026-01-19,
8945,M013459,2025-12-29,
8945,M013459,2026-01-05,
8945,M013459,2026-01-12,
8945,M013459,2026-01-19,
8945,M010253,2025-12-29,
8945,M010253,2026-01-05,
8945,M010253,2026-01-12,
8945,M010253,2026-01-19,
8945,M012115,2025-12-29,
8945,M012115,2026-01-05,
8945,M012115,2026-01-12,
8945,M012115,2026-01-19,
8945,M009651,2025-12-29,
8945,M009651,2026-01-05,
8945,M009651,2026-01-12,
8945,M009651,2026-01-19,
8945,M009072,2025-12-29,
8945,M009072,2026-01-05,
8945,M009072,2026-01-12,
8945,M009072,2026-01-19,
8945,M010184,2025-12-29,
8945,M010184,2026-01-05,
8945,M010184,2026-01-12,
8945,M010184,2026-01-19,
10970,M010208,2025-12-29,
10970,M010208,2026-01-05,
10970,M010208,2026-01-12,
10970,M010208,2026-01-19,
10970,M013294,2025-12-29,
10970,M013294,2026-01-05,
10970,M013294,2026-01-12,
10970,M013294,2026-01-19,
10970,M012706,2025-12-29,
10970,M012706,2026-01-05,
10970,M012706,2026-01-12,
10970,M012706,2026-01-19,
10970,M009072,2025-12-29,
10970,M009072,2026-01-05,
10970,M009072,2026-01-12,
10970,M009072,2026-01-19,
10970,M012665,2025-12-29,
10970,M012665,2026-01-05,
10970,M012665,2026-01-12,
10970,M012665,2026-01-19,
10970,M013962,2025-12-29,
10970,M013962,2026-01-05,
10970,M013962,2026-01-12,
10970,M013962,2026-01-19,
10970,M010184,2025-12-29,
10970,M010184,2026-01-05,
10970,M010184,2026-01-12,
10970,M010184,2026-01-19,
10970,M010200,2025-12-29,
10970,M010200,2026-01-05,
10970,M010200,2026-01-12,
10970,M010200,2026-01-19,
10970,M009648,2025-12-29,
10970,M009648,2026-01-05,
10970,M009648,2026-01-12,
10970,M009648,2026-01-19,
10970,M010676,2025-12-29,
10970,M010676,2026-01-05,
10970,M010676,2026-01-12,
10970,M010676,2026-01-19,
10970,M013477,2025-12-29,
10970,M013477,2026-01-05,
10970,M013477,2026-01-12,
10970,M013477,2026-01-19,
10970,M009284,2025-12-29,
10970,M009284,2026-01-05,
10970,M009284,2026-01-12,
10970,M009284,2026-01-19,
12609,M009050,2025-12-29,
12609,M009050,2026-01-05,
12609,M009050,2026-01-12,
12609,M009050,2026-01-19,
12609,M013086,2025-12-29,
12609,M013086,2026-01-05,
12609,M013086,2026-01-12,
12609,M013086,2026-01-19,
12609,M009630,2025-12-29,
12609,M009630,2026-01-05,
12609,M009630,2026-01-12,
12609,M009630,2026-01-19,
12609,M009284,2025-12-29,
12609,M009284,2026-01-05,
12609,M009284,2026-01-12,
12609,M009284,2026-01-19,
12609,M010868,2025-12-29,
12609,M010868,2026-01-05,
12609,M010868,2026-01-12,
12609,M010868,2026-01-19,
12609,M010862,2025-12-29,
12609,M010862,2026-01-05,
12609,M010862,2026-01-12,
12609,M010862,2026-01-19,
12609,M010253,2025-12-29,
12609,M010253,2026-01-05,
12609,M010253,2026-01-12,
12609,M010253,2026-01-19,
12609,M010132,2025-12-29,
12609,M010132,2026-01-05,
12609,M010132,2026-01-12,
12609,M010132,2026-01-19,
12609,M011339,2025-12-29,
12609,M011339,2026-01-05,
12609,M011339,2026-01-12,
12609,M011339,2026-01-19,
12609,M009542,2025-12-29,
12609,M009542,2026-01-05,
12609,M009542,2026-01-12,
12609,M009542,2026-01-19,
12609,M016641,2025-12-29,
12609,M016641,2026-01-05,
12609,M016641,2026-01-12,
12609,M016641,2026-01-19,
12609,M010038,2025-12-29,
12609,M010038,2026-01-05,
12609,M010038,2026-01-12,
12609,M010038,2026-01-19,
12609,M010532,2025-12-29,
12609,M010532,2026-01-05,
12609,M010532,2026-01-12,
12609,M010532,2026-01-19,
12609,M014771,2025-12-29,
12609,M014771,2026-01-05,
12609,M014771,2026-01-12,
12609,M014771,2026-01-19,
12609,M009648,2025-12-29,
12609,M009648,2026-01-05,
12609,M009648,2026-01-12,
12609,M009648,2026-01-19,
1594,M012706,2025-12-29,
1594,M012706,2026-01-05,
1594,M012706,2026-01-12,
1594,M012706,2026-01-19,
1594,M009594,2025-12-29,
1594,M009594,2026-01-05,
1594,M009594,2026-01-12,
1594,M009594,2026-01-19,
1594,M010079,2025-12-29,
1594,M010079,2026-01-05,
1594,M010079,2026-01-12,
1594,M010079,2026-01-19,
1594,M013086,2025-12-29,
1594,M013086,2026-01-05,
1594,M013086,2026-01-12,
1594,M013086,2026-01-19,
1594,M016641,2025-12-29,
1594,M016641,2026-01-05,
1594,M016641,2026-01-12,
1594,M016641,2026-01-19,
1594,M010453,2025-12-29,
1594,M010453,2026-01-05,
1594,M010453,2026-01-12,
1594,M010453,2026-01-19,
1594,M014013,2025-12-29,
1594,M014013,2026-01-05,
1594,M014013,2026-01-12,
1594,M014013,2026-01-19,
1594,M010184,2025-12-29,
1594,M010184,2026-01-05,
1594,M010184,2026-01-12,
1594,M010184,2026-01-19,
1594,M009284,2025-12-29,
1594,M009284,2026-01-05,
1594,M009284,2026-01-12,
1594,M009284,2026-01-19,
1594,M012115,2025-12-29,
1594,M012115,2026-01-05,
1594,M012115,2026-01-12,
1594,M012115,2026-01-19,
1594,M009651,2025-12-29,
1594,M009651,2026-01-05,
1594,M009651,2026-01-12,
1594,M009651,2026-01-19,
1594,M009648,2025-12-29,
1594,M009648,2026-01-05,
1594,M009648,2026-01-12,
1594,M009648,2026-01-19,
1594,M009542,2025-12-29,
1594,M009542,2026-01-05,
1594,M009542,2026-01-12,
1594,M009542,2026-01-19,
3884,M012115,2025-12-29,
3884,M012115,2026-01-05,
3884,M012115,2026-01-12,
3884,M012115,2026-01-19,
3884,M009898,2025-12-29,
3884,M009898,2026-01-05,
3884,M009898,2026-01-12,
3884,M009898,2026-01-19,
3884,M013962,2025-12-29,
3884,M013962,2026-01-05,
3884,M013962,2026-01-12,
3884,M013962,2026-01-19,
3884,M013086,2025-12-29,
3884,M013086,2026-01-05,
3884,M013086,2026-01-12,
3884,M013086,2026-01-19,
3884,M012860,2025-12-29,
3884,M012860,2026-01-05,
3884,M012860,2026-01-12,
3884,M012860,2026-01-19,
3884,M012706,2025-12-29,
3884,M012706,2026-01-05,
3884,M012706,2026-01-12,
3884,M012706,2026-01-19,
3884,M009970,2025-12-29,
3884,M009970,2026-01-05,
3884,M009970,2026-01-12,
3884,M009970,2026-01-19,
3884,M014013,2025-12-29,
3884,M014013,2026-01-05,
3884,M014013,2026-01-12,
3884,M014013,2026-01-19,
3884,M013477,2025-12-29,
3884,M013477,2026-01-05,
3884,M013477,2026-01-12,
3884,M013477,2026-01-19,
10596,M010038,2025-12-29,
10596,M010038,2026-01-05,
10596,M010038,2026-01-12,
10596,M010038,2026-01-19,
10596,M009970,2025-12-29,
10596,M009970,2026-01-05,
10596,M009970,2026-01-12,
10596,M009970,2026-01-19,
10596,M013459,2025-12-29,
10596,M013459,2026-01-05,
10596,M013459,2026-01-12,
10596,M013459,2026-01-19,
10596,M010676,2025-12-29,
10596,M010676,2026-01-05,
10596,M010676,2026-01-12,
10596,M010676,2026-01-19,
10596,M009651,2025-12-29,
10596,M009651,2026-01-05,
10596,M009651,2026-01-12,
10596,M009651,2026-01-19,
10596,M010788,2025-12-29,
10596,M010788,2026-01-05,
10596,M010788,2026-01-12,
10596,M010788,2026-01-19,
10596,M010771,2025-12-29,
10596,M010771,2026-01-05,
10596,M010771,2026-01-12,
10596,M010771,2026-01-19,
10596,M009284,2025-12-29,
10596,M009284,2026-01-05,
10596,M009284,2026-01-12,
10596,M009284,2026-01-19,
10596,M014771,2025-12-29,
10596,M014771,2026-01-05,
10596,M014771,2026-01-12,
10596,M014771,2026-01-19,
10596,M009542,2025-12-29,
10596,M009542,2026-01-05,
10596,M009542,2026-01-12,
10596,M009542,2026-01-19,
10596,M013220,2025-12-29,
10596,M013220,2026-01-05,
10596,M013220,2026-01-12,
10596,M013220,2026-01-19,
10596,M010208,2025-12-29,
10596,M010208,2026-01-05,
10596,M010208,2026-01-12,
10596,M010208,2026-01-19,
10596,M012665,2025-12-29,
10596,M012665,2026-01-05,
10596,M012665,2026-01-12,
10596,M012665,2026-01-19,
10596,M013477,2025-12-29,
10596,M013477,2026-01-05,
10596,M013477,2026-01-12,
10596,M013477,2026-01-19,
10596,M010253,2025-12-29,
10596,M010253,2026-01-05,
10596,M010253,2026-01-12,
10596,M010253,2026-01-19,
11475,M009651,2025-12-29,
11475,M009651,2026-01-05,
11475,M009651,2026-01-12,
11475,M009651,2026-01-19,
11475,M010771,2025-12-29,
11475,M010771,2026-01-05,
11475,M010771,2026-01-12,
11475,M010771,2026-01-19,
11475,M009594,2025-12-29,
11475,M009594,2026-01-05,
11475,M009594,2026-01-12,
11475,M009594,2026-01-19,
11475,M012706,2025-12-29,
11475,M012706,2026-01-05,
11475,M012706,2026-01-12,
11475,M012706,2026-01-19,
11475,M014013,2025-12-29,
11475,M014013,2026-01-05,
11475,M014013,2026-01-12,
11475,M014013,2026-01-19,
11475,M016641,2025-12-29,
11475,M016641,2026-01-05,
11475,M016641,2026-01-12,
11475,M016641,2026-01-19,
11475,M012860,2025-12-29,
11475,M012860,2026-01-05,
11475,M012860,2026-01-12,
11475,M012860,2026-01-19,
1493,M013477,2025-12-29,
1493,M013477,2026-01-05,
1493,M013477,2026-01-12,
1493,M013477,2026-01-19,
1493,M010253,2025-12-29,
1493,M010253,2026-01-05,
1493,M010253,2026-01-12,
1493,M010253,2026-01-19,
1493,M009594,2025-12-29,
1493,M009594,2026-01-05,
1493,M009594,2026-01-12,
1493,M009594,2026-01-19,
1493,M013459,2025-12-29,
1493,M013459,2026-01-05,
1493,M013459,2026-01-12,
1493,M013459,2026-01-19,
1493,M010204,2025-12-29,
1493,M010204,2026-01-05,
1493,M010204,2026-01-12,
1493,M010204,2026-01-19,
1493,M011339,2025-12-29,
1493,M011339,2026-01-05,
1493,M011339,2026-01-12,
1493,M011339,2026-01-19,
1493,M013086,2025-12-29,
1493,M013086,2026-01-05,
1493,M013086,2026-01-12,
1493,M013086,2026-01-19,
1493,M010453,2025-12-29,
1493,M010453,2026-01-05,
1493,M010453,2026-01-12,
1493,M010453,2026-01-19,
1493,M011086,2025-12-29,
1493,M011086,2026-01-05,
1493,M011086,2026-01-12,
1493,M011086,2026-01-19,
1493,M011075,2025-12-29,
1493,M011075,2026-01-05,
1493,M011075,2026-01-12,
1493,M011075,2026-01-19,
1493,M010184,2025-12-29,
1493,M010184,2026-01-05,
1493,M010184,2026-01-12,
1493,M010184,2026-01-19,
1493,M010532,2025-12-29,
1493,M010532,2026-01-05,
1493,M010532,2026-01-12,
1493,M010532,2026-01-19,
1493,M016350,2025-12-29,
1493,M016350,2026-01-05,
1493,M016350,2026-01-12,
1493,M016350,2026-01-19,
1493,M009648,2025-12-29,
1493,M009648,2026-01-05,
1493,M009648,2026-01-12,
1493,M009648,2026-01-19,
1493,M009630,2025-12-29,
1493,M009630,2026-01-05,
1493,M009630,2026-01-12,
1493,M009630,2026-01-19,
1493,M010868,2025-12-29,
1493,M010868,2026-01-05,
1493,M010868,2026-01-12,
1493,M010868,2026-01-19,
1493,M010208,2025-12-29,
1493,M010208,2026-01-05,
1493,M010208,2026-01-12,
1493,M010208,2026-01-19,
1493,M009072,2025-12-29,
1493,M009072,2026-01-05,
1493,M009072,2026-01-12,
1493,M009072,2026-01-19,
1493,M010771,2025-12-29,
1493,M010771,2026-01-05,
1493,M010771,2026-01-12,
1493,M010771,2026-01-19,
1647,M009050,2025-12-29,
1647,M009050,2026-01-05,
1647,M009050,2026-01-12,
1647,M009050,2026-01-19,
1647,M010184,2025-12-29,
1647,M010184,2026-01-05,
1647,M010184,2026-01-12,
1647,M010184,2026-01-19,
1647,M010862,2025-12-29,
1647,M010862,2026-01-05,
1647,M010862,2026-01-12,
1647,M010862,2026-01-19,
1647,M010082,2025-12-29,
1647,M010082,2026-01-05,
1647,M010082,2026-01-12,
1647,M010082,2026-01-19,
1647,M010204,2025-12-29,
1647,M010204,2026-01-05,
1647,M010204,2026-01-12,
1647,M010204,2026-01-19,
1647,M009518,2025-12-29,
1647,M009518,2026-01-05,
1647,M009518,2026-01-12,
1647,M009518,2026-01-19,
1647,M009284,2025-12-29,
1647,M009284,2026-01-05,
1647,M009284,2026-01-12,
1647,M009284,2026-01-19,
1647,M011232,2025-12-29,
1647,M011232,2026-01-05,
1647,M011232,2026-01-12,
1647,M011232,2026-01-19,
1647,M012706,2025-12-29,
1647,M012706,2026-01-05,
1647,M012706,2026-01-12,
1647,M012706,2026-01-19,
1647,M013086,2025-12-29,
1647,M013086,2026-01-05,
1647,M013086,2026-01-12,
1647,M013086,2026-01-19,
1647,M013220,2025-12-29,
1647,M013220,2026-01-05,
1647,M013220,2026-01-12,
1647,M013220,2026-01-19,
1647,M009651,2025-12-29,
1647,M009651,2026-01-05,
1647,M009651,2026-01-12,
1647,M009651,2026-01-19,
1647,M010038,2025-12-29,
1647,M010038,2026-01-05,
1647,M010038,2026-01-12,
1647,M010038,2026-01-19,
1647,M012665,2025-12-29,
1647,M012665,2026-01-05,
1647,M012665,2026-01-12,
1647,M012665,2026-01-19,
1647,M010788,2025-12-29,
1647,M010788,2026-01-05,
1647,M010788,2026-01-12,
1647,M010788,2026-01-19,
1647,M013459,2025-12-29,
1647,M013459,2026-01-05,
1647,M013459,2026-01-12,
1647,M013459,2026-01-19,
1730,M009050,2025-12-29,
1730,M009050,2026-01-05,
1730,M009050,2026-01-12,
1730,M009050,2026-01-19,
1730,M010208,2025-12-29,
1730,M010208,2026-01-05,
1730,M010208,2026-01-12,
1730,M010208,2026-01-19,
1730,M009898,2025-12-29,
1730,M009898,2026-01-05,
1730,M009898,2026-01-12,
1730,M009898,2026-01-19,
1730,M012860,2025-12-29,
1730,M012860,2026-01-05,
1730,M012860,2026-01-12,
1730,M012860,2026-01-19,
1730,M014013,2025-12-29,
1730,M014013,2026-01-05,
1730,M014013,2026-01-12,
1730,M014013,2026-01-19,
1730,M013220,2025-12-29,
1730,M013220,2026-01-05,
1730,M013220,2026-01-12,
1730,M013220,2026-01-19,
1730,M013962,2025-12-29,
1730,M013962,2026-01-05,
1730,M013962,2026-01-12,
1730,M013962,2026-01-19,
1730,M009518,2025-12-29,
1730,M009518,2026-01-05,
1730,M009518,2026-01-12,
1730,M009518,2026-01-19,
1730,M010788,2025-12-29,
1730,M010788,2026-01-05,
1730,M010788,2026-01-12,
1730,M010788,2026-01-19,
1730,M009648,2025-12-29,
1730,M009648,2026-01-05,
1730,M009648,2026-01-12,
1730,M009648,2026-01-19,
1730,M009651,2025-12-29,
1730,M009651,2026-01-05,
1730,M009651,2026-01-12,
1730,M009651,2026-01-19,
1730,M011075,2025-12-29,
1730,M011075,2026-01-05,
1730,M011075,2026-01-12,
1730,M011075,2026-01-19,
1730,M009970,2025-12-29,
1730,M009970,2026-01-05,
1730,M009970,2026-01-12,
1730,M009970,2026-01-19,
1730,M010038,2025-12-29,
1730,M010038,2026-01-05,
1730,M010038,2026-01-12,
1730,M010038,2026-01-19,
1730,M010676,2025-12-29,
1730,M010676,2026-01-05,
1730,M010676,2026-01-12,
1730,M010676,2026-01-19,
1871,M013220,2025-12-29,
1871,M013220,2026-01-05,
1871,M013220,2026-01-12,
1871,M013220,2026-01-19,
1871,M010882,2025-12-29,
1871,M010882,2026-01-05,
1871,M010882,2026-01-12,
1871,M010882,2026-01-19,
1871,M010253,2025-12-29,
1871,M010253,2026-01-05,
1871,M010253,2026-01-12,
1871,M010253,2026-01-19,
1871,M013294,2025-12-29,
1871,M013294,2026-01-05,
1871,M013294,2026-01-12,
1871,M013294,2026-01-19,
1871,M009970,2025-12-29,
1871,M009970,2026-01-05,
1871,M009970,2026-01-12,
1871,M009970,2026-01-19,
1871,M010200,2025-12-29,
1871,M010200,2026-01-05,
1871,M010200,2026-01-12,
1871,M010200,2026-01-19,
1871,M010862,2025-12-29,
1871,M010862,2026-01-05,
1871,M010862,2026-01-12,
1871,M010862,2026-01-19,
1871,M010676,2025-12-29,
1871,M010676,2026-01-05,
1871,M010676,2026-01-12,
1871,M010676,2026-01-19,
1871,M016350,2025-12-29,
1871,M016350,2026-01-05,
1871,M016350,2026-01-12,
1871,M016350,2026-01-19,
1871,M009518,2025-12-29,
1871,M009518,2026-01-05,
1871,M009518,2026-01-12,
1871,M009518,2026-01-19,
2149,M010253,2025-12-29,
2149,M010253,2026-01-05,
2149,M010253,2026-01-12,
2149,M010253,2026-01-19,
2149,M009284,2025-12-29,
2149,M009284,2026-01-05,
2149,M009284,2026-01-12,
2149,M009284,2026-01-19,
2149,M014013,2025-12-29,
2149,M014013,2026-01-05,
2149,M014013,2026-01-12,
2149,M014013,2026-01-19,
2149,M011232,2025-12-29,
2149,M011232,2026-01-05,
2149,M011232,2026-01-12,
2149,M011232,2026-01-19,
2149,M013459,2025-12-29,
2149,M013459,2026-01-05,
2149,M013459,2026-01-12,
2149,M013459,2026-01-19,
2149,M010204,2025-12-29,
2149,M010204,2026-01-05,
2149,M010204,2026-01-12,
2149,M010204,2026-01-19,
2149,M010075,2025-12-29,
2149,M010075,2026-01-05,
2149,M010075,2026-01-12,
2149,M010075,2026-01-19,
2149,M016641,2025-12-29,
2149,M016641,2026-01-05,
2149,M016641,2026-01-12,
2149,M016641,2026-01-19,
2318,M009648,2025-12-29,
2318,M009648,2026-01-05,
2318,M009648,2026-01-12,
2318,M009648,2026-01-19,
2318,M010079,2025-12-29,
2318,M010079,2026-01-05,
2318,M010079,2026-01-12,
2318,M010079,2026-01-19,
2318,M010253,2025-12-29,
2318,M010253,2026-01-05,
2318,M010253,2026-01-12,
2318,M010253,2026-01-19,
2318,M009518,2025-12-29,
2318,M009518,2026-01-05,
2318,M009518,2026-01-12,
2318,M009518,2026-01-19,
2318,M010200,2025-12-29,
2318,M010200,2026-01-05,
2318,M010200,2026-01-12,
2318,M010200,2026-01-19,
2318,M011232,2025-12-29,
2318,M011232,2026-01-05,
2318,M011232,2026-01-12,
2318,M011232,2026-01-19,
2318,M016311,2025-12-29,
2318,M016311,2026-01-05,
2318,M016311,2026-01-12,
2318,M016311,2026-01-19,
2318,M011339,2025-12-29,
2318,M011339,2026-01-05,
2318,M011339,2026-01-12,
2318,M011339,2026-01-19,
2318,M016350,2025-12-29,
2318,M016350,2026-01-05,
2318,M016350,2026-01-12,
2318,M016350,2026-01-19,
2318,M014771,2025-12-29,
2318,M014771,2026-01-05,
2318,M014771,2026-01-12,
2318,M014771,2026-01-19,
2318,M010038,2025-12-29,
2318,M010038,2026-01-05,
2318,M010038,2026-01-12,
2318,M010038,2026-01-19,
2318,M009594,2025-12-29,
2318,M009594,2026-01-05,
2318,M009594,2026-01-12,
2318,M009594,2026-01-19,
2318,M012665,2025-12-29,
2318,M012665,2026-01-05,
2318,M012665,2026-01-12,
2318,M012665,2026-01-19,
2444,M010868,2025-12-29,
2444,M010868,2026-01-05,
2444,M010868,2026-01-12,
2444,M010868,2026-01-19,
2444,M009050,2025-12-29,
2444,M009050,2026-01-05,
2444,M009050,2026-01-12,
2444,M009050,2026-01-19,
2444,M016641,2025-12-29,
2444,M016641,2026-01-05,
2444,M016641,2026-01-12,
2444,M016641,2026-01-19,
2444,M009651,2025-12-29,
2444,M009651,2026-01-05,
2444,M009651,2026-01-12,
2444,M009651,2026-01-19,
2444,M009364,2025-12-29,
2444,M009364,2026-01-05,
2444,M009364,2026-01-12,
2444,M009364,2026-01-19,
2444,M012860,2025-12-29,
2444,M012860,2026-01-05,
2444,M012860,2026-01-12,
2444,M012860,2026-01-19,
2444,M009072,2025-12-29,
2444,M009072,2026-01-05,
2444,M009072,2026-01-12,
2444,M009072,2026-01-19,
2444,M013962,2025-12-29,
2444,M013962,2026-01-05,
2444,M013962,2026-01-12,
2444,M013962,2026-01-19,
2444,M013459,2025-12-29,
2444,M013459,2026-01-05,
2444,M013459,2026-01-12,
2444,M013459,2026-01-19,
2444,M010253,2025-12-29,
2444,M010253,2026-01-05,
2444,M010253,2026-01-12,
2444,M010253,2026-01-19,
2444,M012115,2025-12-29,
2444,M012115,2026-01-05,
2444,M012115,2026-01-12,
2444,M012115,2026-01-19,
2444,M009284,2025-12-29,
2444,M009284,2026-01-05,
2444,M009284,2026-01-12,
2444,M009284,2026-01-19,
2444,M009898,2025-12-29,
2444,M009898,2026-01-05,
2444,M009898,2026-01-12,
2444,M009898,2026-01-19,
2444,M009594,2025-12-29,
2444,M009594,2026-01-05,
2444,M009594,2026-01-12,
2444,M009594,2026-01-19,
2444,M010038,2025-12-29,
2444,M010038,2026-01-05,
2444,M010038,2026-01-12,
2444,M010038,2026-01-19,
2444,M014771,2025-12-29,
2444,M014771,2026-01-05,
2444,M014771,2026-01-12,
2444,M014771,2026-01-19,
2444,M009630,2025-12-29,
2444,M009630,2026-01-05,
2444,M009630,2026-01-12,
2444,M009630,2026-01-19,
2514,M016311,2025-12-29,
2514,M016311,2026-01-05,
2514,M016311,2026-01-12,
2514,M016311,2026-01-19,
2514,M010676,2025-12-29,
2514,M010676,2026-01-05,
2514,M010676,2026-01-12,
2514,M010676,2026-01-19,
2514,M013294,2025-12-29,
2514,M013294,2026-01-05,
2514,M013294,2026-01-12,
2514,M013294,2026-01-19,
2514,M010079,2025-12-29,
2514,M010079,2026-01-05,
2514,M010079,2026-01-12,
2514,M010079,2026-01-19,
2514,M009364,2025-12-29,
2514,M009364,2026-01-05,
2514,M009364,2026-01-12,
2514,M009364,2026-01-19,
2514,M010453,2025-12-29,
2514,M010453,2026-01-05,
2514,M010453,2026-01-12,
2514,M010453,2026-01-19,
2514,M010253,2025-12-29,
2514,M010253,2026-01-05,
2514,M010253,2026-01-12,
2514,M010253,2026-01-19,
2514,M010882,2025-12-29,
2514,M010882,2026-01-05,
2514,M010882,2026-01-12,
2514,M010882,2026-01-19,
2514,M010132,2025-12-29,
2514,M010132,2026-01-05,
2514,M010132,2026-01-12,
2514,M010132,2026-01-19,
2514,M014013,2025-12-29,
2514,M014013,2026-01-05,
2514,M014013,2026-01-12,
2514,M014013,2026-01-19,
2542,M010132,2025-12-29,
2542,M010132,2026-01-05,
2542,M010132,2026-01-12,
2542,M010132,2026-01-19,
2542,M010082,2025-12-29,
2542,M010082,2026-01-05,
2542,M010082,2026-01-12,
2542,M010082,2026-01-19,
2542,M010868,2025-12-29,
2542,M010868,2026-01-05,
2542,M010868,2026-01-12,
2542,M010868,2026-01-19,
2542,M010676,2025-12-29,
2542,M010676,2026-01-05,
2542,M010676,2026-01-12,
2542,M010676,2026-01-19,
2542,M009651,2025-12-29,
2542,M009651,2026-01-05,
2542,M009651,2026-01-12,
2542,M009651,2026-01-19,
2542,M012665,2025-12-29,
2542,M012665,2026-01-05,
2542,M012665,2026-01-12,
2542,M012665,2026-01-19,
2542,M014013,2025-12-29,
2542,M014013,2026-01-05,
2542,M014013,2026-01-12,
2542,M014013,2026-01-19,
2542,M014771,2025-12-29,
2542,M014771,2026-01-05,
2542,M014771,2026-01-12,
2542,M014771,2026-01-19,
2542,M010184,2025-12-29,
2542,M010184,2026-01-05,
2542,M010184,2026-01-12,
2542,M010184,2026-01-19,
2542,M009594,2025-12-29,
2542,M009594,2026-01-05,
2542,M009594,2026-01-12,
2542,M009594,2026-01-19,
2542,M013086,2025-12-29,
2542,M013086,2026-01-05,
2542,M013086,2026-01-12,
2542,M013086,2026-01-19,
2542,M010079,2025-12-29,
2542,M010079,2026-01-05,
2542,M010079,2026-01-12,
2542,M010079,2026-01-19,
2542,M010253,2025-12-29,
2542,M010253,2026-01-05,
2542,M010253,2026-01-12,
2542,M010253,2026-01-19,
2542,M010204,2025-12-29,
2542,M010204,2026-01-05,
2542,M010204,2026-01-12,
2542,M010204,2026-01-19,
2542,M011232,2025-12-29,
2542,M011232,2026-01-05,
2542,M011232,2026-01-12,
2542,M011232,2026-01-19,
2542,M016350,2025-12-29,
2542,M016350,2026-01-05,
2542,M016350,2026-01-12,
2542,M016350,2026-01-19,
2542,M009970,2025-12-29,
2542,M009970,2026-01-05,
2542,M009970,2026-01-12,
2542,M009970,2026-01-19,
2618,M009651,2025-12-29,
2618,M009651,2026-01-05,
2618,M009651,2026-01-12,
2618,M009651,2026-01-19,
2618,M013294,2025-12-29,
2618,M013294,2026-01-05,
2618,M013294,2026-01-12,
2618,M013294,2026-01-19,
2618,M010208,2025-12-29,
2618,M010208,2026-01-05,
2618,M010208,2026-01-12,
2618,M010208,2026-01-19,
2618,M010453,2025-12-29,
2618,M010453,2026-01-05,
2618,M010453,2026-01-12,
2618,M010453,2026-01-19,
2618,M016641,2025-12-29,
2618,M016641,2026-01-05,
2618,M016641,2026-01-12,
2618,M016641,2026-01-19,
2618,M009542,2025-12-29,
2618,M009542,2026-01-05,
2618,M009542,2026-01-12,
2618,M009542,2026-01-19,
2618,M009594,2025-12-29,
2618,M009594,2026-01-05,
2618,M009594,2026-01-12,
2618,M009594,2026-01-19,
2618,M010079,2025-12-29,
2618,M010079,2026-01-05,
2618,M010079,2026-01-12,
2618,M010079,2026-01-19,
2618,M012665,2025-12-29,
2618,M012665,2026-01-05,
2618,M012665,2026-01-12,
2618,M012665,2026-01-19,
2618,M009364,2025-12-29,
2618,M009364,2026-01-05,
2618,M009364,2026-01-12,
2618,M009364,2026-01-19,
2618,M010676,2025-12-29,
2618,M010676,2026-01-05,
2618,M010676,2026-01-12,
2618,M010676,2026-01-19,
2618,M010075,2025-12-29,
2618,M010075,2026-01-05,
2618,M010075,2026-01-12,
2618,M010075,2026-01-19,
2618,M010862,2025-12-29,
2618,M010862,2026-01-05,
2618,M010862,2026-01-12,
2618,M010862,2026-01-19,
2618,M010771,2025-12-29,
2618,M010771,2026-01-05,
2618,M010771,2026-01-12,
2618,M010771,2026-01-19,
2618,M010882,2025-12-29,
2618,M010882,2026-01-05,
2618,M010882,2026-01-12,
2618,M010882,2026-01-19,
2618,M013086,2025-12-29,
2618,M013086,2026-01-05,
2618,M013086,2026-01-12,
2618,M013086,2026-01-19,
2618,M009648,2025-12-29,
2618,M009648,2026-01-05,
2618,M009648,2026-01-12,
2618,M009648,2026-01-19,
2656,M009284,2025-12-29,
2656,M009284,2026-01-05,
2656,M009284,2026-01-12,
2656,M009284,2026-01-19,
2656,M013294,2025-12-29,
2656,M013294,2026-01-05,
2656,M013294,2026-01-12,
2656,M013294,2026-01-19,
2656,M010079,2025-12-29,
2656,M010079,2026-01-05,
2656,M010079,2026-01-12,
2656,M010079,2026-01-19,
2656,M009518,2025-12-29,
2656,M009518,2026-01-05,
2656,M009518,2026-01-12,
2656,M009518,2026-01-19,
2656,M012860,2025-12-29,
2656,M012860,2026-01-05,
2656,M012860,2026-01-12,
2656,M012860,2026-01-19,
2656,M009072,2025-12-29,
2656,M009072,2026-01-05,
2656,M009072,2026-01-12,
2656,M009072,2026-01-19,
2656,M010204,2025-12-29,
2656,M010204,2026-01-05,
2656,M010204,2026-01-12,
2656,M010204,2026-01-19,
2656,M010862,2025-12-29,
2656,M010862,2026-01-05,
2656,M010862,2026-01-12,
2656,M010862,2026-01-19,
2656,M010075,2025-12-29,
2656,M010075,2026-01-05,
2656,M010075,2026-01-12,
2656,M010075,2026-01-19,
2656,M016641,2025-12-29,
2656,M016641,2026-01-05,
2656,M016641,2026-01-12,
2656,M016641,2026-01-19,
2656,M010208,2025-12-29,
2656,M010208,2026-01-05,
2656,M010208,2026-01-12,
2656,M010208,2026-01-19,
2656,M009594,2025-12-29,
2656,M009594,2026-01-05,
2656,M009594,2026-01-12,
2656,M009594,2026-01-19,
2656,M012706,2025-12-29,
2656,M012706,2026-01-05,
2656,M012706,2026-01-12,
2656,M012706,2026-01-19,
2656,M010253,2025-12-29,
2656,M010253,2026-01-05,
2656,M010253,2026-01-12,
2656,M010253,2026-01-19,
2656,M014771,2025-12-29,
2656,M014771,2026-01-05,
2656,M014771,2026-01-12,
2656,M014771,2026-01-19,
2692,M010882,2025-12-29,
2692,M010882,2026-01-05,
2692,M010882,2026-01-12,
2692,M010882,2026-01-19,
2692,M009364,2025-12-29,
2692,M009364,2026-01-05,
2692,M009364,2026-01-12,
2692,M009364,2026-01-19,
2692,M012665,2025-12-29,
2692,M012665,2026-01-05,
2692,M012665,2026-01-12,
2692,M012665,2026-01-19,
2692,M012115,2025-12-29,
2692,M012115,2026-01-05,
2692,M012115,2026-01-12,
2692,M012115,2026-01-19,
2692,M013086,2025-12-29,
2692,M013086,2026-01-05,
2692,M013086,2026-01-12,
2692,M013086,2026-01-19,
2692,M010868,2025-12-29,
2692,M010868,2026-01-05,
2692,M010868,2026-01-12,
2692,M010868,2026-01-19,
2692,M009970,2025-12-29,
2692,M009970,2026-01-05,
2692,M009970,2026-01-12,
2692,M009970,2026-01-19,
2692,M010204,2025-12-29,
2692,M010204,2026-01-05,
2692,M010204,2026-01-12,
2692,M010204,2026-01-19,
2692,M011339,2025-12-29,
2692,M011339,2026-01-05,
2692,M011339,2026-01-12,
2692,M011339,2026-01-19,
2692,M009284,2025-12-29,
2692,M009284,2026-01-05,
2692,M009284,2026-01-12,
2692,M009284,2026-01-19,
2692,M009072,2025-12-29,
2692,M009072,2026-01-05,
2692,M009072,2026-01-12,
2692,M009072,2026-01-19,
2692,M011086,2025-12-29,
2692,M011086,2026-01-05,
2692,M011086,2026-01-12,
2692,M011086,2026-01-19,
2692,M010079,2025-12-29,
2692,M010079,2026-01-05,
2692,M010079,2026-01-12,
2692,M010079,2026-01-19,
2692,M010532,2025-12-29,
2692,M010532,2026-01-05,
2692,M010532,2026-01-12,
2692,M010532,2026-01-19,
2692,M009648,2025-12-29,
2692,M009648,2026-01-05,
2692,M009648,2026-01-12,
2692,M009648,2026-01-19,
2692,M009518,2025-12-29,
2692,M009518,2026-01-05,
2692,M009518,2026-01-12,
2692,M009518,2026-01-19,
2692,M009630,2025-12-29,
2692,M009630,2026-01-05,
2692,M009630,2026-01-12,
2692,M009630,2026-01-19,
2692,M010771,2025-12-29,
2692,M010771,2026-01-05,
2692,M010771,2026-01-12,
2692,M010771,2026-01-19,
2755,M013294,2025-12-29,
2755,M013294,2026-01-05,
2755,M013294,2026-01-12,
2755,M013294,2026-01-19,
2755,M013477,2025-12-29,
2755,M013477,2026-01-05,
2755,M013477,2026-01-12,
2755,M013477,2026-01-19,
2755,M010788,2025-12-29,
2755,M010788,2026-01-05,
2755,M010788,2026-01-12,
2755,M010788,2026-01-19,
2755,M014771,2025-12-29,
2755,M014771,2026-01-05,
2755,M014771,2026-01-12,
2755,M014771,2026-01-19,
2755,M010075,2025-12-29,
2755,M010075,2026-01-05,
2755,M010075,2026-01-12,
2755,M010075,2026-01-19,
2755,M010082,2025-12-29,
2755,M010082,2026-01-05,
2755,M010082,2026-01-12,
2755,M010082,2026-01-19,
2755,M010184,2025-12-29,
2755,M010184,2026-01-05,
2755,M010184,2026-01-12,
2755,M010184,2026-01-19,
2755,M009630,2025-12-29,
2755,M009630,2026-01-05,
2755,M009630,2026-01-12,
2755,M009630,2026-01-19,
2755,M009898,2025-12-29,
2755,M009898,2026-01-05,
2755,M009898,2026-01-12,
2755,M009898,2026-01-19,
2755,M016311,2025-12-29,
2755,M016311,2026-01-05,
2755,M016311,2026-01-12,
2755,M016311,2026-01-19,
2812,M009050,2025-12-29,
2812,M009050,2026-01-05,
2812,M009050,2026-01-12,
2812,M009050,2026-01-19,
2812,M010676,2025-12-29,
2812,M010676,2026-01-05,
2812,M010676,2026-01-12,
2812,M010676,2026-01-19,
2812,M009594,2025-12-29,
2812,M009594,2026-01-05,
2812,M009594,2026-01-12,
2812,M009594,2026-01-19,
2812,M010862,2025-12-29,
2812,M010862,2026-01-05,
2812,M010862,2026-01-12,
2812,M010862,2026-01-19,
2812,M011339,2025-12-29,
2812,M011339,2026-01-05,
2812,M011339,2026-01-12,
2812,M011339,2026-01-19,
2812,M011075,2025-12-29,
2812,M011075,2026-01-05,
2812,M011075,2026-01-12,
2812,M011075,2026-01-19,
2812,M009542,2025-12-29,
2812,M009542,2026-01-05,
2812,M009542,2026-01-12,
2812,M009542,2026-01-19,
2812,M016350,2025-12-29,
2812,M016350,2026-01-05,
2812,M016350,2026-01-12,
2812,M016350,2026-01-19,
2812,M010132,2025-12-29,
2812,M010132,2026-01-05,
2812,M010132,2026-01-12,
2812,M010132,2026-01-19,
2812,M013962,2025-12-29,
2812,M013962,2026-01-05,
2812,M013962,2026-01-12,
2812,M013962,2026-01-19,
2850,M010132,2025-12-29,
2850,M010132,2026-01-05,
2850,M010132,2026-01-12,
2850,M010132,2026-01-19,
2850,M009630,2025-12-29,
2850,M009630,2026-01-05,
2850,M009630,2026-01-12,
2850,M009630,2026-01-19,
2850,M014771,2025-12-29,
2850,M014771,2026-01-05,
2850,M014771,2026-01-12,
2850,M014771,2026-01-19,
2850,M016350,2025-12-29,
2850,M016350,2026-01-05,
2850,M016350,2026-01-12,
2850,M016350,2026-01-19,
2850,M011339,2025-12-29,
2850,M011339,2026-01-05,
2850,M011339,2026-01-12,
2850,M011339,2026-01-19,
2850,M009518,2025-12-29,
2850,M009518,2026-01-05,
2850,M009518,2026-01-12,
2850,M009518,2026-01-19,
2850,M009651,2025-12-29,
2850,M009651,2026-01-05,
2850,M009651,2026-01-12,
2850,M009651,2026-01-19,
2850,M010676,2025-12-29,
2850,M010676,2026-01-05,
2850,M010676,2026-01-12,
2850,M010676,2026-01-19,
2850,M010079,2025-12-29,
2850,M010079,2026-01-05,
2850,M010079,2026-01-12,
2850,M010079,2026-01-19,
2850,M010532,2025-12-29,
2850,M010532,2026-01-05,
2850,M010532,2026-01-12,
2850,M010532,2026-01-19,
2850,M016311,2025-12-29,
2850,M016311,2026-01-05,
2850,M016311,2026-01-12,
2850,M016311,2026-01-19,
2850,M010208,2025-12-29,
2850,M010208,2026-01-05,
2850,M010208,2026-01-12,
2850,M010208,2026-01-19,
2850,M009594,2025-12-29,
2850,M009594,2026-01-05,
2850,M009594,2026-01-12,
2850,M009594,2026-01-19,
2850,M010253,2025-12-29,
2850,M010253,2026-01-05,
2850,M010253,2026-01-12,
2850,M010253,2026-01-19,
2850,M011075,2025-12-29,
2850,M011075,2026-01-05,
2850,M011075,2026-01-12,
2850,M011075,2026-01-19,
2850,M009050,2025-12-29,
2850,M009050,2026-01-05,
2850,M009050,2026-01-12,
2850,M009050,2026-01-19,
2850,M013086,2025-12-29,
2850,M013086,2026-01-05,
2850,M013086,2026-01-12,
2850,M013086,2026-01-19,
2850,M012860,2025-12-29,
2850,M012860,2026-01-05,
2850,M012860,2026-01-12,
2850,M012860,2026-01-19,
2864,M010082,2025-12-29,
2864,M010082,2026-01-05,
2864,M010082,2026-01-12,
2864,M010082,2026-01-19,
2864,M009651,2025-12-29,
2864,M009651,2026-01-05,
2864,M009651,2026-01-12,
2864,M009651,2026-01-19,
2864,M010132,2025-12-29,
2864,M010132,2026-01-05,
2864,M010132,2026-01-12,
2864,M010132,2026-01-19,
2864,M010208,2025-12-29,
2864,M010208,2026-01-05,
2864,M010208,2026-01-12,
2864,M010208,2026-01-19,
2864,M010075,2025-12-29,
2864,M010075,2026-01-05,
2864,M010075,2026-01-12,
2864,M010075,2026-01-19,
2864,M009970,2025-12-29,
2864,M009970,2026-01-05,
2864,M009970,2026-01-12,
2864,M009970,2026-01-19,
2864,M010868,2025-12-29,
2864,M010868,2026-01-05,
2864,M010868,2026-01-12,
2864,M010868,2026-01-19,
2864,M011339,2025-12-29,
2864,M011339,2026-01-05,
2864,M011339,2026-01-12,
2864,M011339,2026-01-19,
2864,M012115,2025-12-29,
2864,M012115,2026-01-05,
2864,M012115,2026-01-12,
2864,M012115,2026-01-19,
2864,M016641,2025-12-29,
2864,M016641,2026-01-05,
2864,M016641,2026-01-12,
2864,M016641,2026-01-19,
2864,M010253,2025-12-29,
2864,M010253,2026-01-05,
2864,M010253,2026-01-12,
2864,M010253,2026-01-19,
2864,M010532,2025-12-29,
2864,M010532,2026-01-05,
2864,M010532,2026-01-12,
2864,M010532,2026-01-19,
2864,M012860,2025-12-29,
2864,M012860,2026-01-05,
2864,M012860,2026-01-12,
2864,M012860,2026-01-19,
2895,M010038,2025-12-29,
2895,M010038,2026-01-05,
2895,M010038,2026-01-12,
2895,M010038,2026-01-19,
2895,M009651,2025-12-29,
2895,M009651,2026-01-05,
2895,M009651,2026-01-12,
2895,M009651,2026-01-19,
2895,M013477,2025-12-29,
2895,M013477,2026-01-05,
2895,M013477,2026-01-12,
2895,M013477,2026-01-19,
2895,M009050,2025-12-29,
2895,M009050,2026-01-05,
2895,M009050,2026-01-12,
2895,M009050,2026-01-19,
2895,M009594,2025-12-29,
2895,M009594,2026-01-05,
2895,M009594,2026-01-12,
2895,M009594,2026-01-19,
2895,M010184,2025-12-29,
2895,M010184,2026-01-05,
2895,M010184,2026-01-12,
2895,M010184,2026-01-19,
2895,M012706,2025-12-29,
2895,M012706,2026-01-05,
2895,M012706,2026-01-12,
2895,M012706,2026-01-19,
2895,M010208,2025-12-29,
2895,M010208,2026-01-05,
2895,M010208,2026-01-12,
2895,M010208,2026-01-19,
2895,M014771,2025-12-29,
2895,M014771,2026-01-05,
2895,M014771,2026-01-12,
2895,M014771,2026-01-19,
2895,M009364,2025-12-29,
2895,M009364,2026-01-05,
2895,M009364,2026-01-12,
2895,M009364,2026-01-19,
2895,M010132,2025-12-29,
2895,M010132,2026-01-05,
2895,M010132,2026-01-12,
2895,M010132,2026-01-19,
2895,M010204,2025-12-29,
2895,M010204,2026-01-05,
2895,M010204,2026-01-12,
2895,M010204,2026-01-19,
2895,M009970,2025-12-29,
2895,M009970,2026-01-05,
2895,M009970,2026-01-12,
2895,M009970,2026-01-19,
2895,M010862,2025-12-29,
2895,M010862,2026-01-05,
2895,M010862,2026-01-12,
2895,M010862,2026-01-19,
2895,M010200,2025-12-29,
2895,M010200,2026-01-05,
2895,M010200,2026-01-12,
2895,M010200,2026-01-19,
2945,M009970,2025-12-29,
2945,M009970,2026-01-05,
2945,M009970,2026-01-12,
2945,M009970,2026-01-19,
2945,M009364,2025-12-29,
2945,M009364,2026-01-05,
2945,M009364,2026-01-12,
2945,M009364,2026-01-19,
2945,M011232,2025-12-29,
2945,M011232,2026-01-05,
2945,M011232,2026-01-12,
2945,M011232,2026-01-19,
2945,M010075,2025-12-29,
2945,M010075,2026-01-05,
2945,M010075,2026-01-12,
2945,M010075,2026-01-19,
2945,M012860,2025-12-29,
2945,M012860,2026-01-05,
2945,M012860,2026-01-12,
2945,M012860,2026-01-19,
2945,M010208,2025-12-29,
2945,M010208,2026-01-05,
2945,M010208,2026-01-12,
2945,M010208,2026-01-19,
2945,M010862,2025-12-29,
2945,M010862,2026-01-05,
2945,M010862,2026-01-12,
2945,M010862,2026-01-19,
2945,M009630,2025-12-29,
2945,M009630,2026-01-05,
2945,M009630,2026-01-12,
2945,M009630,2026-01-19,
2945,M009371,2025-12-29,
2945,M009371,2026-01-05,
2945,M009371,2026-01-12,
2945,M009371,2026-01-19,
2945,M009050,2025-12-29,
2945,M009050,2026-01-05,
2945,M009050,2026-01-12,
2945,M009050,2026-01-19,
2945,M010082,2025-12-29,
2945,M010082,2026-01-05,
2945,M010082,2026-01-12,
2945,M010082,2026-01-19,
2945,M016350,2025-12-29,
2945,M016350,2026-01-05,
2945,M016350,2026-01-12,
2945,M016350,2026-01-19,
2945,M012115,2025-12-29,
2945,M012115,2026-01-05,
2945,M012115,2026-01-12,
2945,M012115,2026-01-19,
2945,M010253,2025-12-29,
2945,M010253,2026-01-05,
2945,M010253,2026-01-12,
2945,M010253,2026-01-19,
2945,M016641,2025-12-29,
2945,M016641,2026-01-05,
2945,M016641,2026-01-12,
2945,M016641,2026-01-19,
2945,M010868,2025-12-29,
2945,M010868,2026-01-05,
2945,M010868,2026-01-12,
2945,M010868,2026-01-19,
2945,M011339,2025-12-29,
2945,M011339,2026-01-05,
2945,M011339,2026-01-12,
2945,M011339,2026-01-19,
2945,M014771,2025-12-29,
2945,M014771,2026-01-05,
2945,M014771,2026-01-12,
2945,M014771,2026-01-19,
2945,M010204,2025-12-29,
2945,M010204,2026-01-05,
2945,M010204,2026-01-12,
2945,M010204,2026-01-19,
2945,M009542,2025-12-29,
2945,M009542,2026-01-05,
2945,M009542,2026-01-12,
2945,M009542,2026-01-19,
2945,M012706,2025-12-29,
2945,M012706,2026-01-05,
2945,M012706,2026-01-12,
2945,M012706,2026-01-19,
2945,M010184,2025-12-29,
2945,M010184,2026-01-05,
2945,M010184,2026-01-12,
2945,M010184,2026-01-19,
2945,M010882,2025-12-29,
2945,M010882,2026-01-05,
2945,M010882,2026-01-12,
2945,M010882,2026-01-19,
2945,M010200,2025-12-29,
2945,M010200,2026-01-05,
2945,M010200,2026-01-12,
2945,M010200,2026-01-19,
3059,M010882,2025-12-29,
3059,M010882,2026-01-05,
3059,M010882,2026-01-12,
3059,M010882,2026-01-19,
3059,M009364,2025-12-29,
3059,M009364,2026-01-05,
3059,M009364,2026-01-12,
3059,M009364,2026-01-19,
3059,M009970,2025-12-29,
3059,M009970,2026-01-05,
3059,M009970,2026-01-12,
3059,M009970,2026-01-19,
3059,M010868,2025-12-29,
3059,M010868,2026-01-05,
3059,M010868,2026-01-12,
3059,M010868,2026-01-19,
3059,M010204,2025-12-29,
3059,M010204,2026-01-05,
3059,M010204,2026-01-12,
3059,M010204,2026-01-19,
3059,M009594,2025-12-29,
3059,M009594,2026-01-05,
3059,M009594,2026-01-12,
3059,M009594,2026-01-19,
3059,M013962,2025-12-29,
3059,M013962,2026-01-05,
3059,M013962,2026-01-12,
3059,M013962,2026-01-19,
3059,M011075,2025-12-29,
3059,M011075,2026-01-05,
3059,M011075,2026-01-12,
3059,M011075,2026-01-19,
3059,M009518,2025-12-29,
3059,M009518,2026-01-05,
3059,M009518,2026-01-12,
3059,M009518,2026-01-19,
3059,M009284,2025-12-29,
3059,M009284,2026-01-05,
3059,M009284,2026-01-12,
3059,M009284,2026-01-19,
3059,M010082,2025-12-29,
3059,M010082,2026-01-05,
3059,M010082,2026-01-12,
3059,M010082,2026-01-19,
3059,M016350,2025-12-29,
3059,M016350,2026-01-05,
3059,M016350,2026-01-12,
3059,M016350,2026-01-19,
3059,M011086,2025-12-29,
3059,M011086,2026-01-05,
3059,M011086,2026-01-12,
3059,M011086,2026-01-19,
3059,M013459,2025-12-29,
3059,M013459,2026-01-05,
3059,M013459,2026-01-12,
3059,M013459,2026-01-19,
3059,M010676,2025-12-29,
3059,M010676,2026-01-05,
3059,M010676,2026-01-12,
3059,M010676,2026-01-19,
3059,M014013,2025-12-29,
3059,M014013,2026-01-05,
3059,M014013,2026-01-12,
3059,M014013,2026-01-19,
3059,M010532,2025-12-29,
3059,M010532,2026-01-05,
3059,M010532,2026-01-12,
3059,M010532,2026-01-19,
3059,M010132,2025-12-29,
3059,M010132,2026-01-05,
3059,M010132,2026-01-12,
3059,M010132,2026-01-19,
3059,M014771,2025-12-29,
3059,M014771,2026-01-05,
3059,M014771,2026-01-12,
3059,M014771,2026-01-19,
3179,M012115,2025-12-29,
3179,M012115,2026-01-05,
3179,M012115,2026-01-12,
3179,M012115,2026-01-19,
3179,M010208,2025-12-29,
3179,M010208,2026-01-05,
3179,M010208,2026-01-12,
3179,M010208,2026-01-19,
3179,M010204,2025-12-29,
3179,M010204,2026-01-05,
3179,M010204,2026-01-12,
3179,M010204,2026-01-19,
3179,M011232,2025-12-29,
3179,M011232,2026-01-05,
3179,M011232,2026-01-12,
3179,M011232,2026-01-19,
3179,M009594,2025-12-29,
3179,M009594,2026-01-05,
3179,M009594,2026-01-12,
3179,M009594,2026-01-19,
3179,M013294,2025-12-29,
3179,M013294,2026-01-05,
3179,M013294,2026-01-12,
3179,M013294,2026-01-19,
3179,M010788,2025-12-29,
3179,M010788,2026-01-05,
3179,M010788,2026-01-12,
3179,M010788,2026-01-19,
3179,M011339,2025-12-29,
3179,M011339,2026-01-05,
3179,M011339,2026-01-12,
3179,M011339,2026-01-19,
3179,M016350,2025-12-29,
3179,M016350,2026-01-05,
3179,M016350,2026-01-12,
3179,M016350,2026-01-19,
3179,M016641,2025-12-29,
3179,M016641,2026-01-05,
3179,M016641,2026-01-12,
3179,M016641,2026-01-19,
3179,M009050,2025-12-29,
3179,M009050,2026-01-05,
3179,M009050,2026-01-12,
3179,M009050,2026-01-19,
3179,M010200,2025-12-29,
3179,M010200,2026-01-05,
3179,M010200,2026-01-12,
3179,M010200,2026-01-19,
3179,M009542,2025-12-29,
3179,M009542,2026-01-05,
3179,M009542,2026-01-12,
3179,M009542,2026-01-19,
3179,M012665,2025-12-29,
3179,M012665,2026-01-05,
3179,M012665,2026-01-12,
3179,M012665,2026-01-19,
3179,M013086,2025-12-29,
3179,M013086,2026-01-05,
3179,M013086,2026-01-12,
3179,M013086,2026-01-19,
3179,M010453,2025-12-29,
3179,M010453,2026-01-05,
3179,M010453,2026-01-12,
3179,M010453,2026-01-19,
3179,M010082,2025-12-29,
3179,M010082,2026-01-05,
3179,M010082,2026-01-12,
3179,M010082,2026-01-19,
3186,M009542,2025-12-29,
3186,M009542,2026-01-05,
3186,M009542,2026-01-12,
3186,M009542,2026-01-19,
3186,M009594,2025-12-29,
3186,M009594,2026-01-05,
3186,M009594,2026-01-12,
3186,M009594,2026-01-19,
3186,M009072,2025-12-29,
3186,M009072,2026-01-05,
3186,M009072,2026-01-12,
3186,M009072,2026-01-19,
3186,M011075,2025-12-29,
3186,M011075,2026-01-05,
3186,M011075,2026-01-12,
3186,M011075,2026-01-19,
3186,M009364,2025-12-29,
3186,M009364,2026-01-05,
3186,M009364,2026-01-12,
3186,M009364,2026-01-19,
3186,M010862,2025-12-29,
3186,M010862,2026-01-05,
3186,M010862,2026-01-12,
3186,M010862,2026-01-19,
3186,M016641,2025-12-29,
3186,M016641,2026-01-05,
3186,M016641,2026-01-12,
3186,M016641,2026-01-19,
3186,M013962,2025-12-29,
3186,M013962,2026-01-05,
3186,M013962,2026-01-12,
3186,M013962,2026-01-19,
3186,M013086,2025-12-29,
3186,M013086,2026-01-05,
3186,M013086,2026-01-12,
3186,M013086,2026-01-19,
3279,M012665,2025-12-29,
3279,M012665,2026-01-05,
3279,M012665,2026-01-12,
3279,M012665,2026-01-19,
3279,M011232,2025-12-29,
3279,M011232,2026-01-05,
3279,M011232,2026-01-12,
3279,M011232,2026-01-19,
3279,M010868,2025-12-29,
3279,M010868,2026-01-05,
3279,M010868,2026-01-12,
3279,M010868,2026-01-19,
3279,M013220,2025-12-29,
3279,M013220,2026-01-05,
3279,M013220,2026-01-12,
3279,M013220,2026-01-19,
3279,M009364,2025-12-29,
3279,M009364,2026-01-05,
3279,M009364,2026-01-12,
3279,M009364,2026-01-19,
3279,M009898,2025-12-29,
3279,M009898,2026-01-05,
3279,M009898,2026-01-12,
3279,M009898,2026-01-19,
3279,M014771,2025-12-29,
3279,M014771,2026-01-05,
3279,M014771,2026-01-12,
3279,M014771,2026-01-19,
3279,M011086,2025-12-29,
3279,M011086,2026-01-05,
3279,M011086,2026-01-12,
3279,M011086,2026-01-19,
3279,M010075,2025-12-29,
3279,M010075,2026-01-05,
3279,M010075,2026-01-12,
3279,M010075,2026-01-19,
3279,M010079,2025-12-29,
3279,M010079,2026-01-05,
3279,M010079,2026-01-12,
3279,M010079,2026-01-19,
3279,M010038,2025-12-29,
3279,M010038,2026-01-05,
3279,M010038,2026-01-12,
3279,M010038,2026-01-19,
3279,M009072,2025-12-29,
3279,M009072,2026-01-05,
3279,M009072,2026-01-12,
3279,M009072,2026-01-19,
3279,M012115,2025-12-29,
3279,M012115,2026-01-05,
3279,M012115,2026-01-12,
3279,M012115,2026-01-19,
3279,M009651,2025-12-29,
3279,M009651,2026-01-05,
3279,M009651,2026-01-12,
3279,M009651,2026-01-19,
3279,M010453,2025-12-29,
3279,M010453,2026-01-05,
3279,M010453,2026-01-12,
3279,M010453,2026-01-19,
3279,M009371,2025-12-29,
3279,M009371,2026-01-05,
3279,M009371,2026-01-12,
3279,M009371,2026-01-19,
3389,M010082,2025-12-29,
3389,M010082,2026-01-05,
3389,M010082,2026-01-12,
3389,M010082,2026-01-19,
3389,M009594,2025-12-29,
3389,M009594,2026-01-05,
3389,M009594,2026-01-12,
3389,M009594,2026-01-19,
3389,M010882,2025-12-29,
3389,M010882,2026-01-05,
3389,M010882,2026-01-12,
3389,M010882,2026-01-19,
3389,M010038,2025-12-29,
3389,M010038,2026-01-05,
3389,M010038,2026-01-12,
3389,M010038,2026-01-19,
3389,M009651,2025-12-29,
3389,M009651,2026-01-05,
3389,M009651,2026-01-12,
3389,M009651,2026-01-19,
3389,M010184,2025-12-29,
3389,M010184,2026-01-05,
3389,M010184,2026-01-12,
3389,M010184,2026-01-19,
3389,M011232,2025-12-29,
3389,M011232,2026-01-05,
3389,M011232,2026-01-12,
3389,M011232,2026-01-19,
3389,M013962,2025-12-29,
3389,M013962,2026-01-05,
3389,M013962,2026-01-12,
3389,M013962,2026-01-19,
3389,M016311,2025-12-29,
3389,M016311,2026-01-05,
3389,M016311,2026-01-12,
3389,M016311,2026-01-19,
3389,M009970,2025-12-29,
3389,M009970,2026-01-05,
3389,M009970,2026-01-12,
3389,M009970,2026-01-19,
3389,M010788,2025-12-29,
3389,M010788,2026-01-05,
3389,M010788,2026-01-12,
3389,M010788,2026-01-19,
3389,M012115,2025-12-29,
3389,M012115,2026-01-05,
3389,M012115,2026-01-12,
3389,M012115,2026-01-19,
3389,M010075,2025-12-29,
3389,M010075,2026-01-05,
3389,M010075,2026-01-12,
3389,M010075,2026-01-19,
3389,M014771,2025-12-29,
3389,M014771,2026-01-05,
3389,M014771,2026-01-12,
3389,M014771,2026-01-19,
3389,M009284,2025-12-29,
3389,M009284,2026-01-05,
3389,M009284,2026-01-12,
3389,M009284,2026-01-19,
3389,M009050,2025-12-29,
3389,M009050,2026-01-05,
3389,M009050,2026-01-12,
3389,M009050,2026-01-19,
3491,M010038,2025-12-29,
3491,M010038,2026-01-05,
3491,M010038,2026-01-12,
3491,M010038,2026-01-19,
3491,M009284,2025-12-29,
3491,M009284,2026-01-05,
3491,M009284,2026-01-12,
3491,M009284,2026-01-19,
3491,M011075,2025-12-29,
3491,M011075,2026-01-05,
3491,M011075,2026-01-12,
3491,M011075,2026-01-19,
3491,M009518,2025-12-29,
3491,M009518,2026-01-05,
3491,M009518,2026-01-12,
3491,M009518,2026-01-19,
3491,M009364,2025-12-29,
3491,M009364,2026-01-05,
3491,M009364,2026-01-12,
3491,M009364,2026-01-19,
3491,M009371,2025-12-29,
3491,M009371,2026-01-05,
3491,M009371,2026-01-12,
3491,M009371,2026-01-19,
3491,M010676,2025-12-29,
3491,M010676,2026-01-05,
3491,M010676,2026-01-12,
3491,M010676,2026-01-19,
3491,M010453,2025-12-29,
3491,M010453,2026-01-05,
3491,M010453,2026-01-12,
3491,M010453,2026-01-19,
3491,M014771,2025-12-29,
3491,M014771,2026-01-05,
3491,M014771,2026-01-12,
3491,M014771,2026-01-19,
3491,M013086,2025-12-29,
3491,M013086,2026-01-05,
3491,M013086,2026-01-12,
3491,M013086,2026-01-19,
3491,M012860,2025-12-29,
3491,M012860,2026-01-05,
3491,M012860,2026-01-12,
3491,M012860,2026-01-19,
3491,M012706,2025-12-29,
3491,M012706,2026-01-05,
3491,M012706,2026-01-12,
3491,M012706,2026-01-19,
3491,M009898,2025-12-29,
3491,M009898,2026-01-05,
3491,M009898,2026-01-12,
3491,M009898,2026-01-19,
3491,M010200,2025-12-29,
3491,M010200,2026-01-05,
3491,M010200,2026-01-12,
3491,M010200,2026-01-19,
3491,M010204,2025-12-29,
3491,M010204,2026-01-05,
3491,M010204,2026-01-12,
3491,M010204,2026-01-19,
3491,M010253,2025-12-29,
3491,M010253,2026-01-05,
3491,M010253,2026-01-12,
3491,M010253,2026-01-19,
3491,M009630,2025-12-29,
3491,M009630,2026-01-05,
3491,M009630,2026-01-12,
3491,M009630,2026-01-19,
3491,M009970,2025-12-29,
3491,M009970,2026-01-05,
3491,M009970,2026-01-12,
3491,M009970,2026-01-19,
3848,M009072,2025-12-29,
3848,M009072,2026-01-05,
3848,M009072,2026-01-12,
3848,M009072,2026-01-19,
3848,M012665,2025-12-29,
3848,M012665,2026-01-05,
3848,M012665,2026-01-12,
3848,M012665,2026-01-19,
3848,M011075,2025-12-29,
3848,M011075,2026-01-05,
3848,M011075,2026-01-12,
3848,M011075,2026-01-19,
3848,M010132,2025-12-29,
3848,M010132,2026-01-05,
3848,M010132,2026-01-12,
3848,M010132,2026-01-19,
3848,M011232,2025-12-29,
3848,M011232,2026-01-05,
3848,M011232,2026-01-12,
3848,M011232,2026-01-19,
3848,M010208,2025-12-29,
3848,M010208,2026-01-05,
3848,M010208,2026-01-12,
3848,M010208,2026-01-19,
3848,M009050,2025-12-29,
3848,M009050,2026-01-05,
3848,M009050,2026-01-12,
3848,M009050,2026-01-19,
3848,M009648,2025-12-29,
3848,M009648,2026-01-05,
3848,M009648,2026-01-12,
3848,M009648,2026-01-19,
3848,M010882,2025-12-29,
3848,M010882,2026-01-05,
3848,M010882,2026-01-12,
3848,M010882,2026-01-19,
3848,M009371,2025-12-29,
3848,M009371,2026-01-05,
3848,M009371,2026-01-12,
3848,M009371,2026-01-19,
3848,M010453,2025-12-29,
3848,M010453,2026-01-05,
3848,M010453,2026-01-12,
3848,M010453,2026-01-19,
3883,M013294,2025-12-29,
3883,M013294,2026-01-05,
3883,M013294,2026-01-12,
3883,M013294,2026-01-19,
3883,M013962,2025-12-29,
3883,M013962,2026-01-05,
3883,M013962,2026-01-12,
3883,M013962,2026-01-19,
3883,M009518,2025-12-29,
3883,M009518,2026-01-05,
3883,M009518,2026-01-12,
3883,M009518,2026-01-19,
3883,M009284,2025-12-29,
3883,M009284,2026-01-05,
3883,M009284,2026-01-12,
3883,M009284,2026-01-19,
3883,M010862,2025-12-29,
3883,M010862,2026-01-05,
3883,M010862,2026-01-12,
3883,M010862,2026-01-19,
3883,M009072,2025-12-29,
3883,M009072,2026-01-05,
3883,M009072,2026-01-12,
3883,M009072,2026-01-19,
3883,M010132,2025-12-29,
3883,M010132,2026-01-05,
3883,M010132,2026-01-12,
3883,M010132,2026-01-19,
3883,M010453,2025-12-29,
3883,M010453,2026-01-05,
3883,M010453,2026-01-12,
3883,M010453,2026-01-19,
3883,M011075,2025-12-29,
3883,M011075,2026-01-05,
3883,M011075,2026-01-12,
3883,M011075,2026-01-19,
3883,M012665,2025-12-29,
3883,M012665,2026-01-05,
3883,M012665,2026-01-12,
3883,M012665,2026-01-19,
3883,M010204,2025-12-29,
3883,M010204,2026-01-05,
3883,M010204,2026-01-12,
3883,M010204,2026-01-19,
3883,M012115,2025-12-29,
3883,M012115,2026-01-05,
3883,M012115,2026-01-12,
3883,M012115,2026-01-19,
3883,M014771,2025-12-29,
3883,M014771,2026-01-05,
3883,M014771,2026-01-12,
3883,M014771,2026-01-19,
3883,M009630,2025-12-29,
3883,M009630,2026-01-05,
3883,M009630,2026-01-12,
3883,M009630,2026-01-19,
3883,M010771,2025-12-29,
3883,M010771,2026-01-05,
3883,M010771,2026-01-12,
3883,M010771,2026-01-19,
3883,M010075,2025-12-29,
3883,M010075,2026-01-05,
3883,M010075,2026-01-12,
3883,M010075,2026-01-19,
3883,M010208,2025-12-29,
3883,M010208,2026-01-05,
3883,M010208,2026-01-12,
3883,M010208,2026-01-19,
3883,M010532,2025-12-29,
3883,M010532,2026-01-05,
3883,M010532,2026-01-12,
3883,M010532,2026-01-19,
3883,M009594,2025-12-29,
3883,M009594,2026-01-05,
3883,M009594,2026-01-12,
3883,M009594,2026-01-19,
3945,M010676,2025-12-29,
3945,M010676,2026-01-05,
3945,M010676,2026-01-12,
3945,M010676,2026-01-19,
3945,M010208,2025-12-29,
3945,M010208,2026-01-05,
3945,M010208,2026-01-12,
3945,M010208,2026-01-19,
3945,M014771,2025-12-29,
3945,M014771,2026-01-05,
3945,M014771,2026-01-12,
3945,M014771,2026-01-19,
3945,M012665,2025-12-29,
3945,M012665,2026-01-05,
3945,M012665,2026-01-12,
3945,M012665,2026-01-19,
3945,M010453,2025-12-29,
3945,M010453,2026-01-05,
3945,M010453,2026-01-12,
3945,M010453,2026-01-19,
3945,M010079,2025-12-29,
3945,M010079,2026-01-05,
3945,M010079,2026-01-12,
3945,M010079,2026-01-19,
3945,M013477,2025-12-29,
3945,M013477,2026-01-05,
3945,M013477,2026-01-12,
3945,M013477,2026-01-19,
3945,M009542,2025-12-29,
3945,M009542,2026-01-05,
3945,M009542,2026-01-12,
3945,M009542,2026-01-19,
3945,M013459,2025-12-29,
3945,M013459,2026-01-05,
3945,M013459,2026-01-12,
3945,M013459,2026-01-19,
3945,M010532,2025-12-29,
3945,M010532,2026-01-05,
3945,M010532,2026-01-12,
3945,M010532,2026-01-19,
3945,M013962,2025-12-29,
3945,M013962,2026-01-05,
3945,M013962,2026-01-12,
3945,M013962,2026-01-19,
3945,M016311,2025-12-29,
3945,M016311,2026-01-05,
3945,M016311,2026-01-12,
3945,M016311,2026-01-19,
3945,M010788,2025-12-29,
3945,M010788,2026-01-05,
3945,M010788,2026-01-12,
3945,M010788,2026-01-19,
3945,M009630,2025-12-29,
3945,M009630,2026-01-05,
3945,M009630,2026-01-12,
3945,M009630,2026-01-19,
3945,M011339,2025-12-29,
3945,M011339,2026-01-05,
3945,M011339,2026-01-12,
3945,M011339,2026-01-19,
3945,M013086,2025-12-29,
3945,M013086,2026-01-05,
3945,M013086,2026-01-12,
3945,M013086,2026-01-19,
3945,M012706,2025-12-29,
3945,M012706,2026-01-05,
3945,M012706,2026-01-12,
3945,M012706,2026-01-19,
3996,M009898,2025-12-29,
3996,M009898,2026-01-05,
3996,M009898,2026-01-12,
3996,M009898,2026-01-19,
3996,M010204,2025-12-29,
3996,M010204,2026-01-05,
3996,M010204,2026-01-12,
3996,M010204,2026-01-19,
3996,M010868,2025-12-29,
3996,M010868,2026-01-05,
3996,M010868,2026-01-12,
3996,M010868,2026-01-19,
3996,M012665,2025-12-29,
3996,M012665,2026-01-05,
3996,M012665,2026-01-12,
3996,M012665,2026-01-19,
3996,M010082,2025-12-29,
3996,M010082,2026-01-05,
3996,M010082,2026-01-12,
3996,M010082,2026-01-19,
3996,M016641,2025-12-29,
3996,M016641,2026-01-05,
3996,M016641,2026-01-12,
3996,M016641,2026-01-19,
3996,M012860,2025-12-29,
3996,M012860,2026-01-05,
3996,M012860,2026-01-12,
3996,M012860,2026-01-19,
3996,M011232,2025-12-29,
3996,M011232,2026-01-05,
3996,M011232,2026-01-12,
3996,M011232,2026-01-19,
3996,M009648,2025-12-29,
3996,M009648,2026-01-05,
3996,M009648,2026-01-12,
3996,M009648,2026-01-19,
3996,M009284,2025-12-29,
3996,M009284,2026-01-05,
3996,M009284,2026-01-12,
3996,M009284,2026-01-19,
3996,M009651,2025-12-29,
3996,M009651,2026-01-05,
3996,M009651,2026-01-12,
3996,M009651,2026-01-19,
3996,M013962,2025-12-29,
3996,M013962,2026-01-05,
3996,M013962,2026-01-12,
3996,M013962,2026-01-19,
3996,M013294,2025-12-29,
3996,M013294,2026-01-05,
3996,M013294,2026-01-12,
3996,M013294,2026-01-19,
3996,M009630,2025-12-29,
3996,M009630,2026-01-05,
3996,M009630,2026-01-12,
3996,M009630,2026-01-19,
4010,M016641,2025-12-29,
4010,M016641,2026-01-05,
4010,M016641,2026-01-12,
4010,M016641,2026-01-19,
4010,M010200,2025-12-29,
4010,M010200,2026-01-05,
4010,M010200,2026-01-12,
4010,M010200,2026-01-19,
4010,M010253,2025-12-29,
4010,M010253,2026-01-05,
4010,M010253,2026-01-12,
4010,M010253,2026-01-19,
4010,M009651,2025-12-29,
4010,M009651,2026-01-05,
4010,M009651,2026-01-12,
4010,M009651,2026-01-19,
4010,M010771,2025-12-29,
4010,M010771,2026-01-05,
4010,M010771,2026-01-12,
4010,M010771,2026-01-19,
4010,M010082,2025-12-29,
4010,M010082,2026-01-05,
4010,M010082,2026-01-12,
4010,M010082,2026-01-19,
4010,M009542,2025-12-29,
4010,M009542,2026-01-05,
4010,M009542,2026-01-12,
4010,M009542,2026-01-19,
4010,M011339,2025-12-29,
4010,M011339,2026-01-05,
4010,M011339,2026-01-12,
4010,M011339,2026-01-19,
4010,M009371,2025-12-29,
4010,M009371,2026-01-05,
4010,M009371,2026-01-12,
4010,M009371,2026-01-19,
4010,M012115,2025-12-29,
4010,M012115,2026-01-05,
4010,M012115,2026-01-12,
4010,M012115,2026-01-19,
4010,M009050,2025-12-29,
4010,M009050,2026-01-05,
4010,M009050,2026-01-12,
4010,M009050,2026-01-19,
4174,M009371,2025-12-29,
4174,M009371,2026-01-05,
4174,M009371,2026-01-12,
4174,M009371,2026-01-19,
4174,M010038,2025-12-29,
4174,M010038,2026-01-05,
4174,M010038,2026-01-12,
4174,M010038,2026-01-19,
4174,M014771,2025-12-29,
4174,M014771,2026-01-05,
4174,M014771,2026-01-12,
4174,M014771,2026-01-19,
4174,M010208,2025-12-29,
4174,M010208,2026-01-05,
4174,M010208,2026-01-12,
4174,M010208,2026-01-19,
4174,M009651,2025-12-29,
4174,M009651,2026-01-05,
4174,M009651,2026-01-12,
4174,M009651,2026-01-19,
4174,M010132,2025-12-29,
4174,M010132,2026-01-05,
4174,M010132,2026-01-12,
4174,M010132,2026-01-19,
4174,M009518,2025-12-29,
4174,M009518,2026-01-05,
4174,M009518,2026-01-12,
4174,M009518,2026-01-19,
4174,M013294,2025-12-29,
4174,M013294,2026-01-05,
4174,M013294,2026-01-12,
4174,M013294,2026-01-19,
4174,M009970,2025-12-29,
4174,M009970,2026-01-05,
4174,M009970,2026-01-12,
4174,M009970,2026-01-19,
4174,M012665,2025-12-29,
4174,M012665,2026-01-05,
4174,M012665,2026-01-12,
4174,M012665,2026-01-19,
4174,M010862,2025-12-29,
4174,M010862,2026-01-05,
4174,M010862,2026-01-12,
4174,M010862,2026-01-19,
4174,M009542,2025-12-29,
4174,M009542,2026-01-05,
4174,M009542,2026-01-12,
4174,M009542,2026-01-19,
4174,M011075,2025-12-29,
4174,M011075,2026-01-05,
4174,M011075,2026-01-12,
4174,M011075,2026-01-19,
4174,M011232,2025-12-29,
4174,M011232,2026-01-05,
4174,M011232,2026-01-12,
4174,M011232,2026-01-19,
4174,M009594,2025-12-29,
4174,M009594,2026-01-05,
4174,M009594,2026-01-12,
4174,M009594,2026-01-19,
4174,M009050,2025-12-29,
4174,M009050,2026-01-05,
4174,M009050,2026-01-12,
4174,M009050,2026-01-19,
4174,M010253,2025-12-29,
4174,M010253,2026-01-05,
4174,M010253,2026-01-12,
4174,M010253,2026-01-19,
4174,M016641,2025-12-29,
4174,M016641,2026-01-05,
4174,M016641,2026-01-12,
4174,M016641,2026-01-19,
4174,M013220,2025-12-29,
4174,M013220,2026-01-05,
4174,M013220,2026-01-12,
4174,M013220,2026-01-19,
4174,M013459,2025-12-29,
4174,M013459,2026-01-05,
4174,M013459,2026-01-12,
4174,M013459,2026-01-19,
4174,M010882,2025-12-29,
4174,M010882,2026-01-05,
4174,M010882,2026-01-12,
4174,M010882,2026-01-19,
4174,M010200,2025-12-29,
4174,M010200,2026-01-05,
4174,M010200,2026-01-12,
4174,M010200,2026-01-19,
4174,M010788,2025-12-29,
4174,M010788,2026-01-05,
4174,M010788,2026-01-12,
4174,M010788,2026-01-19,
4174,M009364,2025-12-29,
4174,M009364,2026-01-05,
4174,M009364,2026-01-12,
4174,M009364,2026-01-19,
4174,M010453,2025-12-29,
4174,M010453,2026-01-05,
4174,M010453,2026-01-12,
4174,M010453,2026-01-19,
4174,M009648,2025-12-29,
4174,M009648,2026-01-05,
4174,M009648,2026-01-12,
4174,M009648,2026-01-19,
4174,M013962,2025-12-29,
4174,M013962,2026-01-05,
4174,M013962,2026-01-12,
4174,M013962,2026-01-19,
4174,M010204,2025-12-29,
4174,M010204,2026-01-05,
4174,M010204,2026-01-12,
4174,M010204,2026-01-19,
4174,M010079,2025-12-29,
4174,M010079,2026-01-05,
4174,M010079,2026-01-12,
4174,M010079,2026-01-19,
4252,M012860,2025-12-29,
4252,M012860,2026-01-05,
4252,M012860,2026-01-12,
4252,M012860,2026-01-19,
4252,M009594,2025-12-29,
4252,M009594,2026-01-05,
4252,M009594,2026-01-12,
4252,M009594,2026-01-19,
4252,M009970,2025-12-29,
4252,M009970,2026-01-05,
4252,M009970,2026-01-12,
4252,M009970,2026-01-19,
4252,M014013,2025-12-29,
4252,M014013,2026-01-05,
4252,M014013,2026-01-12,
4252,M014013,2026-01-19,
4252,M009630,2025-12-29,
4252,M009630,2026-01-05,
4252,M009630,2026-01-12,
4252,M009630,2026-01-19,
4252,M009898,2025-12-29,
4252,M009898,2026-01-05,
4252,M009898,2026-01-12,
4252,M009898,2026-01-19,
4252,M009648,2025-12-29,
4252,M009648,2026-01-05,
4252,M009648,2026-01-12,
4252,M009648,2026-01-19,
4252,M016641,2025-12-29,
4252,M016641,2026-01-05,
4252,M016641,2026-01-12,
4252,M016641,2026-01-19,
4252,M012115,2025-12-29,
4252,M012115,2026-01-05,
4252,M012115,2026-01-12,
4252,M012115,2026-01-19,
4252,M012706,2025-12-29,
4252,M012706,2026-01-05,
4252,M012706,2026-01-12,
4252,M012706,2026-01-19,
4252,M010204,2025-12-29,
4252,M010204,2026-01-05,
4252,M010204,2026-01-12,
4252,M010204,2026-01-19,
4252,M010532,2025-12-29,
4252,M010532,2026-01-05,
4252,M010532,2026-01-12,
4252,M010532,2026-01-19,
4252,M010082,2025-12-29,
4252,M010082,2026-01-05,
4252,M010082,2026-01-12,
4252,M010082,2026-01-19,
4252,M009072,2025-12-29,
4252,M009072,2026-01-05,
4252,M009072,2026-01-12,
4252,M009072,2026-01-19,
4252,M010862,2025-12-29,
4252,M010862,2026-01-05,
4252,M010862,2026-01-12,
4252,M010862,2026-01-19,
4252,M013086,2025-12-29,
4252,M013086,2026-01-05,
4252,M013086,2026-01-12,
4252,M013086,2026-01-19,
4252,M012665,2025-12-29,
4252,M012665,2026-01-05,
4252,M012665,2026-01-12,
4252,M012665,2026-01-19,
4252,M009050,2025-12-29,
4252,M009050,2026-01-05,
4252,M009050,2026-01-12,
4252,M009050,2026-01-19,
4252,M013477,2025-12-29,
4252,M013477,2026-01-05,
4252,M013477,2026-01-12,
4252,M013477,2026-01-19,
4252,M009371,2025-12-29,
4252,M009371,2026-01-05,
4252,M009371,2026-01-12,
4252,M009371,2026-01-19,
4252,M010676,2025-12-29,
4252,M010676,2026-01-05,
4252,M010676,2026-01-12,
4252,M010676,2026-01-19,
4252,M010882,2025-12-29,
4252,M010882,2026-01-05,
4252,M010882,2026-01-12,
4252,M010882,2026-01-19,
4252,M009651,2025-12-29,
4252,M009651,2026-01-05,
4252,M009651,2026-01-12,
4252,M009651,2026-01-19,
4252,M013220,2025-12-29,
4252,M013220,2026-01-05,
4252,M013220,2026-01-12,
4252,M013220,2026-01-19,
4252,M010788,2025-12-29,
4252,M010788,2026-01-05,
4252,M010788,2026-01-12,
4252,M010788,2026-01-19,
4252,M016311,2025-12-29,
4252,M016311,2026-01-05,
4252,M016311,2026-01-12,
4252,M016311,2026-01-19,
4252,M009518,2025-12-29,
4252,M009518,2026-01-05,
4252,M009518,2026-01-12,
4252,M009518,2026-01-19,
4252,M010038,2025-12-29,
4252,M010038,2026-01-05,
4252,M010038,2026-01-12,
4252,M010038,2026-01-19,
4252,M009284,2025-12-29,
4252,M009284,2026-01-05,
4252,M009284,2026-01-12,
4252,M009284,2026-01-19,
4252,M011086,2025-12-29,
4252,M011086,2026-01-05,
4252,M011086,2026-01-12,
4252,M011086,2026-01-19,
4252,M010075,2025-12-29,
4252,M010075,2026-01-05,
4252,M010075,2026-01-12,
4252,M010075,2026-01-19,
4252,M016350,2025-12-29,
4252,M016350,2026-01-05,
4252,M016350,2026-01-12,
4252,M016350,2026-01-19,
4323,M010882,2025-12-29,
4323,M010882,2026-01-05,
4323,M010882,2026-01-12,
4323,M010882,2026-01-19,
4323,M010184,2025-12-29,
4323,M010184,2026-01-05,
4323,M010184,2026-01-12,
4323,M010184,2026-01-19,
4323,M012706,2025-12-29,
4323,M012706,2026-01-05,
4323,M012706,2026-01-12,
4323,M012706,2026-01-19,
4323,M014771,2025-12-29,
4323,M014771,2026-01-05,
4323,M014771,2026-01-12,
4323,M014771,2026-01-19,
4323,M012860,2025-12-29,
4323,M012860,2026-01-05,
4323,M012860,2026-01-12,
4323,M012860,2026-01-19,
4323,M016641,2025-12-29,
4323,M016641,2026-01-05,
4323,M016641,2026-01-12,
4323,M016641,2026-01-19,
4323,M010788,2025-12-29,
4323,M010788,2026-01-05,
4323,M010788,2026-01-12,
4323,M010788,2026-01-19,
4323,M011075,2025-12-29,
4323,M011075,2026-01-05,
4323,M011075,2026-01-12,
4323,M011075,2026-01-19,
4323,M010532,2025-12-29,
4323,M010532,2026-01-05,
4323,M010532,2026-01-12,
4323,M010532,2026-01-19,
4323,M011232,2025-12-29,
4323,M011232,2026-01-05,
4323,M011232,2026-01-12,
4323,M011232,2026-01-19,
4323,M009630,2025-12-29,
4323,M009630,2026-01-05,
4323,M009630,2026-01-12,
4323,M009630,2026-01-19,
4323,M011339,2025-12-29,
4323,M011339,2026-01-05,
4323,M011339,2026-01-12,
4323,M011339,2026-01-19,
4323,M012115,2025-12-29,
4323,M012115,2026-01-05,
4323,M012115,2026-01-12,
4323,M012115,2026-01-19,
4323,M010132,2025-12-29,
4323,M010132,2026-01-05,
4323,M010132,2026-01-12,
4323,M010132,2026-01-19,
4323,M009284,2025-12-29,
4323,M009284,2026-01-05,
4323,M009284,2026-01-12,
4323,M009284,2026-01-19,
4323,M009371,2025-12-29,
4323,M009371,2026-01-05,
4323,M009371,2026-01-12,
4323,M009371,2026-01-19,
4323,M010862,2025-12-29,
4323,M010862,2026-01-05,
4323,M010862,2026-01-12,
4323,M010862,2026-01-19,
4328,M010132,2025-12-29,
4328,M010132,2026-01-05,
4328,M010132,2026-01-12,
4328,M010132,2026-01-19,
4328,M010204,2025-12-29,
4328,M010204,2026-01-05,
4328,M010204,2026-01-12,
4328,M010204,2026-01-19,
4328,M012706,2025-12-29,
4328,M012706,2026-01-05,
4328,M012706,2026-01-12,
4328,M012706,2026-01-19,
4328,M011075,2025-12-29,
4328,M011075,2026-01-05,
4328,M011075,2026-01-12,
4328,M011075,2026-01-19,
4328,M014771,2025-12-29,
4328,M014771,2026-01-05,
4328,M014771,2026-01-12,
4328,M014771,2026-01-19,
4328,M012860,2025-12-29,
4328,M012860,2026-01-05,
4328,M012860,2026-01-12,
4328,M012860,2026-01-19,
4328,M009364,2025-12-29,
4328,M009364,2026-01-05,
4328,M009364,2026-01-12,
4328,M009364,2026-01-19,
4328,M014013,2025-12-29,
4328,M014013,2026-01-05,
4328,M014013,2026-01-12,
4328,M014013,2026-01-19,
4328,M009542,2025-12-29,
4328,M009542,2026-01-05,
4328,M009542,2026-01-12,
4328,M009542,2026-01-19,
4328,M010075,2025-12-29,
4328,M010075,2026-01-05,
4328,M010075,2026-01-12,
4328,M010075,2026-01-19,
4328,M010253,2025-12-29,
4328,M010253,2026-01-05,
4328,M010253,2026-01-12,
4328,M010253,2026-01-19,
4328,M010184,2025-12-29,
4328,M010184,2026-01-05,
4328,M010184,2026-01-12,
4328,M010184,2026-01-19,
4328,M010208,2025-12-29,
4328,M010208,2026-01-05,
4328,M010208,2026-01-12,
4328,M010208,2026-01-19,
4328,M011339,2025-12-29,
4328,M011339,2026-01-05,
4328,M011339,2026-01-12,
4328,M011339,2026-01-19,
4328,M010862,2025-12-29,
4328,M010862,2026-01-05,
4328,M010862,2026-01-12,
4328,M010862,2026-01-19,
4328,M009072,2025-12-29,
4328,M009072,2026-01-05,
4328,M009072,2026-01-12,
4328,M009072,2026-01-19,
4328,M009050,2025-12-29,
4328,M009050,2026-01-05,
4328,M009050,2026-01-12,
4328,M009050,2026-01-19,
4543,M009594,2025-12-29,
4543,M009594,2026-01-05,
4543,M009594,2026-01-12,
4543,M009594,2026-01-19,
4543,M009284,2025-12-29,
4543,M009284,2026-01-05,
4543,M009284,2026-01-12,
4543,M009284,2026-01-19,
4543,M011086,2025-12-29,
4543,M011086,2026-01-05,
4543,M011086,2026-01-12,
4543,M011086,2026-01-19,
4543,M016311,2025-12-29,
4543,M016311,2026-01-05,
4543,M016311,2026-01-12,
4543,M016311,2026-01-19,
4543,M009898,2025-12-29,
4543,M009898,2026-01-05,
4543,M009898,2026-01-12,
4543,M009898,2026-01-19,
4543,M010882,2025-12-29,
4543,M010882,2026-01-05,
4543,M010882,2026-01-12,
4543,M010882,2026-01-19,
4543,M009542,2025-12-29,
4543,M009542,2026-01-05,
4543,M009542,2026-01-12,
4543,M009542,2026-01-19,
4543,M013220,2025-12-29,
4543,M013220,2026-01-05,
4543,M013220,2026-01-12,
4543,M013220,2026-01-19,
4543,M010788,2025-12-29,
4543,M010788,2026-01-05,
4543,M010788,2026-01-12,
4543,M010788,2026-01-19,
4907,M010079,2025-12-29,
4907,M010079,2026-01-05,
4907,M010079,2026-01-12,
4907,M010079,2026-01-19,
4907,M010862,2025-12-29,
4907,M010862,2026-01-05,
4907,M010862,2026-01-12,
4907,M010862,2026-01-19,
4907,M010204,2025-12-29,
4907,M010204,2026-01-05,
4907,M010204,2026-01-12,
4907,M010204,2026-01-19,
4907,M010184,2025-12-29,
4907,M010184,2026-01-05,
4907,M010184,2026-01-12,
4907,M010184,2026-01-19,
4907,M013220,2025-12-29,
4907,M013220,2026-01-05,
4907,M013220,2026-01-12,
4907,M013220,2026-01-19,
4907,M010132,2025-12-29,
4907,M010132,2026-01-05,
4907,M010132,2026-01-12,
4907,M010132,2026-01-19,
4907,M010868,2025-12-29,
4907,M010868,2026-01-05,
4907,M010868,2026-01-12,
4907,M010868,2026-01-19,
4907,M010208,2025-12-29,
4907,M010208,2026-01-05,
4907,M010208,2026-01-12,
4907,M010208,2026-01-19,
4907,M011339,2025-12-29,
4907,M011339,2026-01-05,
4907,M011339,2026-01-12,
4907,M011339,2026-01-19,
4907,M013086,2025-12-29,
4907,M013086,2026-01-05,
4907,M013086,2026-01-12,
4907,M013086,2026-01-19,
4907,M012665,2025-12-29,
4907,M012665,2026-01-05,
4907,M012665,2026-01-12,
4907,M012665,2026-01-19,
4907,M009284,2025-12-29,
4907,M009284,2026-01-05,
4907,M009284,2026-01-12,
4907,M009284,2026-01-19,
4907,M013477,2025-12-29,
4907,M013477,2026-01-05,
4907,M013477,2026-01-12,
4907,M013477,2026-01-19,
4919,M016311,2025-12-29,
4919,M016311,2026-01-05,
4919,M016311,2026-01-12,
4919,M016311,2026-01-19,
4919,M011075,2025-12-29,
4919,M011075,2026-01-05,
4919,M011075,2026-01-12,
4919,M011075,2026-01-19,
4919,M009518,2025-12-29,
4919,M009518,2026-01-05,
4919,M009518,2026-01-12,
4919,M009518,2026-01-19,
4919,M012706,2025-12-29,
4919,M012706,2026-01-05,
4919,M012706,2026-01-12,
4919,M012706,2026-01-19,
4919,M011232,2025-12-29,
4919,M011232,2026-01-05,
4919,M011232,2026-01-12,
4919,M011232,2026-01-19,
4919,M013477,2025-12-29,
4919,M013477,2026-01-05,
4919,M013477,2026-01-12,
4919,M013477,2026-01-19,
4919,M009364,2025-12-29,
4919,M009364,2026-01-05,
4919,M009364,2026-01-12,
4919,M009364,2026-01-19,
4919,M010082,2025-12-29,
4919,M010082,2026-01-05,
4919,M010082,2026-01-12,
4919,M010082,2026-01-19,
4919,M010771,2025-12-29,
4919,M010771,2026-01-05,
4919,M010771,2026-01-12,
4919,M010771,2026-01-19,
4919,M016641,2025-12-29,
4919,M016641,2026-01-05,
4919,M016641,2026-01-12,
4919,M016641,2026-01-19,
4919,M009072,2025-12-29,
4919,M009072,2026-01-05,
4919,M009072,2026-01-12,
4919,M009072,2026-01-19,
4919,M012860,2025-12-29,
4919,M012860,2026-01-05,
4919,M012860,2026-01-12,
4919,M012860,2026-01-19,
4919,M010184,2025-12-29,
4919,M010184,2026-01-05,
4919,M010184,2026-01-12,
4919,M010184,2026-01-19,
4919,M014013,2025-12-29,
4919,M014013,2026-01-05,
4919,M014013,2026-01-12,
4919,M014013,2026-01-19,
4932,M010079,2025-12-29,
4932,M010079,2026-01-05,
4932,M010079,2026-01-12,
4932,M010079,2026-01-19,
4932,M010204,2025-12-29,
4932,M010204,2026-01-05,
4932,M010204,2026-01-12,
4932,M010204,2026-01-19,
4932,M012860,2025-12-29,
4932,M012860,2026-01-05,
4932,M012860,2026-01-12,
4932,M012860,2026-01-19,
4932,M009518,2025-12-29,
4932,M009518,2026-01-05,
4932,M009518,2026-01-12,
4932,M009518,2026-01-19,
4932,M010075,2025-12-29,
4932,M010075,2026-01-05,
4932,M010075,2026-01-12,
4932,M010075,2026-01-19,
4932,M011075,2025-12-29,
4932,M011075,2026-01-05,
4932,M011075,2026-01-12,
4932,M011075,2026-01-19,
4932,M009072,2025-12-29,
4932,M009072,2026-01-05,
4932,M009072,2026-01-12,
4932,M009072,2026-01-19,
4932,M010882,2025-12-29,
4932,M010882,2026-01-05,
4932,M010882,2026-01-12,
4932,M010882,2026-01-19,
5041,M010453,2025-12-29,
5041,M010453,2026-01-05,
5041,M010453,2026-01-12,
5041,M010453,2026-01-19,
5041,M011086,2025-12-29,
5041,M011086,2026-01-05,
5041,M011086,2026-01-12,
5041,M011086,2026-01-19,
5041,M013294,2025-12-29,
5041,M013294,2026-01-05,
5041,M013294,2026-01-12,
5041,M013294,2026-01-19,
5041,M010204,2025-12-29,
5041,M010204,2026-01-05,
5041,M010204,2026-01-12,
5041,M010204,2026-01-19,
5041,M011339,2025-12-29,
5041,M011339,2026-01-05,
5041,M011339,2026-01-12,
5041,M011339,2026-01-19,
5041,M012115,2025-12-29,
5041,M012115,2026-01-05,
5041,M012115,2026-01-12,
5041,M012115,2026-01-19,
5041,M012706,2025-12-29,
5041,M012706,2026-01-05,
5041,M012706,2026-01-12,
5041,M012706,2026-01-19,
5041,M011075,2025-12-29,
5041,M011075,2026-01-05,
5041,M011075,2026-01-12,
5041,M011075,2026-01-19,
5041,M010862,2025-12-29,
5041,M010862,2026-01-05,
5041,M010862,2026-01-12,
5041,M010862,2026-01-19,
5041,M016311,2025-12-29,
5041,M016311,2026-01-05,
5041,M016311,2026-01-12,
5041,M016311,2026-01-19,
5041,M013086,2025-12-29,
5041,M013086,2026-01-05,
5041,M013086,2026-01-12,
5041,M013086,2026-01-19,
5041,M009542,2025-12-29,
5041,M009542,2026-01-05,
5041,M009542,2026-01-12,
5041,M009542,2026-01-19,
5041,M009518,2025-12-29,
5041,M009518,2026-01-05,
5041,M009518,2026-01-12,
5041,M009518,2026-01-19,
5041,M009072,2025-12-29,
5041,M009072,2026-01-05,
5041,M009072,2026-01-12,
5041,M009072,2026-01-19,
5041,M009898,2025-12-29,
5041,M009898,2026-01-05,
5041,M009898,2026-01-12,
5041,M009898,2026-01-19,
5041,M010532,2025-12-29,
5041,M010532,2026-01-05,
5041,M010532,2026-01-12,
5041,M010532,2026-01-19,
5041,M009371,2025-12-29,
5041,M009371,2026-01-05,
5041,M009371,2026-01-12,
5041,M009371,2026-01-19,
5041,M010079,2025-12-29,
5041,M010079,2026-01-05,
5041,M010079,2026-01-12,
5041,M010079,2026-01-19,
5084,M010788,2025-12-29,
5084,M010788,2026-01-05,
5084,M010788,2026-01-12,
5084,M010788,2026-01-19,
5084,M009594,2025-12-29,
5084,M009594,2026-01-05,
5084,M009594,2026-01-12,
5084,M009594,2026-01-19,
5084,M010771,2025-12-29,
5084,M010771,2026-01-05,
5084,M010771,2026-01-12,
5084,M010771,2026-01-19,
5084,M011075,2025-12-29,
5084,M011075,2026-01-05,
5084,M011075,2026-01-12,
5084,M011075,2026-01-19,
5084,M013220,2025-12-29,
5084,M013220,2026-01-05,
5084,M013220,2026-01-12,
5084,M013220,2026-01-19,
5084,M010208,2025-12-29,
5084,M010208,2026-01-05,
5084,M010208,2026-01-12,
5084,M010208,2026-01-19,
5084,M010868,2025-12-29,
5084,M010868,2026-01-05,
5084,M010868,2026-01-12,
5084,M010868,2026-01-19,
5084,M012860,2025-12-29,
5084,M012860,2026-01-05,
5084,M012860,2026-01-12,
5084,M012860,2026-01-19,
5084,M010253,2025-12-29,
5084,M010253,2026-01-05,
5084,M010253,2026-01-12,
5084,M010253,2026-01-19,
5084,M009072,2025-12-29,
5084,M009072,2026-01-05,
5084,M009072,2026-01-12,
5084,M009072,2026-01-19,
5084,M016641,2025-12-29,
5084,M016641,2026-01-05,
5084,M016641,2026-01-12,
5084,M016641,2026-01-19,
5084,M009651,2025-12-29,
5084,M009651,2026-01-05,
5084,M009651,2026-01-12,
5084,M009651,2026-01-19,
5084,M010184,2025-12-29,
5084,M010184,2026-01-05,
5084,M010184,2026-01-12,
5084,M010184,2026-01-19,
5084,M010862,2025-12-29,
5084,M010862,2026-01-05,
5084,M010862,2026-01-12,
5084,M010862,2026-01-19,
5105,M009371,2025-12-29,
5105,M009371,2026-01-05,
5105,M009371,2026-01-12,
5105,M009371,2026-01-19,
5105,M009284,2025-12-29,
5105,M009284,2026-01-05,
5105,M009284,2026-01-12,
5105,M009284,2026-01-19,
5105,M010788,2025-12-29,
5105,M010788,2026-01-05,
5105,M010788,2026-01-12,
5105,M010788,2026-01-19,
5105,M010771,2025-12-29,
5105,M010771,2026-01-05,
5105,M010771,2026-01-12,
5105,M010771,2026-01-19,
5105,M010532,2025-12-29,
5105,M010532,2026-01-05,
5105,M010532,2026-01-12,
5105,M010532,2026-01-19,
5105,M010882,2025-12-29,
5105,M010882,2026-01-05,
5105,M010882,2026-01-12,
5105,M010882,2026-01-19,
5105,M009970,2025-12-29,
5105,M009970,2026-01-05,
5105,M009970,2026-01-12,
5105,M009970,2026-01-19,
5105,M010862,2025-12-29,
5105,M010862,2026-01-05,
5105,M010862,2026-01-12,
5105,M010862,2026-01-19,
5105,M009050,2025-12-29,
5105,M009050,2026-01-05,
5105,M009050,2026-01-12,
5105,M009050,2026-01-19,
5117,M009542,2025-12-29,
5117,M009542,2026-01-05,
5117,M009542,2026-01-12,
5117,M009542,2026-01-19,
5117,M012665,2025-12-29,
5117,M012665,2026-01-05,
5117,M012665,2026-01-12,
5117,M012665,2026-01-19,
5117,M010075,2025-12-29,
5117,M010075,2026-01-05,
5117,M010075,2026-01-12,
5117,M010075,2026-01-19,
5117,M009518,2025-12-29,
5117,M009518,2026-01-05,
5117,M009518,2026-01-12,
5117,M009518,2026-01-19,
5117,M009594,2025-12-29,
5117,M009594,2026-01-05,
5117,M009594,2026-01-12,
5117,M009594,2026-01-19,
5117,M016311,2025-12-29,
5117,M016311,2026-01-05,
5117,M016311,2026-01-12,
5117,M016311,2026-01-19,
5117,M012115,2025-12-29,
5117,M012115,2026-01-05,
5117,M012115,2026-01-12,
5117,M012115,2026-01-19,
5117,M013477,2025-12-29,
5117,M013477,2026-01-05,
5117,M013477,2026-01-12,
5117,M013477,2026-01-19,
5117,M010676,2025-12-29,
5117,M010676,2026-01-05,
5117,M010676,2026-01-12,
5117,M010676,2026-01-19,
5117,M010082,2025-12-29,
5117,M010082,2026-01-05,
5117,M010082,2026-01-12,
5117,M010082,2026-01-19,
5117,M010200,2025-12-29,
5117,M010200,2026-01-05,
5117,M010200,2026-01-12,
5117,M010200,2026-01-19,
5117,M014013,2025-12-29,
5117,M014013,2026-01-05,
5117,M014013,2026-01-12,
5117,M014013,2026-01-19,
5117,M014771,2025-12-29,
5117,M014771,2026-01-05,
5117,M014771,2026-01-12,
5117,M014771,2026-01-19,
5117,M009630,2025-12-29,
5117,M009630,2026-01-05,
5117,M009630,2026-01-12,
5117,M009630,2026-01-19,
5117,M010253,2025-12-29,
5117,M010253,2026-01-05,
5117,M010253,2026-01-12,
5117,M010253,2026-01-19,
5117,M010868,2025-12-29,
5117,M010868,2026-01-05,
5117,M010868,2026-01-12,
5117,M010868,2026-01-19,
5117,M010453,2025-12-29,
5117,M010453,2026-01-05,
5117,M010453,2026-01-12,
5117,M010453,2026-01-19,
5117,M009050,2025-12-29,
5117,M009050,2026-01-05,
5117,M009050,2026-01-12,
5117,M009050,2026-01-19,
5117,M010079,2025-12-29,
5117,M010079,2026-01-05,
5117,M010079,2026-01-12,
5117,M010079,2026-01-19,
5121,M012706,2025-12-29,
5121,M012706,2026-01-05,
5121,M012706,2026-01-12,
5121,M012706,2026-01-19,
5121,M009651,2025-12-29,
5121,M009651,2026-01-05,
5121,M009651,2026-01-12,
5121,M009651,2026-01-19,
5121,M011086,2025-12-29,
5121,M011086,2026-01-05,
5121,M011086,2026-01-12,
5121,M011086,2026-01-19,
5121,M010075,2025-12-29,
5121,M010075,2026-01-05,
5121,M010075,2026-01-12,
5121,M010075,2026-01-19,
5121,M012115,2025-12-29,
5121,M012115,2026-01-05,
5121,M012115,2026-01-12,
5121,M012115,2026-01-19,
5121,M010132,2025-12-29,
5121,M010132,2026-01-05,
5121,M010132,2026-01-12,
5121,M010132,2026-01-19,
5121,M010082,2025-12-29,
5121,M010082,2026-01-05,
5121,M010082,2026-01-12,
5121,M010082,2026-01-19,
5121,M010453,2025-12-29,
5121,M010453,2026-01-05,
5121,M010453,2026-01-12,
5121,M010453,2026-01-19,
5121,M010532,2025-12-29,
5121,M010532,2026-01-05,
5121,M010532,2026-01-12,
5121,M010532,2026-01-19,
5121,M011339,2025-12-29,
5121,M011339,2026-01-05,
5121,M011339,2026-01-12,
5121,M011339,2026-01-19,
5121,M010253,2025-12-29,
5121,M010253,2026-01-05,
5121,M010253,2026-01-12,
5121,M010253,2026-01-19,
5121,M010184,2025-12-29,
5121,M010184,2026-01-05,
5121,M010184,2026-01-12,
5121,M010184,2026-01-19,
5121,M014013,2025-12-29,
5121,M014013,2026-01-05,
5121,M014013,2026-01-12,
5121,M014013,2026-01-19,
5121,M013477,2025-12-29,
5121,M013477,2026-01-05,
5121,M013477,2026-01-12,
5121,M013477,2026-01-19,
5169,M010532,2025-12-29,
5169,M010532,2026-01-05,
5169,M010532,2026-01-12,
5169,M010532,2026-01-19,
5169,M009284,2025-12-29,
5169,M009284,2026-01-05,
5169,M009284,2026-01-12,
5169,M009284,2026-01-19,
5169,M016311,2025-12-29,
5169,M016311,2026-01-05,
5169,M016311,2026-01-12,
5169,M016311,2026-01-19,
5169,M014013,2025-12-29,
5169,M014013,2026-01-05,
5169,M014013,2026-01-12,
5169,M014013,2026-01-19,
5169,M012115,2025-12-29,
5169,M012115,2026-01-05,
5169,M012115,2026-01-12,
5169,M012115,2026-01-19,
5169,M009364,2025-12-29,
5169,M009364,2026-01-05,
5169,M009364,2026-01-12,
5169,M009364,2026-01-19,
5169,M010868,2025-12-29,
5169,M010868,2026-01-05,
5169,M010868,2026-01-12,
5169,M010868,2026-01-19,
5169,M010253,2025-12-29,
5169,M010253,2026-01-05,
5169,M010253,2026-01-12,
5169,M010253,2026-01-19,
5169,M009542,2025-12-29,
5169,M009542,2026-01-05,
5169,M009542,2026-01-12,
5169,M009542,2026-01-19,
5169,M009594,2025-12-29,
5169,M009594,2026-01-05,
5169,M009594,2026-01-12,
5169,M009594,2026-01-19,
5169,M010453,2025-12-29,
5169,M010453,2026-01-05,
5169,M010453,2026-01-12,
5169,M010453,2026-01-19,
5169,M009898,2025-12-29,
5169,M009898,2026-01-05,
5169,M009898,2026-01-12,
5169,M009898,2026-01-19,
5169,M013086,2025-12-29,
5169,M013086,2026-01-05,
5169,M013086,2026-01-12,
5169,M013086,2026-01-19,
5169,M012860,2025-12-29,
5169,M012860,2026-01-05,
5169,M012860,2026-01-12,
5169,M012860,2026-01-19,
5169,M010132,2025-12-29,
5169,M010132,2026-01-05,
5169,M010132,2026-01-12,
5169,M010132,2026-01-19,
5169,M009970,2025-12-29,
5169,M009970,2026-01-05,
5169,M009970,2026-01-12,
5169,M009970,2026-01-19,
5169,M010082,2025-12-29,
5169,M010082,2026-01-05,
5169,M010082,2026-01-12,
5169,M010082,2026-01-19,
5276,M009898,2025-12-29,
5276,M009898,2026-01-05,
5276,M009898,2026-01-12,
5276,M009898,2026-01-19,
5276,M010184,2025-12-29,
5276,M010184,2026-01-05,
5276,M010184,2026-01-12,
5276,M010184,2026-01-19,
5276,M010082,2025-12-29,
5276,M010082,2026-01-05,
5276,M010082,2026-01-12,
5276,M010082,2026-01-19,
5276,M016350,2025-12-29,
5276,M016350,2026-01-05,
5276,M016350,2026-01-12,
5276,M016350,2026-01-19,
5276,M010453,2025-12-29,
5276,M010453,2026-01-05,
5276,M010453,2026-01-12,
5276,M010453,2026-01-19,
5276,M013220,2025-12-29,
5276,M013220,2026-01-05,
5276,M013220,2026-01-12,
5276,M013220,2026-01-19,
5276,M011339,2025-12-29,
5276,M011339,2026-01-05,
5276,M011339,2026-01-12,
5276,M011339,2026-01-19,
5276,M009371,2025-12-29,
5276,M009371,2026-01-05,
5276,M009371,2026-01-12,
5276,M009371,2026-01-19,
5276,M013477,2025-12-29,
5276,M013477,2026-01-05,
5276,M013477,2026-01-12,
5276,M013477,2026-01-19,
5276,M009542,2025-12-29,
5276,M009542,2026-01-05,
5276,M009542,2026-01-12,
5276,M009542,2026-01-19,
5276,M010075,2025-12-29,
5276,M010075,2026-01-05,
5276,M010075,2026-01-12,
5276,M010075,2026-01-19,
5276,M009594,2025-12-29,
5276,M009594,2026-01-05,
5276,M009594,2026-01-12,
5276,M009594,2026-01-19,
5276,M011086,2025-12-29,
5276,M011086,2026-01-05,
5276,M011086,2026-01-12,
5276,M011086,2026-01-19,
5276,M011232,2025-12-29,
5276,M011232,2026-01-05,
5276,M011232,2026-01-12,
5276,M011232,2026-01-19,
5276,M010253,2025-12-29,
5276,M010253,2026-01-05,
5276,M010253,2026-01-12,
5276,M010253,2026-01-19,
5276,M009364,2025-12-29,
5276,M009364,2026-01-05,
5276,M009364,2026-01-12,
5276,M009364,2026-01-19,
5276,M009970,2025-12-29,
5276,M009970,2026-01-05,
5276,M009970,2026-01-12,
5276,M009970,2026-01-19,
5276,M010771,2025-12-29,
5276,M010771,2026-01-05,
5276,M010771,2026-01-12,
5276,M010771,2026-01-19,
5276,M013962,2025-12-29,
5276,M013962,2026-01-05,
5276,M013962,2026-01-12,
5276,M013962,2026-01-19,
5276,M009072,2025-12-29,
5276,M009072,2026-01-05,
5276,M009072,2026-01-12,
5276,M009072,2026-01-19,
5276,M009284,2025-12-29,
5276,M009284,2026-01-05,
5276,M009284,2026-01-12,
5276,M009284,2026-01-19,
5276,M010132,2025-12-29,
5276,M010132,2026-01-05,
5276,M010132,2026-01-12,
5276,M010132,2026-01-19,
5276,M009651,2025-12-29,
5276,M009651,2026-01-05,
5276,M009651,2026-01-12,
5276,M009651,2026-01-19,
5276,M012665,2025-12-29,
5276,M012665,2026-01-05,
5276,M012665,2026-01-12,
5276,M012665,2026-01-19,
5276,M010038,2025-12-29,
5276,M010038,2026-01-05,
5276,M010038,2026-01-12,
5276,M010038,2026-01-19,
5276,M009630,2025-12-29,
5276,M009630,2026-01-05,
5276,M009630,2026-01-12,
5276,M009630,2026-01-19,
5276,M012860,2025-12-29,
5276,M012860,2026-01-05,
5276,M012860,2026-01-12,
5276,M012860,2026-01-19,
5276,M010532,2025-12-29,
5276,M010532,2026-01-05,
5276,M010532,2026-01-12,
5276,M010532,2026-01-19,
5276,M016641,2025-12-29,
5276,M016641,2026-01-05,
5276,M016641,2026-01-12,
5276,M016641,2026-01-19,
5276,M011075,2025-12-29,
5276,M011075,2026-01-05,
5276,M011075,2026-01-12,
5276,M011075,2026-01-19,
5276,M016311,2025-12-29,
5276,M016311,2026-01-05,
5276,M016311,2026-01-12,
5276,M016311,2026-01-19,
5276,M013294,2025-12-29,
5276,M013294,2026-01-05,
5276,M013294,2026-01-12,
5276,M013294,2026-01-19,
5276,M010208,2025-12-29,
5276,M010208,2026-01-05,
5276,M010208,2026-01-12,
5276,M010208,2026-01-19,
5276,M009050,2025-12-29,
5276,M009050,2026-01-05,
5276,M009050,2026-01-12,
5276,M009050,2026-01-19,
5276,M010204,2025-12-29,
5276,M010204,2026-01-05,
5276,M010204,2026-01-12,
5276,M010204,2026-01-19,
5298,M009651,2025-12-29,
5298,M009651,2026-01-05,
5298,M009651,2026-01-12,
5298,M009651,2026-01-19,
5298,M010882,2025-12-29,
5298,M010882,2026-01-05,
5298,M010882,2026-01-12,
5298,M010882,2026-01-19,
5298,M011339,2025-12-29,
5298,M011339,2026-01-05,
5298,M011339,2026-01-12,
5298,M011339,2026-01-19,
5298,M010453,2025-12-29,
5298,M010453,2026-01-05,
5298,M010453,2026-01-12,
5298,M010453,2026-01-19,
5298,M013220,2025-12-29,
5298,M013220,2026-01-05,
5298,M013220,2026-01-12,
5298,M013220,2026-01-19,
5298,M009630,2025-12-29,
5298,M009630,2026-01-05,
5298,M009630,2026-01-12,
5298,M009630,2026-01-19,
5298,M010132,2025-12-29,
5298,M010132,2026-01-05,
5298,M010132,2026-01-12,
5298,M010132,2026-01-19,
5298,M010075,2025-12-29,
5298,M010075,2026-01-05,
5298,M010075,2026-01-12,
5298,M010075,2026-01-19,
5298,M009542,2025-12-29,
5298,M009542,2026-01-05,
5298,M009542,2026-01-12,
5298,M009542,2026-01-19,
5298,M009518,2025-12-29,
5298,M009518,2026-01-05,
5298,M009518,2026-01-12,
5298,M009518,2026-01-19,
5298,M016311,2025-12-29,
5298,M016311,2026-01-05,
5298,M016311,2026-01-12,
5298,M016311,2026-01-19,
5298,M009594,2025-12-29,
5298,M009594,2026-01-05,
5298,M009594,2026-01-12,
5298,M009594,2026-01-19,
5298,M010184,2025-12-29,
5298,M010184,2026-01-05,
5298,M010184,2026-01-12,
5298,M010184,2026-01-19,
5311,M012706,2025-12-29,
5311,M012706,2026-01-05,
5311,M012706,2026-01-12,
5311,M012706,2026-01-19,
5311,M009284,2025-12-29,
5311,M009284,2026-01-05,
5311,M009284,2026-01-12,
5311,M009284,2026-01-19,
5311,M012115,2025-12-29,
5311,M012115,2026-01-05,
5311,M012115,2026-01-12,
5311,M012115,2026-01-19,
5311,M009050,2025-12-29,
5311,M009050,2026-01-05,
5311,M009050,2026-01-12,
5311,M009050,2026-01-19,
5311,M010079,2025-12-29,
5311,M010079,2026-01-05,
5311,M010079,2026-01-12,
5311,M010079,2026-01-19,
5311,M010038,2025-12-29,
5311,M010038,2026-01-05,
5311,M010038,2026-01-12,
5311,M010038,2026-01-19,
5311,M010868,2025-12-29,
5311,M010868,2026-01-05,
5311,M010868,2026-01-12,
5311,M010868,2026-01-19,
5311,M009970,2025-12-29,
5311,M009970,2026-01-05,
5311,M009970,2026-01-12,
5311,M009970,2026-01-19,
5311,M013294,2025-12-29,
5311,M013294,2026-01-05,
5311,M013294,2026-01-12,
5311,M013294,2026-01-19,
5311,M010771,2025-12-29,
5311,M010771,2026-01-05,
5311,M010771,2026-01-12,
5311,M010771,2026-01-19,
5311,M011086,2025-12-29,
5311,M011086,2026-01-05,
5311,M011086,2026-01-12,
5311,M011086,2026-01-19,
5311,M009364,2025-12-29,
5311,M009364,2026-01-05,
5311,M009364,2026-01-12,
5311,M009364,2026-01-19,
5311,M016641,2025-12-29,
5311,M016641,2026-01-05,
5311,M016641,2026-01-12,
5311,M016641,2026-01-19,
5311,M012665,2025-12-29,
5311,M012665,2026-01-05,
5311,M012665,2026-01-12,
5311,M012665,2026-01-19,
5311,M010184,2025-12-29,
5311,M010184,2026-01-05,
5311,M010184,2026-01-12,
5311,M010184,2026-01-19,
5311,M013477,2025-12-29,
5311,M013477,2026-01-05,
5311,M013477,2026-01-12,
5311,M013477,2026-01-19,
5311,M010208,2025-12-29,
5311,M010208,2026-01-05,
5311,M010208,2026-01-12,
5311,M010208,2026-01-19,
5311,M011075,2025-12-29,
5311,M011075,2026-01-05,
5311,M011075,2026-01-12,
5311,M011075,2026-01-19,
5311,M016350,2025-12-29,
5311,M016350,2026-01-05,
5311,M016350,2026-01-12,
5311,M016350,2026-01-19,
5311,M010882,2025-12-29,
5311,M010882,2026-01-05,
5311,M010882,2026-01-12,
5311,M010882,2026-01-19,
5311,M014771,2025-12-29,
5311,M014771,2026-01-05,
5311,M014771,2026-01-12,
5311,M014771,2026-01-19,
5311,M014013,2025-12-29,
5311,M014013,2026-01-05,
5311,M014013,2026-01-12,
5311,M014013,2026-01-19,
5311,M010862,2025-12-29,
5311,M010862,2026-01-05,
5311,M010862,2026-01-12,
5311,M010862,2026-01-19,
5311,M011232,2025-12-29,
5311,M011232,2026-01-05,
5311,M011232,2026-01-12,
5311,M011232,2026-01-19,
5311,M010082,2025-12-29,
5311,M010082,2026-01-05,
5311,M010082,2026-01-12,
5311,M010082,2026-01-19,
5455,M013086,2025-12-29,
5455,M013086,2026-01-05,
5455,M013086,2026-01-12,
5455,M013086,2026-01-19,
5455,M014771,2025-12-29,
5455,M014771,2026-01-05,
5455,M014771,2026-01-12,
5455,M014771,2026-01-19,
5455,M010200,2025-12-29,
5455,M010200,2026-01-05,
5455,M010200,2026-01-12,
5455,M010200,2026-01-19,
5455,M010882,2025-12-29,
5455,M010882,2026-01-05,
5455,M010882,2026-01-12,
5455,M010882,2026-01-19,
5455,M011339,2025-12-29,
5455,M011339,2026-01-05,
5455,M011339,2026-01-12,
5455,M011339,2026-01-19,
5455,M010079,2025-12-29,
5455,M010079,2026-01-05,
5455,M010079,2026-01-12,
5455,M010079,2026-01-19,
5455,M009648,2025-12-29,
5455,M009648,2026-01-05,
5455,M009648,2026-01-12,
5455,M009648,2026-01-19,
5455,M012115,2025-12-29,
5455,M012115,2026-01-05,
5455,M012115,2026-01-12,
5455,M012115,2026-01-19,
5455,M009284,2025-12-29,
5455,M009284,2026-01-05,
5455,M009284,2026-01-12,
5455,M009284,2026-01-19,
5455,M010132,2025-12-29,
5455,M010132,2026-01-05,
5455,M010132,2026-01-12,
5455,M010132,2026-01-19,
5557,M010882,2025-12-29,
5557,M010882,2026-01-05,
5557,M010882,2026-01-12,
5557,M010882,2026-01-19,
5557,M009594,2025-12-29,
5557,M009594,2026-01-05,
5557,M009594,2026-01-12,
5557,M009594,2026-01-19,
5557,M014771,2025-12-29,
5557,M014771,2026-01-05,
5557,M014771,2026-01-12,
5557,M014771,2026-01-19,
5557,M009651,2025-12-29,
5557,M009651,2026-01-05,
5557,M009651,2026-01-12,
5557,M009651,2026-01-19,
5557,M010132,2025-12-29,
5557,M010132,2026-01-05,
5557,M010132,2026-01-12,
5557,M010132,2026-01-19,
5557,M013086,2025-12-29,
5557,M013086,2026-01-05,
5557,M013086,2026-01-12,
5557,M013086,2026-01-19,
5557,M009284,2025-12-29,
5557,M009284,2026-01-05,
5557,M009284,2026-01-12,
5557,M009284,2026-01-19,
5557,M010862,2025-12-29,
5557,M010862,2026-01-05,
5557,M010862,2026-01-12,
5557,M010862,2026-01-19,
5557,M013459,2025-12-29,
5557,M013459,2026-01-05,
5557,M013459,2026-01-12,
5557,M013459,2026-01-19,
5557,M011232,2025-12-29,
5557,M011232,2026-01-05,
5557,M011232,2026-01-12,
5557,M011232,2026-01-19,
5557,M010184,2025-12-29,
5557,M010184,2026-01-05,
5557,M010184,2026-01-12,
5557,M010184,2026-01-19,
5557,M012665,2025-12-29,
5557,M012665,2026-01-05,
5557,M012665,2026-01-12,
5557,M012665,2026-01-19,
5842,M010132,2025-12-29,
5842,M010132,2026-01-05,
5842,M010132,2026-01-12,
5842,M010132,2026-01-19,
5842,M010079,2025-12-29,
5842,M010079,2026-01-05,
5842,M010079,2026-01-12,
5842,M010079,2026-01-19,
5842,M016641,2025-12-29,
5842,M016641,2026-01-05,
5842,M016641,2026-01-12,
5842,M016641,2026-01-19,
5842,M012860,2025-12-29,
5842,M012860,2026-01-05,
5842,M012860,2026-01-12,
5842,M012860,2026-01-19,
5842,M009898,2025-12-29,
5842,M009898,2026-01-05,
5842,M009898,2026-01-12,
5842,M009898,2026-01-19,
5842,M012115,2025-12-29,
5842,M012115,2026-01-05,
5842,M012115,2026-01-12,
5842,M012115,2026-01-19,
5842,M010253,2025-12-29,
5842,M010253,2026-01-05,
5842,M010253,2026-01-12,
5842,M010253,2026-01-19,
5842,M014013,2025-12-29,
5842,M014013,2026-01-05,
5842,M014013,2026-01-12,
5842,M014013,2026-01-19,
5842,M010075,2025-12-29,
5842,M010075,2026-01-05,
5842,M010075,2026-01-12,
5842,M010075,2026-01-19,
5842,M014771,2025-12-29,
5842,M014771,2026-01-05,
5842,M014771,2026-01-12,
5842,M014771,2026-01-19,
5842,M013220,2025-12-29,
5842,M013220,2026-01-05,
5842,M013220,2026-01-12,
5842,M013220,2026-01-19,
5842,M009050,2025-12-29,
5842,M009050,2026-01-05,
5842,M009050,2026-01-12,
5842,M009050,2026-01-19,
5934,M009594,2025-12-29,
5934,M009594,2026-01-05,
5934,M009594,2026-01-12,
5934,M009594,2026-01-19,
5934,M010788,2025-12-29,
5934,M010788,2026-01-05,
5934,M010788,2026-01-12,
5934,M010788,2026-01-19,
5934,M010253,2025-12-29,
5934,M010253,2026-01-05,
5934,M010253,2026-01-12,
5934,M010253,2026-01-19,
5934,M009970,2025-12-29,
5934,M009970,2026-01-05,
5934,M009970,2026-01-12,
5934,M009970,2026-01-19,
5934,M010082,2025-12-29,
5934,M010082,2026-01-05,
5934,M010082,2026-01-12,
5934,M010082,2026-01-19,
5934,M012115,2025-12-29,
5934,M012115,2026-01-05,
5934,M012115,2026-01-12,
5934,M012115,2026-01-19,
5934,M011232,2025-12-29,
5934,M011232,2026-01-05,
5934,M011232,2026-01-12,
5934,M011232,2026-01-19,
5934,M009898,2025-12-29,
5934,M009898,2026-01-05,
5934,M009898,2026-01-12,
5934,M009898,2026-01-19,
5934,M010200,2025-12-29,
5934,M010200,2026-01-05,
5934,M010200,2026-01-12,
5934,M010200,2026-01-19,
5934,M010676,2025-12-29,
5934,M010676,2026-01-05,
5934,M010676,2026-01-12,
5934,M010676,2026-01-19,
5934,M009364,2025-12-29,
5934,M009364,2026-01-05,
5934,M009364,2026-01-12,
5934,M009364,2026-01-19,
5934,M012706,2025-12-29,
5934,M012706,2026-01-05,
5934,M012706,2026-01-12,
5934,M012706,2026-01-19,
5934,M010075,2025-12-29,
5934,M010075,2026-01-05,
5934,M010075,2026-01-12,
5934,M010075,2026-01-19,
5934,M010532,2025-12-29,
5934,M010532,2026-01-05,
5934,M010532,2026-01-12,
5934,M010532,2026-01-19,
5934,M013477,2025-12-29,
5934,M013477,2026-01-05,
5934,M013477,2026-01-12,
5934,M013477,2026-01-19,
5934,M013220,2025-12-29,
5934,M013220,2026-01-05,
5934,M013220,2026-01-12,
5934,M013220,2026-01-19,
5934,M011339,2025-12-29,
5934,M011339,2026-01-05,
5934,M011339,2026-01-12,
5934,M011339,2026-01-19,
5943,M010200,2025-12-29,
5943,M010200,2026-01-05,
5943,M010200,2026-01-12,
5943,M010200,2026-01-19,
5943,M013220,2025-12-29,
5943,M013220,2026-01-05,
5943,M013220,2026-01-12,
5943,M013220,2026-01-19,
5943,M010075,2025-12-29,
5943,M010075,2026-01-05,
5943,M010075,2026-01-12,
5943,M010075,2026-01-19,
5943,M009651,2025-12-29,
5943,M009651,2026-01-05,
5943,M009651,2026-01-12,
5943,M009651,2026-01-19,
5943,M014013,2025-12-29,
5943,M014013,2026-01-05,
5943,M014013,2026-01-12,
5943,M014013,2026-01-19,
5943,M009364,2025-12-29,
5943,M009364,2026-01-05,
5943,M009364,2026-01-12,
5943,M009364,2026-01-19,
5943,M009970,2025-12-29,
5943,M009970,2026-01-05,
5943,M009970,2026-01-12,
5943,M009970,2026-01-19,
5943,M012665,2025-12-29,
5943,M012665,2026-01-05,
5943,M012665,2026-01-12,
5943,M012665,2026-01-19,
5943,M010532,2025-12-29,
5943,M010532,2026-01-05,
5943,M010532,2026-01-12,
5943,M010532,2026-01-19,
5943,M016311,2025-12-29,
5943,M016311,2026-01-05,
5943,M016311,2026-01-12,
5943,M016311,2026-01-19,
5943,M010079,2025-12-29,
5943,M010079,2026-01-05,
5943,M010079,2026-01-12,
5943,M010079,2026-01-19,
5943,M010453,2025-12-29,
5943,M010453,2026-01-05,
5943,M010453,2026-01-12,
5943,M010453,2026-01-19,
5943,M016641,2025-12-29,
5943,M016641,2026-01-05,
5943,M016641,2026-01-12,
5943,M016641,2026-01-19,
5943,M010788,2025-12-29,
5943,M010788,2026-01-05,
5943,M010788,2026-01-12,
5943,M010788,2026-01-19,
6064,M010079,2025-12-29,
6064,M010079,2026-01-05,
6064,M010079,2026-01-12,
6064,M010079,2026-01-19,
6064,M012706,2025-12-29,
6064,M012706,2026-01-05,
6064,M012706,2026-01-12,
6064,M012706,2026-01-19,
6064,M013459,2025-12-29,
6064,M013459,2026-01-05,
6064,M013459,2026-01-12,
6064,M013459,2026-01-19,
6064,M009542,2025-12-29,
6064,M009542,2026-01-05,
6064,M009542,2026-01-12,
6064,M009542,2026-01-19,
6064,M013294,2025-12-29,
6064,M013294,2026-01-05,
6064,M013294,2026-01-12,
6064,M013294,2026-01-19,
6064,M009898,2025-12-29,
6064,M009898,2026-01-05,
6064,M009898,2026-01-12,
6064,M009898,2026-01-19,
6064,M010862,2025-12-29,
6064,M010862,2026-01-05,
6064,M010862,2026-01-12,
6064,M010862,2026-01-19,
6064,M009630,2025-12-29,
6064,M009630,2026-01-05,
6064,M009630,2026-01-12,
6064,M009630,2026-01-19,
6064,M009651,2025-12-29,
6064,M009651,2026-01-05,
6064,M009651,2026-01-12,
6064,M009651,2026-01-19,
6064,M010676,2025-12-29,
6064,M010676,2026-01-05,
6064,M010676,2026-01-12,
6064,M010676,2026-01-19,
6064,M013477,2025-12-29,
6064,M013477,2026-01-05,
6064,M013477,2026-01-12,
6064,M013477,2026-01-19,
6064,M009970,2025-12-29,
6064,M009970,2026-01-05,
6064,M009970,2026-01-12,
6064,M009970,2026-01-19,
6064,M009364,2025-12-29,
6064,M009364,2026-01-05,
6064,M009364,2026-01-12,
6064,M009364,2026-01-19,
6064,M011086,2025-12-29,
6064,M011086,2026-01-05,
6064,M011086,2026-01-12,
6064,M011086,2026-01-19,
6228,M013086,2025-12-29,
6228,M013086,2026-01-05,
6228,M013086,2026-01-12,
6228,M013086,2026-01-19,
6228,M010200,2025-12-29,
6228,M010200,2026-01-05,
6228,M010200,2026-01-12,
6228,M010200,2026-01-19,
6228,M013459,2025-12-29,
6228,M013459,2026-01-05,
6228,M013459,2026-01-12,
6228,M013459,2026-01-19,
6228,M010253,2025-12-29,
6228,M010253,2026-01-05,
6228,M010253,2026-01-12,
6228,M010253,2026-01-19,
6228,M011086,2025-12-29,
6228,M011086,2026-01-05,
6228,M011086,2026-01-12,
6228,M011086,2026-01-19,
6228,M014013,2025-12-29,
6228,M014013,2026-01-05,
6228,M014013,2026-01-12,
6228,M014013,2026-01-19,
6228,M011339,2025-12-29,
6228,M011339,2026-01-05,
6228,M011339,2026-01-12,
6228,M011339,2026-01-19,
6273,M009542,2025-12-29,
6273,M009542,2026-01-05,
6273,M009542,2026-01-12,
6273,M009542,2026-01-19,
6273,M012665,2025-12-29,
6273,M012665,2026-01-05,
6273,M012665,2026-01-12,
6273,M012665,2026-01-19,
6273,M010771,2025-12-29,
6273,M010771,2026-01-05,
6273,M010771,2026-01-12,
6273,M010771,2026-01-19,
6273,M009898,2025-12-29,
6273,M009898,2026-01-05,
6273,M009898,2026-01-12,
6273,M009898,2026-01-19,
6273,M009284,2025-12-29,
6273,M009284,2026-01-05,
6273,M009284,2026-01-12,
6273,M009284,2026-01-19,
6273,M016641,2025-12-29,
6273,M016641,2026-01-05,
6273,M016641,2026-01-12,
6273,M016641,2026-01-19,
6273,M009594,2025-12-29,
6273,M009594,2026-01-05,
6273,M009594,2026-01-12,
6273,M009594,2026-01-19,
6273,M010868,2025-12-29,
6273,M010868,2026-01-05,
6273,M010868,2026-01-12,
6273,M010868,2026-01-19,
6273,M013962,2025-12-29,
6273,M013962,2026-01-05,
6273,M013962,2026-01-12,
6273,M013962,2026-01-19,
6299,M016641,2025-12-29,
6299,M016641,2026-01-05,
6299,M016641,2026-01-12,
6299,M016641,2026-01-19,
6299,M010079,2025-12-29,
6299,M010079,2026-01-05,
6299,M010079,2026-01-12,
6299,M010079,2026-01-19,
6299,M010200,2025-12-29,
6299,M010200,2026-01-05,
6299,M010200,2026-01-12,
6299,M010200,2026-01-19,
6299,M009651,2025-12-29,
6299,M009651,2026-01-05,
6299,M009651,2026-01-12,
6299,M009651,2026-01-19,
6299,M011075,2025-12-29,
6299,M011075,2026-01-05,
6299,M011075,2026-01-12,
6299,M011075,2026-01-19,
6299,M012860,2025-12-29,
6299,M012860,2026-01-05,
6299,M012860,2026-01-12,
6299,M012860,2026-01-19,
6299,M013962,2025-12-29,
6299,M013962,2026-01-05,
6299,M013962,2026-01-12,
6299,M013962,2026-01-19,
6299,M009072,2025-12-29,
6299,M009072,2026-01-05,
6299,M009072,2026-01-12,
6299,M009072,2026-01-19,
6299,M013086,2025-12-29,
6299,M013086,2026-01-05,
6299,M013086,2026-01-12,
6299,M013086,2026-01-19,
6299,M010253,2025-12-29,
6299,M010253,2026-01-05,
6299,M010253,2026-01-12,
6299,M010253,2026-01-19,
6299,M009648,2025-12-29,
6299,M009648,2026-01-05,
6299,M009648,2026-01-12,
6299,M009648,2026-01-19,
6299,M010862,2025-12-29,
6299,M010862,2026-01-05,
6299,M010862,2026-01-12,
6299,M010862,2026-01-19,
6299,M016350,2025-12-29,
6299,M016350,2026-01-05,
6299,M016350,2026-01-12,
6299,M016350,2026-01-19,
6299,M010882,2025-12-29,
6299,M010882,2026-01-05,
6299,M010882,2026-01-12,
6299,M010882,2026-01-19,
6299,M010676,2025-12-29,
6299,M010676,2026-01-05,
6299,M010676,2026-01-12,
6299,M010676,2026-01-19,
6299,M009364,2025-12-29,
6299,M009364,2026-01-05,
6299,M009364,2026-01-12,
6299,M009364,2026-01-19,
6299,M014771,2025-12-29,
6299,M014771,2026-01-05,
6299,M014771,2026-01-12,
6299,M014771,2026-01-19,
6299,M010184,2025-12-29,
6299,M010184,2026-01-05,
6299,M010184,2026-01-12,
6299,M010184,2026-01-19,
6299,M009284,2025-12-29,
6299,M009284,2026-01-05,
6299,M009284,2026-01-12,
6299,M009284,2026-01-19,
6299,M012706,2025-12-29,
6299,M012706,2026-01-05,
6299,M012706,2026-01-12,
6299,M012706,2026-01-19,
6299,M010075,2025-12-29,
6299,M010075,2026-01-05,
6299,M010075,2026-01-12,
6299,M010075,2026-01-19,
6299,M009630,2025-12-29,
6299,M009630,2026-01-05,
6299,M009630,2026-01-12,
6299,M009630,2026-01-19,
6299,M010208,2025-12-29,
6299,M010208,2026-01-05,
6299,M010208,2026-01-12,
6299,M010208,2026-01-19,
6724,M014771,2025-12-29,
6724,M014771,2026-01-05,
6724,M014771,2026-01-12,
6724,M014771,2026-01-19,
6724,M013962,2025-12-29,
6724,M013962,2026-01-05,
6724,M013962,2026-01-12,
6724,M013962,2026-01-19,
6724,M011075,2025-12-29,
6724,M011075,2026-01-05,
6724,M011075,2026-01-12,
6724,M011075,2026-01-19,
6724,M010253,2025-12-29,
6724,M010253,2026-01-05,
6724,M010253,2026-01-12,
6724,M010253,2026-01-19,
6724,M010204,2025-12-29,
6724,M010204,2026-01-05,
6724,M010204,2026-01-12,
6724,M010204,2026-01-19,
6724,M016641,2025-12-29,
6724,M016641,2026-01-05,
6724,M016641,2026-01-12,
6724,M016641,2026-01-19,
6724,M009898,2025-12-29,
6724,M009898,2026-01-05,
6724,M009898,2026-01-12,
6724,M009898,2026-01-19,
6724,M010132,2025-12-29,
6724,M010132,2026-01-05,
6724,M010132,2026-01-12,
6724,M010132,2026-01-19,
6724,M010882,2025-12-29,
6724,M010882,2026-01-05,
6724,M010882,2026-01-12,
6724,M010882,2026-01-19,
6724,M009371,2025-12-29,
6724,M009371,2026-01-05,
6724,M009371,2026-01-12,
6724,M009371,2026-01-19,
6724,M013294,2025-12-29,
6724,M013294,2026-01-05,
6724,M013294,2026-01-12,
6724,M013294,2026-01-19,
6724,M010082,2025-12-29,
6724,M010082,2026-01-05,
6724,M010082,2026-01-12,
6724,M010082,2026-01-19,
6724,M010862,2025-12-29,
6724,M010862,2026-01-05,
6724,M010862,2026-01-12,
6724,M010862,2026-01-19,
6724,M010788,2025-12-29,
6724,M010788,2026-01-05,
6724,M010788,2026-01-12,
6724,M010788,2026-01-19,
6724,M009651,2025-12-29,
6724,M009651,2026-01-05,
6724,M009651,2026-01-12,
6724,M009651,2026-01-19,
6724,M010532,2025-12-29,
6724,M010532,2026-01-05,
6724,M010532,2026-01-12,
6724,M010532,2026-01-19,
6724,M013459,2025-12-29,
6724,M013459,2026-01-05,
6724,M013459,2026-01-12,
6724,M013459,2026-01-19,
6724,M010079,2025-12-29,
6724,M010079,2026-01-05,
6724,M010079,2026-01-12,
6724,M010079,2026-01-19,
6724,M009072,2025-12-29,
6724,M009072,2026-01-05,
6724,M009072,2026-01-12,
6724,M009072,2026-01-19,
6724,M012665,2025-12-29,
6724,M012665,2026-01-05,
6724,M012665,2026-01-12,
6724,M012665,2026-01-19,
6724,M012860,2025-12-29,
6724,M012860,2026-01-05,
6724,M012860,2026-01-12,
6724,M012860,2026-01-19,
6724,M009518,2025-12-29,
6724,M009518,2026-01-05,
6724,M009518,2026-01-12,
6724,M009518,2026-01-19,
6724,M009542,2025-12-29,
6724,M009542,2026-01-05,
6724,M009542,2026-01-12,
6724,M009542,2026-01-19,
6724,M013086,2025-12-29,
6724,M013086,2026-01-05,
6724,M013086,2026-01-12,
6724,M013086,2026-01-19,
6724,M010075,2025-12-29,
6724,M010075,2026-01-05,
6724,M010075,2026-01-12,
6724,M010075,2026-01-19,
6724,M009630,2025-12-29,
6724,M009630,2026-01-05,
6724,M009630,2026-01-12,
6724,M009630,2026-01-19,
6724,M009284,2025-12-29,
6724,M009284,2026-01-05,
6724,M009284,2026-01-12,
6724,M009284,2026-01-19,
6724,M012706,2025-12-29,
6724,M012706,2026-01-05,
6724,M012706,2026-01-12,
6724,M012706,2026-01-19,
6724,M010208,2025-12-29,
6724,M010208,2026-01-05,
6724,M010208,2026-01-12,
6724,M010208,2026-01-19,
6724,M010676,2025-12-29,
6724,M010676,2026-01-05,
6724,M010676,2026-01-12,
6724,M010676,2026-01-19,
6724,M010184,2025-12-29,
6724,M010184,2026-01-05,
6724,M010184,2026-01-12,
6724,M010184,2026-01-19,
6724,M010038,2025-12-29,
6724,M010038,2026-01-05,
6724,M010038,2026-01-12,
6724,M010038,2026-01-19,
6724,M009364,2025-12-29,
6724,M009364,2026-01-05,
6724,M009364,2026-01-12,
6724,M009364,2026-01-19,
6724,M009970,2025-12-29,
6724,M009970,2026-01-05,
6724,M009970,2026-01-12,
6724,M009970,2026-01-19,
6783,M013459,2025-12-29,
6783,M013459,2026-01-05,
6783,M013459,2026-01-12,
6783,M013459,2026-01-19,
6783,M009594,2025-12-29,
6783,M009594,2026-01-05,
6783,M009594,2026-01-12,
6783,M009594,2026-01-19,
6783,M009364,2025-12-29,
6783,M009364,2026-01-05,
6783,M009364,2026-01-12,
6783,M009364,2026-01-19,
6783,M014013,2025-12-29,
6783,M014013,2026-01-05,
6783,M014013,2026-01-12,
6783,M014013,2026-01-19,
6783,M011339,2025-12-29,
6783,M011339,2026-01-05,
6783,M011339,2026-01-12,
6783,M011339,2026-01-19,
6783,M009970,2025-12-29,
6783,M009970,2026-01-05,
6783,M009970,2026-01-12,
6783,M009970,2026-01-19,
6783,M013294,2025-12-29,
6783,M013294,2026-01-05,
6783,M013294,2026-01-12,
6783,M013294,2026-01-19,
6783,M009630,2025-12-29,
6783,M009630,2026-01-05,
6783,M009630,2026-01-12,
6783,M009630,2026-01-19,
6797,M010208,2025-12-29,
6797,M010208,2026-01-05,
6797,M010208,2026-01-12,
6797,M010208,2026-01-19,
6797,M011086,2025-12-29,
6797,M011086,2026-01-05,
6797,M011086,2026-01-12,
6797,M011086,2026-01-19,
6797,M011232,2025-12-29,
6797,M011232,2026-01-05,
6797,M011232,2026-01-12,
6797,M011232,2026-01-19,
6797,M010532,2025-12-29,
6797,M010532,2026-01-05,
6797,M010532,2026-01-12,
6797,M010532,2026-01-19,
6797,M010862,2025-12-29,
6797,M010862,2026-01-05,
6797,M010862,2026-01-12,
6797,M010862,2026-01-19,
6797,M013294,2025-12-29,
6797,M013294,2026-01-05,
6797,M013294,2026-01-12,
6797,M013294,2026-01-19,
6797,M011075,2025-12-29,
6797,M011075,2026-01-05,
6797,M011075,2026-01-12,
6797,M011075,2026-01-19,
6797,M013086,2025-12-29,
6797,M013086,2026-01-05,
6797,M013086,2026-01-12,
6797,M013086,2026-01-19,
6797,M009518,2025-12-29,
6797,M009518,2026-01-05,
6797,M009518,2026-01-12,
6797,M009518,2026-01-19,
6797,M011339,2025-12-29,
6797,M011339,2026-01-05,
6797,M011339,2026-01-12,
6797,M011339,2026-01-19,
6797,M010771,2025-12-29,
6797,M010771,2026-01-05,
6797,M010771,2026-01-12,
6797,M010771,2026-01-19,
6797,M010204,2025-12-29,
6797,M010204,2026-01-05,
6797,M010204,2026-01-12,
6797,M010204,2026-01-19,
6797,M012665,2025-12-29,
6797,M012665,2026-01-05,
6797,M012665,2026-01-12,
6797,M012665,2026-01-19,
6797,M010676,2025-12-29,
6797,M010676,2026-01-05,
6797,M010676,2026-01-12,
6797,M010676,2026-01-19,
6797,M009630,2025-12-29,
6797,M009630,2026-01-05,
6797,M009630,2026-01-12,
6797,M009630,2026-01-19,
6797,M009371,2025-12-29,
6797,M009371,2026-01-05,
6797,M009371,2026-01-12,
6797,M009371,2026-01-19,
6797,M009364,2025-12-29,
6797,M009364,2026-01-05,
6797,M009364,2026-01-12,
6797,M009364,2026-01-19,
6797,M016641,2025-12-29,
6797,M016641,2026-01-05,
6797,M016641,2026-01-12,
6797,M016641,2026-01-19,
6797,M010079,2025-12-29,
6797,M010079,2026-01-05,
6797,M010079,2026-01-12,
6797,M010079,2026-01-19,
6797,M009594,2025-12-29,
6797,M009594,2026-01-05,
6797,M009594,2026-01-12,
6797,M009594,2026-01-19,
6797,M010882,2025-12-29,
6797,M010882,2026-01-05,
6797,M010882,2026-01-12,
6797,M010882,2026-01-19,
6797,M010075,2025-12-29,
6797,M010075,2026-01-05,
6797,M010075,2026-01-12,
6797,M010075,2026-01-19,
6797,M009651,2025-12-29,
6797,M009651,2026-01-05,
6797,M009651,2026-01-12,
6797,M009651,2026-01-19,
6797,M010200,2025-12-29,
6797,M010200,2026-01-05,
6797,M010200,2026-01-12,
6797,M010200,2026-01-19,
6797,M013477,2025-12-29,
6797,M013477,2026-01-05,
6797,M013477,2026-01-12,
6797,M013477,2026-01-19,
6797,M009542,2025-12-29,
6797,M009542,2026-01-05,
6797,M009542,2026-01-12,
6797,M009542,2026-01-19,
6797,M009284,2025-12-29,
6797,M009284,2026-01-05,
6797,M009284,2026-01-12,
6797,M009284,2026-01-19,
6797,M014771,2025-12-29,
6797,M014771,2026-01-05,
6797,M014771,2026-01-12,
6797,M014771,2026-01-19,
6797,M016350,2025-12-29,
6797,M016350,2026-01-05,
6797,M016350,2026-01-12,
6797,M016350,2026-01-19,
6797,M009648,2025-12-29,
6797,M009648,2026-01-05,
6797,M009648,2026-01-12,
6797,M009648,2026-01-19,
6797,M012706,2025-12-29,
6797,M012706,2026-01-05,
6797,M012706,2026-01-12,
6797,M012706,2026-01-19,
6797,M013962,2025-12-29,
6797,M013962,2026-01-05,
6797,M013962,2026-01-12,
6797,M013962,2026-01-19,
6797,M009898,2025-12-29,
6797,M009898,2026-01-05,
6797,M009898,2026-01-12,
6797,M009898,2026-01-19,
6797,M010082,2025-12-29,
6797,M010082,2026-01-05,
6797,M010082,2026-01-12,
6797,M010082,2026-01-19,
6797,M010253,2025-12-29,
6797,M010253,2026-01-05,
6797,M010253,2026-01-12,
6797,M010253,2026-01-19,
6797,M010038,2025-12-29,
6797,M010038,2026-01-05,
6797,M010038,2026-01-12,
6797,M010038,2026-01-19,
6797,M010184,2025-12-29,
6797,M010184,2026-01-05,
6797,M010184,2026-01-12,
6797,M010184,2026-01-19,
6797,M009072,2025-12-29,
6797,M009072,2026-01-05,
6797,M009072,2026-01-12,
6797,M009072,2026-01-19,
6797,M009050,2025-12-29,
6797,M009050,2026-01-05,
6797,M009050,2026-01-12,
6797,M009050,2026-01-19,
6797,M010132,2025-12-29,
6797,M010132,2026-01-05,
6797,M010132,2026-01-12,
6797,M010132,2026-01-19,
6797,M009970,2025-12-29,
6797,M009970,2026-01-05,
6797,M009970,2026-01-12,
6797,M009970,2026-01-19,
6797,M016311,2025-12-29,
6797,M016311,2026-01-05,
6797,M016311,2026-01-12,
6797,M016311,2026-01-19,
6797,M012860,2025-12-29,
6797,M012860,2026-01-05,
6797,M012860,2026-01-12,
6797,M012860,2026-01-19,
6827,M009542,2025-12-29,
6827,M009542,2026-01-05,
6827,M009542,2026-01-12,
6827,M009542,2026-01-19,
6827,M009898,2025-12-29,
6827,M009898,2026-01-05,
6827,M009898,2026-01-12,
6827,M009898,2026-01-19,
6827,M013294,2025-12-29,
6827,M013294,2026-01-05,
6827,M013294,2026-01-12,
6827,M013294,2026-01-19,
6827,M011075,2025-12-29,
6827,M011075,2026-01-05,
6827,M011075,2026-01-12,
6827,M011075,2026-01-19,
6827,M010204,2025-12-29,
6827,M010204,2026-01-05,
6827,M010204,2026-01-12,
6827,M010204,2026-01-19,
6827,M013962,2025-12-29,
6827,M013962,2026-01-05,
6827,M013962,2026-01-12,
6827,M013962,2026-01-19,
6827,M016311,2025-12-29,
6827,M016311,2026-01-05,
6827,M016311,2026-01-12,
6827,M016311,2026-01-19,
6827,M010132,2025-12-29,
6827,M010132,2026-01-05,
6827,M010132,2026-01-12,
6827,M010132,2026-01-19,
6827,M010082,2025-12-29,
6827,M010082,2026-01-05,
6827,M010082,2026-01-12,
6827,M010082,2026-01-19,
6827,M010253,2025-12-29,
6827,M010253,2026-01-05,
6827,M010253,2026-01-12,
6827,M010253,2026-01-19,
6827,M010453,2025-12-29,
6827,M010453,2026-01-05,
6827,M010453,2026-01-12,
6827,M010453,2026-01-19,
6827,M009970,2025-12-29,
6827,M009970,2026-01-05,
6827,M009970,2026-01-12,
6827,M009970,2026-01-19,
6827,M010882,2025-12-29,
6827,M010882,2026-01-05,
6827,M010882,2026-01-12,
6827,M010882,2026-01-19,
6827,M009594,2025-12-29,
6827,M009594,2026-01-05,
6827,M009594,2026-01-12,
6827,M009594,2026-01-19,
6827,M010208,2025-12-29,
6827,M010208,2026-01-05,
6827,M010208,2026-01-12,
6827,M010208,2026-01-19,
6827,M013220,2025-12-29,
6827,M013220,2026-01-05,
6827,M013220,2026-01-12,
6827,M013220,2026-01-19,
6827,M010862,2025-12-29,
6827,M010862,2026-01-05,
6827,M010862,2026-01-12,
6827,M010862,2026-01-19,
6827,M011086,2025-12-29,
6827,M011086,2026-01-05,
6827,M011086,2026-01-12,
6827,M011086,2026-01-19,
6827,M010676,2025-12-29,
6827,M010676,2026-01-05,
6827,M010676,2026-01-12,
6827,M010676,2026-01-19,
6827,M012665,2025-12-29,
6827,M012665,2026-01-05,
6827,M012665,2026-01-12,
6827,M012665,2026-01-19,
6827,M010532,2025-12-29,
6827,M010532,2026-01-05,
6827,M010532,2026-01-12,
6827,M010532,2026-01-19,
6827,M011339,2025-12-29,
6827,M011339,2026-01-05,
6827,M011339,2026-01-12,
6827,M011339,2026-01-19,
6827,M010075,2025-12-29,
6827,M010075,2026-01-05,
6827,M010075,2026-01-12,
6827,M010075,2026-01-19,
6827,M009630,2025-12-29,
6827,M009630,2026-01-05,
6827,M009630,2026-01-12,
6827,M009630,2026-01-19,
6827,M009371,2025-12-29,
6827,M009371,2026-01-05,
6827,M009371,2026-01-12,
6827,M009371,2026-01-19,
6827,M013477,2025-12-29,
6827,M013477,2026-01-05,
6827,M013477,2026-01-12,
6827,M013477,2026-01-19,
6827,M012115,2025-12-29,
6827,M012115,2026-01-05,
6827,M012115,2026-01-12,
6827,M012115,2026-01-19,
6827,M009364,2025-12-29,
6827,M009364,2026-01-05,
6827,M009364,2026-01-12,
6827,M009364,2026-01-19,
6827,M009648,2025-12-29,
6827,M009648,2026-01-05,
6827,M009648,2026-01-12,
6827,M009648,2026-01-19,
6827,M013459,2025-12-29,
6827,M013459,2026-01-05,
6827,M013459,2026-01-12,
6827,M013459,2026-01-19,
6827,M009284,2025-12-29,
6827,M009284,2026-01-05,
6827,M009284,2026-01-12,
6827,M009284,2026-01-19,
6827,M011232,2025-12-29,
6827,M011232,2026-01-05,
6827,M011232,2026-01-12,
6827,M011232,2026-01-19,
6827,M009072,2025-12-29,
6827,M009072,2026-01-05,
6827,M009072,2026-01-12,
6827,M009072,2026-01-19,
6827,M012706,2025-12-29,
6827,M012706,2026-01-05,
6827,M012706,2026-01-12,
6827,M012706,2026-01-19,
6827,M016350,2025-12-29,
6827,M016350,2026-01-05,
6827,M016350,2026-01-12,
6827,M016350,2026-01-19,
6827,M009518,2025-12-29,
6827,M009518,2026-01-05,
6827,M009518,2026-01-12,
6827,M009518,2026-01-19,
6827,M013086,2025-12-29,
6827,M013086,2026-01-05,
6827,M013086,2026-01-12,
6827,M013086,2026-01-19,
6827,M010788,2025-12-29,
6827,M010788,2026-01-05,
6827,M010788,2026-01-12,
6827,M010788,2026-01-19,
6827,M016641,2025-12-29,
6827,M016641,2026-01-05,
6827,M016641,2026-01-12,
6827,M016641,2026-01-19,
6827,M014771,2025-12-29,
6827,M014771,2026-01-05,
6827,M014771,2026-01-12,
6827,M014771,2026-01-19,
6905,M012665,2025-12-29,
6905,M012665,2026-01-05,
6905,M012665,2026-01-12,
6905,M012665,2026-01-19,
6905,M011232,2025-12-29,
6905,M011232,2026-01-05,
6905,M011232,2026-01-12,
6905,M011232,2026-01-19,
6905,M009542,2025-12-29,
6905,M009542,2026-01-05,
6905,M009542,2026-01-12,
6905,M009542,2026-01-19,
6905,M016311,2025-12-29,
6905,M016311,2026-01-05,
6905,M016311,2026-01-12,
6905,M016311,2026-01-19,
6905,M011075,2025-12-29,
6905,M011075,2026-01-05,
6905,M011075,2026-01-12,
6905,M011075,2026-01-19,
6905,M009364,2025-12-29,
6905,M009364,2026-01-05,
6905,M009364,2026-01-12,
6905,M009364,2026-01-19,
6905,M011086,2025-12-29,
6905,M011086,2026-01-05,
6905,M011086,2026-01-12,
6905,M011086,2026-01-19,
6905,M009594,2025-12-29,
6905,M009594,2026-01-05,
6905,M009594,2026-01-12,
6905,M009594,2026-01-19,
6905,M010676,2025-12-29,
6905,M010676,2026-01-05,
6905,M010676,2026-01-12,
6905,M010676,2026-01-19,
6905,M013477,2025-12-29,
6905,M013477,2026-01-05,
6905,M013477,2026-01-12,
6905,M013477,2026-01-19,
6905,M009970,2025-12-29,
6905,M009970,2026-01-05,
6905,M009970,2026-01-12,
6905,M009970,2026-01-19,
6905,M010075,2025-12-29,
6905,M010075,2026-01-05,
6905,M010075,2026-01-12,
6905,M010075,2026-01-19,
6905,M012115,2025-12-29,
6905,M012115,2026-01-05,
6905,M012115,2026-01-12,
6905,M012115,2026-01-19,
6905,M010788,2025-12-29,
6905,M010788,2026-01-05,
6905,M010788,2026-01-12,
6905,M010788,2026-01-19,
6905,M010208,2025-12-29,
6905,M010208,2026-01-05,
6905,M010208,2026-01-12,
6905,M010208,2026-01-19,
6905,M013220,2025-12-29,
6905,M013220,2026-01-05,
6905,M013220,2026-01-12,
6905,M013220,2026-01-19,
6905,M010771,2025-12-29,
6905,M010771,2026-01-05,
6905,M010771,2026-01-12,
6905,M010771,2026-01-19,
6905,M014771,2025-12-29,
6905,M014771,2026-01-05,
6905,M014771,2026-01-12,
6905,M014771,2026-01-19,
6905,M012860,2025-12-29,
6905,M012860,2026-01-05,
6905,M012860,2026-01-12,
6905,M012860,2026-01-19,
6905,M016350,2025-12-29,
6905,M016350,2026-01-05,
6905,M016350,2026-01-12,
6905,M016350,2026-01-19,
6905,M010204,2025-12-29,
6905,M010204,2026-01-05,
6905,M010204,2026-01-12,
6905,M010204,2026-01-19,
6905,M009898,2025-12-29,
6905,M009898,2026-01-05,
6905,M009898,2026-01-12,
6905,M009898,2026-01-19,
6909,M009072,2025-12-29,
6909,M009072,2026-01-05,
6909,M009072,2026-01-12,
6909,M009072,2026-01-19,
6909,M010200,2025-12-29,
6909,M010200,2026-01-05,
6909,M010200,2026-01-12,
6909,M010200,2026-01-19,
6909,M010862,2025-12-29,
6909,M010862,2026-01-05,
6909,M010862,2026-01-12,
6909,M010862,2026-01-19,
6909,M010676,2025-12-29,
6909,M010676,2026-01-05,
6909,M010676,2026-01-12,
6909,M010676,2026-01-19,
6909,M013086,2025-12-29,
6909,M013086,2026-01-05,
6909,M013086,2026-01-12,
6909,M013086,2026-01-19,
6909,M016641,2025-12-29,
6909,M016641,2026-01-05,
6909,M016641,2026-01-12,
6909,M016641,2026-01-19,
6909,M010868,2025-12-29,
6909,M010868,2026-01-05,
6909,M010868,2026-01-12,
6909,M010868,2026-01-19,
6909,M010208,2025-12-29,
6909,M010208,2026-01-05,
6909,M010208,2026-01-12,
6909,M010208,2026-01-19,
6909,M012860,2025-12-29,
6909,M012860,2026-01-05,
6909,M012860,2026-01-12,
6909,M012860,2026-01-19,
6909,M014013,2025-12-29,
6909,M014013,2026-01-05,
6909,M014013,2026-01-12,
6909,M014013,2026-01-19,
6909,M009364,2025-12-29,
6909,M009364,2026-01-05,
6909,M009364,2026-01-12,
6909,M009364,2026-01-19,
6909,M010079,2025-12-29,
6909,M010079,2026-01-05,
6909,M010079,2026-01-12,
6909,M010079,2026-01-19,
6909,M009050,2025-12-29,
6909,M009050,2026-01-05,
6909,M009050,2026-01-12,
6909,M009050,2026-01-19,
6909,M009542,2025-12-29,
6909,M009542,2026-01-05,
6909,M009542,2026-01-12,
6909,M009542,2026-01-19,
7273,M009970,2025-12-29,
7273,M009970,2026-01-05,
7273,M009970,2026-01-12,
7273,M009970,2026-01-19,
7273,M012860,2025-12-29,
7273,M012860,2026-01-05,
7273,M012860,2026-01-12,
7273,M012860,2026-01-19,
7273,M009072,2025-12-29,
7273,M009072,2026-01-05,
7273,M009072,2026-01-12,
7273,M009072,2026-01-19,
7273,M010184,2025-12-29,
7273,M010184,2026-01-05,
7273,M010184,2026-01-12,
7273,M010184,2026-01-19,
7273,M013220,2025-12-29,
7273,M013220,2026-01-05,
7273,M013220,2026-01-12,
7273,M013220,2026-01-19,
7273,M010676,2025-12-29,
7273,M010676,2026-01-05,
7273,M010676,2026-01-12,
7273,M010676,2026-01-19,
7273,M014771,2025-12-29,
7273,M014771,2026-01-05,
7273,M014771,2026-01-12,
7273,M014771,2026-01-19,
7273,M010200,2025-12-29,
7273,M010200,2026-01-05,
7273,M010200,2026-01-12,
7273,M010200,2026-01-19,
7273,M010453,2025-12-29,
7273,M010453,2026-01-05,
7273,M010453,2026-01-12,
7273,M010453,2026-01-19,
7273,M010862,2025-12-29,
7273,M010862,2026-01-05,
7273,M010862,2026-01-12,
7273,M010862,2026-01-19,
7273,M013086,2025-12-29,
7273,M013086,2026-01-05,
7273,M013086,2026-01-12,
7273,M013086,2026-01-19,
7467,M010208,2025-12-29,
7467,M010208,2026-01-05,
7467,M010208,2026-01-12,
7467,M010208,2026-01-19,
7467,M009542,2025-12-29,
7467,M009542,2026-01-05,
7467,M009542,2026-01-12,
7467,M009542,2026-01-19,
7467,M009651,2025-12-29,
7467,M009651,2026-01-05,
7467,M009651,2026-01-12,
7467,M009651,2026-01-19,
7467,M013477,2025-12-29,
7467,M013477,2026-01-05,
7467,M013477,2026-01-12,
7467,M013477,2026-01-19,
7467,M012115,2025-12-29,
7467,M012115,2026-01-05,
7467,M012115,2026-01-12,
7467,M012115,2026-01-19,
7467,M013086,2025-12-29,
7467,M013086,2026-01-05,
7467,M013086,2026-01-12,
7467,M013086,2026-01-19,
7467,M009072,2025-12-29,
7467,M009072,2026-01-05,
7467,M009072,2026-01-12,
7467,M009072,2026-01-19,
7467,M010532,2025-12-29,
7467,M010532,2026-01-05,
7467,M010532,2026-01-12,
7467,M010532,2026-01-19,
7467,M010253,2025-12-29,
7467,M010253,2026-01-05,
7467,M010253,2026-01-12,
7467,M010253,2026-01-19,
7467,M016641,2025-12-29,
7467,M016641,2026-01-05,
7467,M016641,2026-01-12,
7467,M016641,2026-01-19,
7467,M012860,2025-12-29,
7467,M012860,2026-01-05,
7467,M012860,2026-01-12,
7467,M012860,2026-01-19,
7506,M009648,2025-12-29,
7506,M009648,2026-01-05,
7506,M009648,2026-01-12,
7506,M009648,2026-01-19,
7506,M009970,2025-12-29,
7506,M009970,2026-01-05,
7506,M009970,2026-01-12,
7506,M009970,2026-01-19,
7506,M011232,2025-12-29,
7506,M011232,2026-01-05,
7506,M011232,2026-01-12,
7506,M011232,2026-01-19,
7506,M013459,2025-12-29,
7506,M013459,2026-01-05,
7506,M013459,2026-01-12,
7506,M013459,2026-01-19,
7506,M010868,2025-12-29,
7506,M010868,2026-01-05,
7506,M010868,2026-01-12,
7506,M010868,2026-01-19,
7506,M012706,2025-12-29,
7506,M012706,2026-01-05,
7506,M012706,2026-01-12,
7506,M012706,2026-01-19,
7506,M009594,2025-12-29,
7506,M009594,2026-01-05,
7506,M009594,2026-01-12,
7506,M009594,2026-01-19,
7506,M012115,2025-12-29,
7506,M012115,2026-01-05,
7506,M012115,2026-01-12,
7506,M012115,2026-01-19,
7506,M010079,2025-12-29,
7506,M010079,2026-01-05,
7506,M010079,2026-01-12,
7506,M010079,2026-01-19,
7506,M010208,2025-12-29,
7506,M010208,2026-01-05,
7506,M010208,2026-01-12,
7506,M010208,2026-01-19,
7506,M010771,2025-12-29,
7506,M010771,2026-01-05,
7506,M010771,2026-01-12,
7506,M010771,2026-01-19,
7506,M011339,2025-12-29,
7506,M011339,2026-01-05,
7506,M011339,2026-01-12,
7506,M011339,2026-01-19,
7531,M013459,2025-12-29,
7531,M013459,2026-01-05,
7531,M013459,2026-01-12,
7531,M013459,2026-01-19,
7531,M012115,2025-12-29,
7531,M012115,2026-01-05,
7531,M012115,2026-01-12,
7531,M012115,2026-01-19,
7531,M010676,2025-12-29,
7531,M010676,2026-01-05,
7531,M010676,2026-01-12,
7531,M010676,2026-01-19,
7531,M009542,2025-12-29,
7531,M009542,2026-01-05,
7531,M009542,2026-01-12,
7531,M009542,2026-01-19,
7531,M009648,2025-12-29,
7531,M009648,2026-01-05,
7531,M009648,2026-01-12,
7531,M009648,2026-01-19,
7531,M012665,2025-12-29,
7531,M012665,2026-01-05,
7531,M012665,2026-01-12,
7531,M012665,2026-01-19,
7531,M009594,2025-12-29,
7531,M009594,2026-01-05,
7531,M009594,2026-01-12,
7531,M009594,2026-01-19,
7541,M010788,2025-12-29,
7541,M010788,2026-01-05,
7541,M010788,2026-01-12,
7541,M010788,2026-01-19,
7541,M009072,2025-12-29,
7541,M009072,2026-01-05,
7541,M009072,2026-01-12,
7541,M009072,2026-01-19,
7541,M012706,2025-12-29,
7541,M012706,2026-01-05,
7541,M012706,2026-01-12,
7541,M012706,2026-01-19,
7541,M010862,2025-12-29,
7541,M010862,2026-01-05,
7541,M010862,2026-01-12,
7541,M010862,2026-01-19,
7541,M016641,2025-12-29,
7541,M016641,2026-01-05,
7541,M016641,2026-01-12,
7541,M016641,2026-01-19,
7541,M013086,2025-12-29,
7541,M013086,2026-01-05,
7541,M013086,2026-01-12,
7541,M013086,2026-01-19,
7541,M010453,2025-12-29,
7541,M010453,2026-01-05,
7541,M010453,2026-01-12,
7541,M010453,2026-01-19,
7541,M013962,2025-12-29,
7541,M013962,2026-01-05,
7541,M013962,2026-01-12,
7541,M013962,2026-01-19,
7541,M009594,2025-12-29,
7541,M009594,2026-01-05,
7541,M009594,2026-01-12,
7541,M009594,2026-01-19,
7541,M009970,2025-12-29,
7541,M009970,2026-01-05,
7541,M009970,2026-01-12,
7541,M009970,2026-01-19,
7541,M009651,2025-12-29,
7541,M009651,2026-01-05,
7541,M009651,2026-01-12,
7541,M009651,2026-01-19,
7541,M011339,2025-12-29,
7541,M011339,2026-01-05,
7541,M011339,2026-01-12,
7541,M011339,2026-01-19,
7541,M013477,2025-12-29,
7541,M013477,2026-01-05,
7541,M013477,2026-01-12,
7541,M013477,2026-01-19,
7603,M009284,2025-12-29,
7603,M009284,2026-01-05,
7603,M009284,2026-01-12,
7603,M009284,2026-01-19,
7603,M010079,2025-12-29,
7603,M010079,2026-01-05,
7603,M010079,2026-01-12,
7603,M010079,2026-01-19,
7603,M016641,2025-12-29,
7603,M016641,2026-01-05,
7603,M016641,2026-01-12,
7603,M016641,2026-01-19,
7603,M010200,2025-12-29,
7603,M010200,2026-01-05,
7603,M010200,2026-01-12,
7603,M010200,2026-01-19,
7603,M013294,2025-12-29,
7603,M013294,2026-01-05,
7603,M013294,2026-01-12,
7603,M013294,2026-01-19,
7603,M013220,2025-12-29,
7603,M013220,2026-01-05,
7603,M013220,2026-01-12,
7603,M013220,2026-01-19,
7603,M012665,2025-12-29,
7603,M012665,2026-01-05,
7603,M012665,2026-01-12,
7603,M012665,2026-01-19,
7666,M011086,2025-12-29,
7666,M011086,2026-01-05,
7666,M011086,2026-01-12,
7666,M011086,2026-01-19,
7666,M012860,2025-12-29,
7666,M012860,2026-01-05,
7666,M012860,2026-01-12,
7666,M012860,2026-01-19,
7666,M010082,2025-12-29,
7666,M010082,2026-01-05,
7666,M010082,2026-01-12,
7666,M010082,2026-01-19,
7666,M010038,2025-12-29,
7666,M010038,2026-01-05,
7666,M010038,2026-01-12,
7666,M010038,2026-01-19,
7666,M010771,2025-12-29,
7666,M010771,2026-01-05,
7666,M010771,2026-01-12,
7666,M010771,2026-01-19,
7666,M010862,2025-12-29,
7666,M010862,2026-01-05,
7666,M010862,2026-01-12,
7666,M010862,2026-01-19,
7666,M009050,2025-12-29,
7666,M009050,2026-01-05,
7666,M009050,2026-01-12,
7666,M009050,2026-01-19,
7666,M014013,2025-12-29,
7666,M014013,2026-01-05,
7666,M014013,2026-01-12,
7666,M014013,2026-01-19,
7666,M013962,2025-12-29,
7666,M013962,2026-01-05,
7666,M013962,2026-01-12,
7666,M013962,2026-01-19,
7666,M010453,2025-12-29,
7666,M010453,2026-01-05,
7666,M010453,2026-01-12,
7666,M010453,2026-01-19,
7666,M012706,2025-12-29,
7666,M012706,2026-01-05,
7666,M012706,2026-01-12,
7666,M012706,2026-01-19,
7666,M011232,2025-12-29,
7666,M011232,2026-01-05,
7666,M011232,2026-01-12,
7666,M011232,2026-01-19,
7666,M010208,2025-12-29,
7666,M010208,2026-01-05,
7666,M010208,2026-01-12,
7666,M010208,2026-01-19,
7666,M009594,2025-12-29,
7666,M009594,2026-01-05,
7666,M009594,2026-01-12,
7666,M009594,2026-01-19,
7666,M009072,2025-12-29,
7666,M009072,2026-01-05,
7666,M009072,2026-01-12,
7666,M009072,2026-01-19,
7707,M012860,2025-12-29,
7707,M012860,2026-01-05,
7707,M012860,2026-01-12,
7707,M012860,2026-01-19,
7707,M009648,2025-12-29,
7707,M009648,2026-01-05,
7707,M009648,2026-01-12,
7707,M009648,2026-01-19,
7707,M014013,2025-12-29,
7707,M014013,2026-01-05,
7707,M014013,2026-01-12,
7707,M014013,2026-01-19,
7707,M009284,2025-12-29,
7707,M009284,2026-01-05,
7707,M009284,2026-01-12,
7707,M009284,2026-01-19,
7707,M009594,2025-12-29,
7707,M009594,2026-01-05,
7707,M009594,2026-01-12,
7707,M009594,2026-01-19,
7707,M013962,2025-12-29,
7707,M013962,2026-01-05,
7707,M013962,2026-01-12,
7707,M013962,2026-01-19,
7707,M010788,2025-12-29,
7707,M010788,2026-01-05,
7707,M010788,2026-01-12,
7707,M010788,2026-01-19,
7707,M009651,2025-12-29,
7707,M009651,2026-01-05,
7707,M009651,2026-01-12,
7707,M009651,2026-01-19,
7707,M010200,2025-12-29,
7707,M010200,2026-01-05,
7707,M010200,2026-01-12,
7707,M010200,2026-01-19,
7707,M016641,2025-12-29,
7707,M016641,2026-01-05,
7707,M016641,2026-01-12,
7707,M016641,2026-01-19,
7707,M009364,2025-12-29,
7707,M009364,2026-01-05,
7707,M009364,2026-01-12,
7707,M009364,2026-01-19,
7707,M010253,2025-12-29,
7707,M010253,2026-01-05,
7707,M010253,2026-01-12,
7707,M010253,2026-01-19,
7707,M010862,2025-12-29,
7707,M010862,2026-01-05,
7707,M010862,2026-01-12,
7707,M010862,2026-01-19,
7707,M010532,2025-12-29,
7707,M010532,2026-01-05,
7707,M010532,2026-01-12,
7707,M010532,2026-01-19,
7707,M010882,2025-12-29,
7707,M010882,2026-01-05,
7707,M010882,2026-01-12,
7707,M010882,2026-01-19,
7707,M012706,2025-12-29,
7707,M012706,2026-01-05,
7707,M012706,2026-01-12,
7707,M012706,2026-01-19,
7707,M009630,2025-12-29,
7707,M009630,2026-01-05,
7707,M009630,2026-01-12,
7707,M009630,2026-01-19,
7707,M010208,2025-12-29,
7707,M010208,2026-01-05,
7707,M010208,2026-01-12,
7707,M010208,2026-01-19,
7707,M009970,2025-12-29,
7707,M009970,2026-01-05,
7707,M009970,2026-01-12,
7707,M009970,2026-01-19,
7707,M010204,2025-12-29,
7707,M010204,2026-01-05,
7707,M010204,2026-01-12,
7707,M010204,2026-01-19,
7707,M010771,2025-12-29,
7707,M010771,2026-01-05,
7707,M010771,2026-01-12,
7707,M010771,2026-01-19,
7707,M010038,2025-12-29,
7707,M010038,2026-01-05,
7707,M010038,2026-01-12,
7707,M010038,2026-01-19,
7707,M010453,2025-12-29,
7707,M010453,2026-01-05,
7707,M010453,2026-01-12,
7707,M010453,2026-01-19,
7707,M014771,2025-12-29,
7707,M014771,2026-01-05,
7707,M014771,2026-01-12,
7707,M014771,2026-01-19,
7707,M011075,2025-12-29,
7707,M011075,2026-01-05,
7707,M011075,2026-01-12,
7707,M011075,2026-01-19,
7707,M012115,2025-12-29,
7707,M012115,2026-01-05,
7707,M012115,2026-01-12,
7707,M012115,2026-01-19,
7707,M012665,2025-12-29,
7707,M012665,2026-01-05,
7707,M012665,2026-01-12,
7707,M012665,2026-01-19,
7707,M009518,2025-12-29,
7707,M009518,2026-01-05,
7707,M009518,2026-01-12,
7707,M009518,2026-01-19,
7707,M010132,2025-12-29,
7707,M010132,2026-01-05,
7707,M010132,2026-01-12,
7707,M010132,2026-01-19,
7707,M009898,2025-12-29,
7707,M009898,2026-01-05,
7707,M009898,2026-01-12,
7707,M009898,2026-01-19,
7707,M010075,2025-12-29,
7707,M010075,2026-01-05,
7707,M010075,2026-01-12,
7707,M010075,2026-01-19,
7707,M016350,2025-12-29,
7707,M016350,2026-01-05,
7707,M016350,2026-01-12,
7707,M016350,2026-01-19,
7707,M010676,2025-12-29,
7707,M010676,2026-01-05,
7707,M010676,2026-01-12,
7707,M010676,2026-01-19,
7707,M011086,2025-12-29,
7707,M011086,2026-01-05,
7707,M011086,2026-01-12,
7707,M011086,2026-01-19,
7707,M009542,2025-12-29,
7707,M009542,2026-01-05,
7707,M009542,2026-01-12,
7707,M009542,2026-01-19,
7707,M010184,2025-12-29,
7707,M010184,2026-01-05,
7707,M010184,2026-01-12,
7707,M010184,2026-01-19,
7812,M010868,2025-12-29,
7812,M010868,2026-01-05,
7812,M010868,2026-01-12,
7812,M010868,2026-01-19,
7812,M009594,2025-12-29,
7812,M009594,2026-01-05,
7812,M009594,2026-01-12,
7812,M009594,2026-01-19,
7812,M016641,2025-12-29,
7812,M016641,2026-01-05,
7812,M016641,2026-01-12,
7812,M016641,2026-01-19,
7812,M011075,2025-12-29,
7812,M011075,2026-01-05,
7812,M011075,2026-01-12,
7812,M011075,2026-01-19,
7812,M013086,2025-12-29,
7812,M013086,2026-01-05,
7812,M013086,2026-01-12,
7812,M013086,2026-01-19,
7812,M011339,2025-12-29,
7812,M011339,2026-01-05,
7812,M011339,2026-01-12,
7812,M011339,2026-01-19,
7812,M013962,2025-12-29,
7812,M013962,2026-01-05,
7812,M013962,2026-01-12,
7812,M013962,2026-01-19,
7812,M016311,2025-12-29,
7812,M016311,2026-01-05,
7812,M016311,2026-01-12,
7812,M016311,2026-01-19,
7812,M010184,2025-12-29,
7812,M010184,2026-01-05,
7812,M010184,2026-01-12,
7812,M010184,2026-01-19,
7812,M013294,2025-12-29,
7812,M013294,2026-01-05,
7812,M013294,2026-01-12,
7812,M013294,2026-01-19,
7812,M010788,2025-12-29,
7812,M010788,2026-01-05,
7812,M010788,2026-01-12,
7812,M010788,2026-01-19,
7812,M009648,2025-12-29,
7812,M009648,2026-01-05,
7812,M009648,2026-01-12,
7812,M009648,2026-01-19,
7812,M014771,2025-12-29,
7812,M014771,2026-01-05,
7812,M014771,2026-01-12,
7812,M014771,2026-01-19,
7812,M011086,2025-12-29,
7812,M011086,2026-01-05,
7812,M011086,2026-01-12,
7812,M011086,2026-01-19,
7812,M009651,2025-12-29,
7812,M009651,2026-01-05,
7812,M009651,2026-01-12,
7812,M009651,2026-01-19,
7812,M013477,2025-12-29,
7812,M013477,2026-01-05,
7812,M013477,2026-01-12,
7812,M013477,2026-01-19,
7812,M010771,2025-12-29,
7812,M010771,2026-01-05,
7812,M010771,2026-01-12,
7812,M010771,2026-01-19,
7812,M010862,2025-12-29,
7812,M010862,2026-01-05,
7812,M010862,2026-01-12,
7812,M010862,2026-01-19,
7812,M009371,2025-12-29,
7812,M009371,2026-01-05,
7812,M009371,2026-01-12,
7812,M009371,2026-01-19,
7812,M009542,2025-12-29,
7812,M009542,2026-01-05,
7812,M009542,2026-01-12,
7812,M009542,2026-01-19,
7812,M010079,2025-12-29,
7812,M010079,2026-01-05,
7812,M010079,2026-01-12,
7812,M010079,2026-01-19,
7812,M010676,2025-12-29,
7812,M010676,2026-01-05,
7812,M010676,2026-01-12,
7812,M010676,2026-01-19,
7812,M010082,2025-12-29,
7812,M010082,2026-01-05,
7812,M010082,2026-01-12,
7812,M010082,2026-01-19,
7890,M010184,2025-12-29,
7890,M010184,2026-01-05,
7890,M010184,2026-01-12,
7890,M010184,2026-01-19,
7890,M009648,2025-12-29,
7890,M009648,2026-01-05,
7890,M009648,2026-01-12,
7890,M009648,2026-01-19,
7890,M011339,2025-12-29,
7890,M011339,2026-01-05,
7890,M011339,2026-01-12,
7890,M011339,2026-01-19,
7890,M014013,2025-12-29,
7890,M014013,2026-01-05,
7890,M014013,2026-01-12,
7890,M014013,2026-01-19,
7890,M009970,2025-12-29,
7890,M009970,2026-01-05,
7890,M009970,2026-01-12,
7890,M009970,2026-01-19,
7890,M009050,2025-12-29,
7890,M009050,2026-01-05,
7890,M009050,2026-01-12,
7890,M009050,2026-01-19,
7890,M010453,2025-12-29,
7890,M010453,2026-01-05,
7890,M010453,2026-01-12,
7890,M010453,2026-01-19,
7890,M010200,2025-12-29,
7890,M010200,2026-01-05,
7890,M010200,2026-01-12,
7890,M010200,2026-01-19,
7890,M010676,2025-12-29,
7890,M010676,2026-01-05,
7890,M010676,2026-01-12,
7890,M010676,2026-01-19,
7890,M012115,2025-12-29,
7890,M012115,2026-01-05,
7890,M012115,2026-01-12,
7890,M012115,2026-01-19,
7890,M009364,2025-12-29,
7890,M009364,2026-01-05,
7890,M009364,2026-01-12,
7890,M009364,2026-01-19,
7890,M013220,2025-12-29,
7890,M013220,2026-01-05,
7890,M013220,2026-01-12,
7890,M013220,2026-01-19,
7890,M012665,2025-12-29,
7890,M012665,2026-01-05,
7890,M012665,2026-01-12,
7890,M012665,2026-01-19,
7890,M013086,2025-12-29,
7890,M013086,2026-01-05,
7890,M013086,2026-01-12,
7890,M013086,2026-01-19,
7890,M013294,2025-12-29,
7890,M013294,2026-01-05,
7890,M013294,2026-01-12,
7890,M013294,2026-01-19,
7890,M011086,2025-12-29,
7890,M011086,2026-01-05,
7890,M011086,2026-01-12,
7890,M011086,2026-01-19,
7890,M010253,2025-12-29,
7890,M010253,2026-01-05,
7890,M010253,2026-01-12,
7890,M010253,2026-01-19,
7891,M010082,2025-12-29,
7891,M010082,2026-01-05,
7891,M010082,2026-01-12,
7891,M010082,2026-01-19,
7891,M014771,2025-12-29,
7891,M014771,2026-01-05,
7891,M014771,2026-01-12,
7891,M014771,2026-01-19,
7891,M012665,2025-12-29,
7891,M012665,2026-01-05,
7891,M012665,2026-01-12,
7891,M012665,2026-01-19,
7891,M009072,2025-12-29,
7891,M009072,2026-01-05,
7891,M009072,2026-01-12,
7891,M009072,2026-01-19,
7891,M009284,2025-12-29,
7891,M009284,2026-01-05,
7891,M009284,2026-01-12,
7891,M009284,2026-01-19,
7891,M010868,2025-12-29,
7891,M010868,2026-01-05,
7891,M010868,2026-01-12,
7891,M010868,2026-01-19,
7895,M012115,2025-12-29,
7895,M012115,2026-01-05,
7895,M012115,2026-01-12,
7895,M012115,2026-01-19,
7895,M013220,2025-12-29,
7895,M013220,2026-01-05,
7895,M013220,2026-01-12,
7895,M013220,2026-01-19,
7895,M010676,2025-12-29,
7895,M010676,2026-01-05,
7895,M010676,2026-01-12,
7895,M010676,2026-01-19,
7895,M009542,2025-12-29,
7895,M009542,2026-01-05,
7895,M009542,2026-01-12,
7895,M009542,2026-01-19,
7895,M009072,2025-12-29,
7895,M009072,2026-01-05,
7895,M009072,2026-01-12,
7895,M009072,2026-01-19,
7895,M013294,2025-12-29,
7895,M013294,2026-01-05,
7895,M013294,2026-01-12,
7895,M013294,2026-01-19,
7895,M012860,2025-12-29,
7895,M012860,2026-01-05,
7895,M012860,2026-01-12,
7895,M012860,2026-01-19,
8020,M012115,2025-12-29,
8020,M012115,2026-01-05,
8020,M012115,2026-01-12,
8020,M012115,2026-01-19,
8020,M013477,2025-12-29,
8020,M013477,2026-01-05,
8020,M013477,2026-01-12,
8020,M013477,2026-01-19,
8020,M010532,2025-12-29,
8020,M010532,2026-01-05,
8020,M010532,2026-01-12,
8020,M010532,2026-01-19,
8020,M009364,2025-12-29,
8020,M009364,2026-01-05,
8020,M009364,2026-01-12,
8020,M009364,2026-01-19,
8020,M012665,2025-12-29,
8020,M012665,2026-01-05,
8020,M012665,2026-01-12,
8020,M012665,2026-01-19,
8020,M013294,2025-12-29,
8020,M013294,2026-01-05,
8020,M013294,2026-01-12,
8020,M013294,2026-01-19,
8020,M010771,2025-12-29,
8020,M010771,2026-01-05,
8020,M010771,2026-01-12,
8020,M010771,2026-01-19,
8020,M010132,2025-12-29,
8020,M010132,2026-01-05,
8020,M010132,2026-01-12,
8020,M010132,2026-01-19,
8020,M011339,2025-12-29,
8020,M011339,2026-01-05,
8020,M011339,2026-01-12,
8020,M011339,2026-01-19,
8020,M009651,2025-12-29,
8020,M009651,2026-01-05,
8020,M009651,2026-01-12,
8020,M009651,2026-01-19,
8020,M010038,2025-12-29,
8020,M010038,2026-01-05,
8020,M010038,2026-01-12,
8020,M010038,2026-01-19,
8106,M010532,2025-12-29,
8106,M010532,2026-01-05,
8106,M010532,2026-01-12,
8106,M010532,2026-01-19,
8106,M010038,2025-12-29,
8106,M010038,2026-01-05,
8106,M010038,2026-01-12,
8106,M010038,2026-01-19,
8106,M009284,2025-12-29,
8106,M009284,2026-01-05,
8106,M009284,2026-01-12,
8106,M009284,2026-01-19,
8106,M009594,2025-12-29,
8106,M009594,2026-01-05,
8106,M009594,2026-01-12,
8106,M009594,2026-01-19,
8106,M010788,2025-12-29,
8106,M010788,2026-01-05,
8106,M010788,2026-01-12,
8106,M010788,2026-01-19,
8106,M012706,2025-12-29,
8106,M012706,2026-01-05,
8106,M012706,2026-01-12,
8106,M012706,2026-01-19,
8106,M011086,2025-12-29,
8106,M011086,2026-01-05,
8106,M011086,2026-01-12,
8106,M011086,2026-01-19,
8106,M009630,2025-12-29,
8106,M009630,2026-01-05,
8106,M009630,2026-01-12,
8106,M009630,2026-01-19,
8106,M011339,2025-12-29,
8106,M011339,2026-01-05,
8106,M011339,2026-01-12,
8106,M011339,2026-01-19,
8106,M010453,2025-12-29,
8106,M010453,2026-01-05,
8106,M010453,2026-01-12,
8106,M010453,2026-01-19,
8106,M010132,2025-12-29,
8106,M010132,2026-01-05,
8106,M010132,2026-01-12,
8106,M010132,2026-01-19,
8106,M009364,2025-12-29,
8106,M009364,2026-01-05,
8106,M009364,2026-01-12,
8106,M009364,2026-01-19,
8106,M010868,2025-12-29,
8106,M010868,2026-01-05,
8106,M010868,2026-01-12,
8106,M010868,2026-01-19,
8106,M012115,2025-12-29,
8106,M012115,2026-01-05,
8106,M012115,2026-01-12,
8106,M012115,2026-01-19,
8106,M012860,2025-12-29,
8106,M012860,2026-01-05,
8106,M012860,2026-01-12,
8106,M012860,2026-01-19,
8106,M013459,2025-12-29,
8106,M013459,2026-01-05,
8106,M013459,2026-01-12,
8106,M013459,2026-01-19,
8106,M010208,2025-12-29,
8106,M010208,2026-01-05,
8106,M010208,2026-01-12,
8106,M010208,2026-01-19,
8186,M010200,2025-12-29,
8186,M010200,2026-01-05,
8186,M010200,2026-01-12,
8186,M010200,2026-01-19,
8186,M010132,2025-12-29,
8186,M010132,2026-01-05,
8186,M010132,2026-01-12,
8186,M010132,2026-01-19,
8186,M009050,2025-12-29,
8186,M009050,2026-01-05,
8186,M009050,2026-01-12,
8186,M009050,2026-01-19,
8186,M010868,2025-12-29,
8186,M010868,2026-01-05,
8186,M010868,2026-01-12,
8186,M010868,2026-01-19,
8186,M013086,2025-12-29,
8186,M013086,2026-01-05,
8186,M013086,2026-01-12,
8186,M013086,2026-01-19,
8186,M012665,2025-12-29,
8186,M012665,2026-01-05,
8186,M012665,2026-01-12,
8186,M012665,2026-01-19,
8186,M013459,2025-12-29,
8186,M013459,2026-01-05,
8186,M013459,2026-01-12,
8186,M013459,2026-01-19,
8186,M009542,2025-12-29,
8186,M009542,2026-01-05,
8186,M009542,2026-01-12,
8186,M009542,2026-01-19,
8186,M010208,2025-12-29,
8186,M010208,2026-01-05,
8186,M010208,2026-01-12,
8186,M010208,2026-01-19,
8186,M010788,2025-12-29,
8186,M010788,2026-01-05,
8186,M010788,2026-01-12,
8186,M010788,2026-01-19,
8186,M009970,2025-12-29,
8186,M009970,2026-01-05,
8186,M009970,2026-01-12,
8186,M009970,2026-01-19,
8186,M010771,2025-12-29,
8186,M010771,2026-01-05,
8186,M010771,2026-01-12,
8186,M010771,2026-01-19,
8186,M013294,2025-12-29,
8186,M013294,2026-01-05,
8186,M013294,2026-01-12,
8186,M013294,2026-01-19,
8186,M013220,2025-12-29,
8186,M013220,2026-01-05,
8186,M013220,2026-01-12,
8186,M013220,2026-01-19,
8302,M012665,2025-12-29,
8302,M012665,2026-01-05,
8302,M012665,2026-01-12,
8302,M012665,2026-01-19,
8302,M010253,2025-12-29,
8302,M010253,2026-01-05,
8302,M010253,2026-01-12,
8302,M010253,2026-01-19,
8302,M013459,2025-12-29,
8302,M013459,2026-01-05,
8302,M013459,2026-01-12,
8302,M013459,2026-01-19,
8302,M010184,2025-12-29,
8302,M010184,2026-01-05,
8302,M010184,2026-01-12,
8302,M010184,2026-01-19,
8302,M013086,2025-12-29,
8302,M013086,2026-01-05,
8302,M013086,2026-01-12,
8302,M013086,2026-01-19,
8302,M014771,2025-12-29,
8302,M014771,2026-01-05,
8302,M014771,2026-01-12,
8302,M014771,2026-01-19,
8302,M009594,2025-12-29,
8302,M009594,2026-01-05,
8302,M009594,2026-01-12,
8302,M009594,2026-01-19,
8302,M009648,2025-12-29,
8302,M009648,2026-01-05,
8302,M009648,2026-01-12,
8302,M009648,2026-01-19,
8302,M010453,2025-12-29,
8302,M010453,2026-01-05,
8302,M010453,2026-01-12,
8302,M010453,2026-01-19,
8302,M013294,2025-12-29,
8302,M013294,2026-01-05,
8302,M013294,2026-01-12,
8302,M013294,2026-01-19,
8302,M009898,2025-12-29,
8302,M009898,2026-01-05,
8302,M009898,2026-01-12,
8302,M009898,2026-01-19,
8302,M012706,2025-12-29,
8302,M012706,2026-01-05,
8302,M012706,2026-01-12,
8302,M012706,2026-01-19,
8302,M012860,2025-12-29,
8302,M012860,2026-01-05,
8302,M012860,2026-01-12,
8302,M012860,2026-01-19,
8302,M009072,2025-12-29,
8302,M009072,2026-01-05,
8302,M009072,2026-01-12,
8302,M009072,2026-01-19,
8302,M010079,2025-12-29,
8302,M010079,2026-01-05,
8302,M010079,2026-01-12,
8302,M010079,2026-01-19,
8440,M010453,2025-12-29,
8440,M010453,2026-01-05,
8440,M010453,2026-01-12,
8440,M010453,2026-01-19,
8440,M010868,2025-12-29,
8440,M010868,2026-01-05,
8440,M010868,2026-01-12,
8440,M010868,2026-01-19,
8440,M009364,2025-12-29,
8440,M009364,2026-01-05,
8440,M009364,2026-01-12,
8440,M009364,2026-01-19,
8440,M009648,2025-12-29,
8440,M009648,2026-01-05,
8440,M009648,2026-01-12,
8440,M009648,2026-01-19,
8440,M010079,2025-12-29,
8440,M010079,2026-01-05,
8440,M010079,2026-01-12,
8440,M010079,2026-01-19,
8440,M009542,2025-12-29,
8440,M009542,2026-01-05,
8440,M009542,2026-01-12,
8440,M009542,2026-01-19,
8440,M010082,2025-12-29,
8440,M010082,2026-01-05,
8440,M010082,2026-01-12,
8440,M010082,2026-01-19,
8440,M009072,2025-12-29,
8440,M009072,2026-01-05,
8440,M009072,2026-01-12,
8440,M009072,2026-01-19,
8440,M011339,2025-12-29,
8440,M011339,2026-01-05,
8440,M011339,2026-01-12,
8440,M011339,2026-01-19,
8440,M010771,2025-12-29,
8440,M010771,2026-01-05,
8440,M010771,2026-01-12,
8440,M010771,2026-01-19,
8440,M012706,2025-12-29,
8440,M012706,2026-01-05,
8440,M012706,2026-01-12,
8440,M012706,2026-01-19,
8440,M016641,2025-12-29,
8440,M016641,2026-01-05,
8440,M016641,2026-01-12,
8440,M016641,2026-01-19,
8440,M011232,2025-12-29,
8440,M011232,2026-01-05,
8440,M011232,2026-01-12,
8440,M011232,2026-01-19,
8440,M013459,2025-12-29,
8440,M013459,2026-01-05,
8440,M013459,2026-01-12,
8440,M013459,2026-01-19,
8538,M009371,2025-12-29,
8538,M009371,2026-01-05,
8538,M009371,2026-01-12,
8538,M009371,2026-01-19,
8538,M011075,2025-12-29,
8538,M011075,2026-01-05,
8538,M011075,2026-01-12,
8538,M011075,2026-01-19,
8538,M013220,2025-12-29,
8538,M013220,2026-01-05,
8538,M013220,2026-01-12,
8538,M013220,2026-01-19,
8538,M013294,2025-12-29,
8538,M013294,2026-01-05,
8538,M013294,2026-01-12,
8538,M013294,2026-01-19,
8538,M013477,2025-12-29,
8538,M013477,2026-01-05,
8538,M013477,2026-01-12,
8538,M013477,2026-01-19,
8538,M010208,2025-12-29,
8538,M010208,2026-01-05,
8538,M010208,2026-01-12,
8538,M010208,2026-01-19,
8538,M009542,2025-12-29,
8538,M009542,2026-01-05,
8538,M009542,2026-01-12,
8538,M009542,2026-01-19,
8538,M016311,2025-12-29,
8538,M016311,2026-01-05,
8538,M016311,2026-01-12,
8538,M016311,2026-01-19,
8538,M010868,2025-12-29,
8538,M010868,2026-01-05,
8538,M010868,2026-01-12,
8538,M010868,2026-01-19,
8538,M010079,2025-12-29,
8538,M010079,2026-01-05,
8538,M010079,2026-01-12,
8538,M010079,2026-01-19,
8538,M012665,2025-12-29,
8538,M012665,2026-01-05,
8538,M012665,2026-01-12,
8538,M012665,2026-01-19,
8538,M012706,2025-12-29,
8538,M012706,2026-01-05,
8538,M012706,2026-01-12,
8538,M012706,2026-01-19,
8538,M010676,2025-12-29,
8538,M010676,2026-01-05,
8538,M010676,2026-01-12,
8538,M010676,2026-01-19,
8538,M009970,2025-12-29,
8538,M009970,2026-01-05,
8538,M009970,2026-01-12,
8538,M009970,2026-01-19,
8538,M009518,2025-12-29,
8538,M009518,2026-01-05,
8538,M009518,2026-01-12,
8538,M009518,2026-01-19,
8538,M010788,2025-12-29,
8538,M010788,2026-01-05,
8538,M010788,2026-01-12,
8538,M010788,2026-01-19,
8538,M009284,2025-12-29,
8538,M009284,2026-01-05,
8538,M009284,2026-01-12,
8538,M009284,2026-01-19,
8538,M009364,2025-12-29,
8538,M009364,2026-01-05,
8538,M009364,2026-01-12,
8538,M009364,2026-01-19,
8661,M010253,2025-12-29,
8661,M010253,2026-01-05,
8661,M010253,2026-01-12,
8661,M010253,2026-01-19,
8661,M014771,2025-12-29,
8661,M014771,2026-01-05,
8661,M014771,2026-01-12,
8661,M014771,2026-01-19,
8661,M009898,2025-12-29,
8661,M009898,2026-01-05,
8661,M009898,2026-01-12,
8661,M009898,2026-01-19,
8661,M010200,2025-12-29,
8661,M010200,2026-01-05,
8661,M010200,2026-01-12,
8661,M010200,2026-01-19,
8661,M010132,2025-12-29,
8661,M010132,2026-01-05,
8661,M010132,2026-01-12,
8661,M010132,2026-01-19,
8661,M011086,2025-12-29,
8661,M011086,2026-01-05,
8661,M011086,2026-01-12,
8661,M011086,2026-01-19,
8661,M009630,2025-12-29,
8661,M009630,2026-01-05,
8661,M009630,2026-01-12,
8661,M009630,2026-01-19,
8661,M011339,2025-12-29,
8661,M011339,2026-01-05,
8661,M011339,2026-01-12,
8661,M011339,2026-01-19,
8661,M013086,2025-12-29,
8661,M013086,2026-01-05,
8661,M013086,2026-01-12,
8661,M013086,2026-01-19,
8661,M013294,2025-12-29,
8661,M013294,2026-01-05,
8661,M013294,2026-01-12,
8661,M013294,2026-01-19,
8661,M009072,2025-12-29,
8661,M009072,2026-01-05,
8661,M009072,2026-01-12,
8661,M009072,2026-01-19,
8700,M010532,2025-12-29,
8700,M010532,2026-01-05,
8700,M010532,2026-01-12,
8700,M010532,2026-01-19,
8700,M014771,2025-12-29,
8700,M014771,2026-01-05,
8700,M014771,2026-01-12,
8700,M014771,2026-01-19,
8700,M012665,2025-12-29,
8700,M012665,2026-01-05,
8700,M012665,2026-01-12,
8700,M012665,2026-01-19,
8700,M009898,2025-12-29,
8700,M009898,2026-01-05,
8700,M009898,2026-01-12,
8700,M009898,2026-01-19,
8700,M010079,2025-12-29,
8700,M010079,2026-01-05,
8700,M010079,2026-01-12,
8700,M010079,2026-01-19,
8700,M010862,2025-12-29,
8700,M010862,2026-01-05,
8700,M010862,2026-01-12,
8700,M010862,2026-01-19,
8700,M009542,2025-12-29,
8700,M009542,2026-01-05,
8700,M009542,2026-01-12,
8700,M009542,2026-01-19,
8700,M009371,2025-12-29,
8700,M009371,2026-01-05,
8700,M009371,2026-01-12,
8700,M009371,2026-01-19,
8700,M013294,2025-12-29,
8700,M013294,2026-01-05,
8700,M013294,2026-01-12,
8700,M013294,2026-01-19,
8700,M009651,2025-12-29,
8700,M009651,2026-01-05,
8700,M009651,2026-01-12,
8700,M009651,2026-01-19,
8700,M009594,2025-12-29,
8700,M009594,2026-01-05,
8700,M009594,2026-01-12,
8700,M009594,2026-01-19,
8700,M011075,2025-12-29,
8700,M011075,2026-01-05,
8700,M011075,2026-01-12,
8700,M011075,2026-01-19,
8700,M010204,2025-12-29,
8700,M010204,2026-01-05,
8700,M010204,2026-01-12,
8700,M010204,2026-01-19,
8700,M011339,2025-12-29,
8700,M011339,2026-01-05,
8700,M011339,2026-01-12,
8700,M011339,2026-01-19,
8700,M013962,2025-12-29,
8700,M013962,2026-01-05,
8700,M013962,2026-01-12,
8700,M013962,2026-01-19,
8700,M010771,2025-12-29,
8700,M010771,2026-01-05,
8700,M010771,2026-01-12,
8700,M010771,2026-01-19,
8700,M009648,2025-12-29,
8700,M009648,2026-01-05,
8700,M009648,2026-01-12,
8700,M009648,2026-01-19,
8700,M010882,2025-12-29,
8700,M010882,2026-01-05,
8700,M010882,2026-01-12,
8700,M010882,2026-01-19,
8700,M011232,2025-12-29,
8700,M011232,2026-01-05,
8700,M011232,2026-01-12,
8700,M011232,2026-01-19,
8700,M013086,2025-12-29,
8700,M013086,2026-01-05,
8700,M013086,2026-01-12,
8700,M013086,2026-01-19,
8700,M010676,2025-12-29,
8700,M010676,2026-01-05,
8700,M010676,2026-01-12,
8700,M010676,2026-01-19,
8700,M010253,2025-12-29,
8700,M010253,2026-01-05,
8700,M010253,2026-01-12,
8700,M010253,2026-01-19,
8700,M014013,2025-12-29,
8700,M014013,2026-01-05,
8700,M014013,2026-01-12,
8700,M014013,2026-01-19,
8700,M010453,2025-12-29,
8700,M010453,2026-01-05,
8700,M010453,2026-01-12,
8700,M010453,2026-01-19,
8700,M010082,2025-12-29,
8700,M010082,2026-01-05,
8700,M010082,2026-01-12,
8700,M010082,2026-01-19,
8700,M010075,2025-12-29,
8700,M010075,2026-01-05,
8700,M010075,2026-01-12,
8700,M010075,2026-01-19,
8700,M009050,2025-12-29,
8700,M009050,2026-01-05,
8700,M009050,2026-01-12,
8700,M009050,2026-01-19,
8700,M010132,2025-12-29,
8700,M010132,2026-01-05,
8700,M010132,2026-01-12,
8700,M010132,2026-01-19,
8700,M011086,2025-12-29,
8700,M011086,2026-01-05,
8700,M011086,2026-01-12,
8700,M011086,2026-01-19,
8700,M010200,2025-12-29,
8700,M010200,2026-01-05,
8700,M010200,2026-01-12,
8700,M010200,2026-01-19,
8700,M009970,2025-12-29,
8700,M009970,2026-01-05,
8700,M009970,2026-01-12,
8700,M009970,2026-01-19,
8700,M012860,2025-12-29,
8700,M012860,2026-01-05,
8700,M012860,2026-01-12,
8700,M012860,2026-01-19,
8700,M009364,2025-12-29,
8700,M009364,2026-01-05,
8700,M009364,2026-01-12,
8700,M009364,2026-01-19,
8700,M012115,2025-12-29,
8700,M012115,2026-01-05,
8700,M012115,2026-01-12,
8700,M012115,2026-01-19,
8700,M009630,2025-12-29,
8700,M009630,2026-01-05,
8700,M009630,2026-01-12,
8700,M009630,2026-01-19,
8700,M013477,2025-12-29,
8700,M013477,2026-01-05,
8700,M013477,2026-01-12,
8700,M013477,2026-01-19,
8700,M009072,2025-12-29,
8700,M009072,2026-01-05,
8700,M009072,2026-01-12,
8700,M009072,2026-01-19,
8700,M009284,2025-12-29,
8700,M009284,2026-01-05,
8700,M009284,2026-01-12,
8700,M009284,2026-01-19,
8700,M010038,2025-12-29,
8700,M010038,2026-01-05,
8700,M010038,2026-01-12,
8700,M010038,2026-01-19,
8700,M012706,2025-12-29,
8700,M012706,2026-01-05,
8700,M012706,2026-01-12,
8700,M012706,2026-01-19,
8700,M010868,2025-12-29,
8700,M010868,2026-01-05,
8700,M010868,2026-01-12,
8700,M010868,2026-01-19,
8700,M016641,2025-12-29,
8700,M016641,2026-01-05,
8700,M016641,2026-01-12,
8700,M016641,2026-01-19,
8700,M016350,2025-12-29,
8700,M016350,2026-01-05,
8700,M016350,2026-01-12,
8700,M016350,2026-01-19,
8700,M010208,2025-12-29,
8700,M010208,2026-01-05,
8700,M010208,2026-01-12,
8700,M010208,2026-01-19,
8792,M013086,2025-12-29,
8792,M013086,2026-01-05,
8792,M013086,2026-01-12,
8792,M013086,2026-01-19,
8792,M009630,2025-12-29,
8792,M009630,2026-01-05,
8792,M009630,2026-01-12,
8792,M009630,2026-01-19,
8792,M010532,2025-12-29,
8792,M010532,2026-01-05,
8792,M010532,2026-01-12,
8792,M010532,2026-01-19,
8792,M010208,2025-12-29,
8792,M010208,2026-01-05,
8792,M010208,2026-01-12,
8792,M010208,2026-01-19,
8792,M010868,2025-12-29,
8792,M010868,2026-01-05,
8792,M010868,2026-01-12,
8792,M010868,2026-01-19,
8792,M013294,2025-12-29,
8792,M013294,2026-01-05,
8792,M013294,2026-01-12,
8792,M013294,2026-01-19,
8792,M009970,2025-12-29,
8792,M009970,2026-01-05,
8792,M009970,2026-01-12,
8792,M009970,2026-01-19,
8792,M009364,2025-12-29,
8792,M009364,2026-01-05,
8792,M009364,2026-01-12,
8792,M009364,2026-01-19,
8792,M009284,2025-12-29,
8792,M009284,2026-01-05,
8792,M009284,2026-01-12,
8792,M009284,2026-01-19,
8792,M012860,2025-12-29,
8792,M012860,2026-01-05,
8792,M012860,2026-01-12,
8792,M012860,2026-01-19,
8792,M010862,2025-12-29,
8792,M010862,2026-01-05,
8792,M010862,2026-01-12,
8792,M010862,2026-01-19,
8792,M010200,2025-12-29,
8792,M010200,2026-01-05,
8792,M010200,2026-01-12,
8792,M010200,2026-01-19,
8948,M009630,2025-12-29,
8948,M009630,2026-01-05,
8948,M009630,2026-01-12,
8948,M009630,2026-01-19,
8948,M016641,2025-12-29,
8948,M016641,2026-01-05,
8948,M016641,2026-01-12,
8948,M016641,2026-01-19,
8948,M012115,2025-12-29,
8948,M012115,2026-01-05,
8948,M012115,2026-01-12,
8948,M012115,2026-01-19,
8948,M014771,2025-12-29,
8948,M014771,2026-01-05,
8948,M014771,2026-01-12,
8948,M014771,2026-01-19,
8948,M010079,2025-12-29,
8948,M010079,2026-01-05,
8948,M010079,2026-01-12,
8948,M010079,2026-01-19,
8948,M010200,2025-12-29,
8948,M010200,2026-01-05,
8948,M010200,2026-01-12,
8948,M010200,2026-01-19,
8948,M011232,2025-12-29,
8948,M011232,2026-01-05,
8948,M011232,2026-01-12,
8948,M011232,2026-01-19,
8948,M009364,2025-12-29,
8948,M009364,2026-01-05,
8948,M009364,2026-01-12,
8948,M009364,2026-01-19,
8948,M010771,2025-12-29,
8948,M010771,2026-01-05,
8948,M010771,2026-01-12,
8948,M010771,2026-01-19,
8948,M010184,2025-12-29,
8948,M010184,2026-01-05,
8948,M010184,2026-01-12,
8948,M010184,2026-01-19,
9070,M010771,2025-12-29,
9070,M010771,2026-01-05,
9070,M010771,2026-01-12,
9070,M010771,2026-01-19,
9070,M009284,2025-12-29,
9070,M009284,2026-01-05,
9070,M009284,2026-01-12,
9070,M009284,2026-01-19,
9070,M011232,2025-12-29,
9070,M011232,2026-01-05,
9070,M011232,2026-01-12,
9070,M011232,2026-01-19,
9070,M013477,2025-12-29,
9070,M013477,2026-01-05,
9070,M013477,2026-01-12,
9070,M013477,2026-01-19,
9070,M009970,2025-12-29,
9070,M009970,2026-01-05,
9070,M009970,2026-01-12,
9070,M009970,2026-01-19,
9070,M011339,2025-12-29,
9070,M011339,2026-01-05,
9070,M011339,2026-01-12,
9070,M011339,2026-01-19,
9126,M009970,2025-12-29,
9126,M009970,2026-01-05,
9126,M009970,2026-01-12,
9126,M009970,2026-01-19,
9126,M009648,2025-12-29,
9126,M009648,2026-01-05,
9126,M009648,2026-01-12,
9126,M009648,2026-01-19,
9126,M010038,2025-12-29,
9126,M010038,2026-01-05,
9126,M010038,2026-01-12,
9126,M010038,2026-01-19,
9126,M013962,2025-12-29,
9126,M013962,2026-01-05,
9126,M013962,2026-01-12,
9126,M013962,2026-01-19,
9126,M011086,2025-12-29,
9126,M011086,2026-01-05,
9126,M011086,2026-01-12,
9126,M011086,2026-01-19,
9424,M010532,2025-12-29,
9424,M010532,2026-01-05,
9424,M010532,2026-01-12,
9424,M010532,2026-01-19,
9424,M009518,2025-12-29,
9424,M009518,2026-01-05,
9424,M009518,2026-01-12,
9424,M009518,2026-01-19,
9424,M010862,2025-12-29,
9424,M010862,2026-01-05,
9424,M010862,2026-01-12,
9424,M010862,2026-01-19,
9424,M009284,2025-12-29,
9424,M009284,2026-01-05,
9424,M009284,2026-01-12,
9424,M009284,2026-01-19,
9424,M012860,2025-12-29,
9424,M012860,2026-01-05,
9424,M012860,2026-01-12,
9424,M012860,2026-01-19,
9424,M009364,2025-12-29,
9424,M009364,2026-01-05,
9424,M009364,2026-01-12,
9424,M009364,2026-01-19,
9424,M010082,2025-12-29,
9424,M010082,2026-01-05,
9424,M010082,2026-01-12,
9424,M010082,2026-01-19,
9424,M010788,2025-12-29,
9424,M010788,2026-01-05,
9424,M010788,2026-01-12,
9424,M010788,2026-01-19,
9424,M010204,2025-12-29,
9424,M010204,2026-01-05,
9424,M010204,2026-01-12,
9424,M010204,2026-01-19,
9424,M010253,2025-12-29,
9424,M010253,2026-01-05,
9424,M010253,2026-01-12,
9424,M010253,2026-01-19,
9424,M013294,2025-12-29,
9424,M013294,2026-01-05,
9424,M013294,2026-01-12,
9424,M013294,2026-01-19,
9424,M012665,2025-12-29,
9424,M012665,2026-01-05,
9424,M012665,2026-01-12,
9424,M012665,2026-01-19,
9424,M016311,2025-12-29,
9424,M016311,2026-01-05,
9424,M016311,2026-01-12,
9424,M016311,2026-01-19,
9424,M011086,2025-12-29,
9424,M011086,2026-01-05,
9424,M011086,2026-01-12,
9424,M011086,2026-01-19,
9424,M010038,2025-12-29,
9424,M010038,2026-01-05,
9424,M010038,2026-01-12,
9424,M010038,2026-01-19,
9424,M009542,2025-12-29,
9424,M009542,2026-01-05,
9424,M009542,2026-01-12,
9424,M009542,2026-01-19,
9424,M011075,2025-12-29,
9424,M011075,2026-01-05,
9424,M011075,2026-01-12,
9424,M011075,2026-01-19,
9424,M010184,2025-12-29,
9424,M010184,2026-01-05,
9424,M010184,2026-01-12,
9424,M010184,2026-01-19,
9531,M010771,2025-12-29,
9531,M010771,2026-01-05,
9531,M010771,2026-01-12,
9531,M010771,2026-01-19,
9531,M014013,2025-12-29,
9531,M014013,2026-01-05,
9531,M014013,2026-01-12,
9531,M014013,2026-01-19,
9531,M009050,2025-12-29,
9531,M009050,2026-01-05,
9531,M009050,2026-01-12,
9531,M009050,2026-01-19,
9531,M010532,2025-12-29,
9531,M010532,2026-01-05,
9531,M010532,2026-01-12,
9531,M010532,2026-01-19,
9531,M009648,2025-12-29,
9531,M009648,2026-01-05,
9531,M009648,2026-01-12,
9531,M009648,2026-01-19,
9531,M010200,2025-12-29,
9531,M010200,2026-01-05,
9531,M010200,2026-01-12,
9531,M010200,2026-01-19,
9531,M009284,2025-12-29,
9531,M009284,2026-01-05,
9531,M009284,2026-01-12,
9531,M009284,2026-01-19,
9531,M013477,2025-12-29,
9531,M013477,2026-01-05,
9531,M013477,2026-01-12,
9531,M013477,2026-01-19,
9531,M009594,2025-12-29,
9531,M009594,2026-01-05,
9531,M009594,2026-01-12,
9531,M009594,2026-01-19,
9531,M009970,2025-12-29,
9531,M009970,2026-01-05,
9531,M009970,2026-01-12,
9531,M009970,2026-01-19,
9531,M009898,2025-12-29,
9531,M009898,2026-01-05,
9531,M009898,2026-01-12,
9531,M009898,2026-01-19,
9531,M011232,2025-12-29,
9531,M011232,2026-01-05,
9531,M011232,2026-01-12,
9531,M011232,2026-01-19,
9531,M013220,2025-12-29,
9531,M013220,2026-01-05,
9531,M013220,2026-01-12,
9531,M013220,2026-01-19,
9531,M012706,2025-12-29,
9531,M012706,2026-01-05,
9531,M012706,2026-01-12,
9531,M012706,2026-01-19,
9545,M009970,2025-12-29,
9545,M009970,2026-01-05,
9545,M009970,2026-01-12,
9545,M009970,2026-01-19,
9545,M013086,2025-12-29,
9545,M013086,2026-01-05,
9545,M013086,2026-01-12,
9545,M013086,2026-01-19,
9545,M011339,2025-12-29,
9545,M011339,2026-01-05,
9545,M011339,2026-01-12,
9545,M011339,2026-01-19,
9545,M009594,2025-12-29,
9545,M009594,2026-01-05,
9545,M009594,2026-01-12,
9545,M009594,2026-01-19,
9545,M011232,2025-12-29,
9545,M011232,2026-01-05,
9545,M011232,2026-01-12,
9545,M011232,2026-01-19,
9545,M009050,2025-12-29,
9545,M009050,2026-01-05,
9545,M009050,2026-01-12,
9545,M009050,2026-01-19,
9545,M013220,2025-12-29,
9545,M013220,2026-01-05,
9545,M013220,2026-01-12,
9545,M013220,2026-01-19,
9545,M009648,2025-12-29,
9545,M009648,2026-01-05,
9545,M009648,2026-01-12,
9545,M009648,2026-01-19,
9545,M013294,2025-12-29,
9545,M013294,2026-01-05,
9545,M013294,2026-01-12,
9545,M013294,2026-01-19,
9545,M009364,2025-12-29,
9545,M009364,2026-01-05,
9545,M009364,2026-01-12,
9545,M009364,2026-01-19,
9545,M010788,2025-12-29,
9545,M010788,2026-01-05,
9545,M010788,2026-01-12,
9545,M010788,2026-01-19,
9545,M013962,2025-12-29,
9545,M013962,2026-01-05,
9545,M013962,2026-01-12,
9545,M013962,2026-01-19,
9545,M010184,2025-12-29,
9545,M010184,2026-01-05,
9545,M010184,2026-01-12,
9545,M010184,2026-01-19,
9566,M009651,2025-12-29,
9566,M009651,2026-01-05,
9566,M009651,2026-01-12,
9566,M009651,2026-01-19,
9566,M016641,2025-12-29,
9566,M016641,2026-01-05,
9566,M016641,2026-01-12,
9566,M016641,2026-01-19,
9566,M010676,2025-12-29,
9566,M010676,2026-01-05,
9566,M010676,2026-01-12,
9566,M010676,2026-01-19,
9566,M009648,2025-12-29,
9566,M009648,2026-01-05,
9566,M009648,2026-01-12,
9566,M009648,2026-01-19,
9566,M009050,2025-12-29,
9566,M009050,2026-01-05,
9566,M009050,2026-01-12,
9566,M009050,2026-01-19,
9566,M009898,2025-12-29,
9566,M009898,2026-01-05,
9566,M009898,2026-01-12,
9566,M009898,2026-01-19,
9566,M010208,2025-12-29,
9566,M010208,2026-01-05,
9566,M010208,2026-01-12,
9566,M010208,2026-01-19,
9566,M010862,2025-12-29,
9566,M010862,2026-01-05,
9566,M010862,2026-01-12,
9566,M010862,2026-01-19,
9646,M012860,2025-12-29,
9646,M012860,2026-01-05,
9646,M012860,2026-01-12,
9646,M012860,2026-01-19,
9646,M010200,2025-12-29,
9646,M010200,2026-01-05,
9646,M010200,2026-01-12,
9646,M010200,2026-01-19,
9646,M013459,2025-12-29,
9646,M013459,2026-01-05,
9646,M013459,2026-01-12,
9646,M013459,2026-01-19,
9646,M010868,2025-12-29,
9646,M010868,2026-01-05,
9646,M010868,2026-01-12,
9646,M010868,2026-01-19,
9646,M010453,2025-12-29,
9646,M010453,2026-01-05,
9646,M010453,2026-01-12,
9646,M010453,2026-01-19,
9646,M013220,2025-12-29,
9646,M013220,2026-01-05,
9646,M013220,2026-01-12,
9646,M013220,2026-01-19,
9646,M009072,2025-12-29,
9646,M009072,2026-01-05,
9646,M009072,2026-01-12,
9646,M009072,2026-01-19,
9742,M010200,2025-12-29,
9742,M010200,2026-01-05,
9742,M010200,2026-01-12,
9742,M010200,2026-01-19,
9742,M009364,2025-12-29,
9742,M009364,2026-01-05,
9742,M009364,2026-01-12,
9742,M009364,2026-01-19,
9742,M010868,2025-12-29,
9742,M010868,2026-01-05,
9742,M010868,2026-01-12,
9742,M010868,2026-01-19,
9742,M014013,2025-12-29,
9742,M014013,2026-01-05,
9742,M014013,2026-01-12,
9742,M014013,2026-01-19,
9742,M011232,2025-12-29,
9742,M011232,2026-01-05,
9742,M011232,2026-01-12,
9742,M011232,2026-01-19,
9775,M010253,2025-12-29,
9775,M010253,2026-01-05,
9775,M010253,2026-01-12,
9775,M010253,2026-01-19,
9775,M013962,2025-12-29,
9775,M013962,2026-01-05,
9775,M013962,2026-01-12,
9775,M013962,2026-01-19,
9775,M013086,2025-12-29,
9775,M013086,2026-01-05,
9775,M013086,2026-01-12,
9775,M013086,2026-01-19,
9775,M010079,2025-12-29,
9775,M010079,2026-01-05,
9775,M010079,2026-01-12,
9775,M010079,2026-01-19,
9775,M009898,2025-12-29,
9775,M009898,2026-01-05,
9775,M009898,2026-01-12,
9775,M009898,2026-01-19,
9775,M011339,2025-12-29,
9775,M011339,2026-01-05,
9775,M011339,2026-01-12,
9775,M011339,2026-01-19,
9775,M009594,2025-12-29,
9775,M009594,2026-01-05,
9775,M009594,2026-01-12,
9775,M009594,2026-01-19,
9775,M009364,2025-12-29,
9775,M009364,2026-01-05,
9775,M009364,2026-01-12,
9775,M009364,2026-01-19,
9775,M010868,2025-12-29,
9775,M010868,2026-01-05,
9775,M010868,2026-01-12,
9775,M010868,2026-01-19,
9775,M010882,2025-12-29,
9775,M010882,2026-01-05,
9775,M010882,2026-01-12,
9775,M010882,2026-01-19,
9775,M010200,2025-12-29,
9775,M010200,2026-01-05,
9775,M010200,2026-01-12,
9775,M010200,2026-01-19,
9775,M010532,2025-12-29,
9775,M010532,2026-01-05,
9775,M010532,2026-01-12,
9775,M010532,2026-01-19,
9775,M012115,2025-12-29,
9775,M012115,2026-01-05,
9775,M012115,2026-01-12,
9775,M012115,2026-01-19,
9775,M010082,2025-12-29,
9775,M010082,2026-01-05,
9775,M010082,2026-01-12,
9775,M010082,2026-01-19,
9775,M010132,2025-12-29,
9775,M010132,2026-01-05,
9775,M010132,2026-01-12,
9775,M010132,2026-01-19,
9775,M010676,2025-12-29,
9775,M010676,2026-01-05,
9775,M010676,2026-01-12,
9775,M010676,2026-01-19,
9775,M009072,2025-12-29,
9775,M009072,2026-01-05,
9775,M009072,2026-01-12,
9775,M009072,2026-01-19,
9775,M011086,2025-12-29,
9775,M011086,2026-01-05,
9775,M011086,2026-01-12,
9775,M011086,2026-01-19,
9775,M011075,2025-12-29,
9775,M011075,2026-01-05,
9775,M011075,2026-01-12,
9775,M011075,2026-01-19,
10210,M012115,2025-12-29,
10210,M012115,2026-01-05,
10210,M012115,2026-01-12,
10210,M012115,2026-01-19,
10210,M009518,2025-12-29,
10210,M009518,2026-01-05,
10210,M009518,2026-01-12,
10210,M009518,2026-01-19,
10210,M010868,2025-12-29,
10210,M010868,2026-01-05,
10210,M010868,2026-01-12,
10210,M010868,2026-01-19,
10210,M010771,2025-12-29,
10210,M010771,2026-01-05,
10210,M010771,2026-01-12,
10210,M010771,2026-01-19,
10210,M010204,2025-12-29,
10210,M010204,2026-01-05,
10210,M010204,2026-01-12,
10210,M010204,2026-01-19,
10210,M014013,2025-12-29,
10210,M014013,2026-01-05,
10210,M014013,2026-01-12,
10210,M014013,2026-01-19,
10210,M009284,2025-12-29,
10210,M009284,2026-01-05,
10210,M009284,2026-01-12,
10210,M009284,2026-01-19,
10210,M009651,2025-12-29,
10210,M009651,2026-01-05,
10210,M009651,2026-01-12,
10210,M009651,2026-01-19,
10210,M010882,2025-12-29,
10210,M010882,2026-01-05,
10210,M010882,2026-01-12,
10210,M010882,2026-01-19,
10210,M009648,2025-12-29,
10210,M009648,2026-01-05,
10210,M009648,2026-01-12,
10210,M009648,2026-01-19,
10210,M013459,2025-12-29,
10210,M013459,2026-01-05,
10210,M013459,2026-01-12,
10210,M013459,2026-01-19,
10210,M009072,2025-12-29,
10210,M009072,2026-01-05,
10210,M009072,2026-01-12,
10210,M009072,2026-01-19,
10210,M010453,2025-12-29,
10210,M010453,2026-01-05,
10210,M010453,2026-01-12,
10210,M010453,2026-01-19,
10210,M009364,2025-12-29,
10210,M009364,2026-01-05,
10210,M009364,2026-01-12,
10210,M009364,2026-01-19,
10210,M010184,2025-12-29,
10210,M010184,2026-01-05,
10210,M010184,2026-01-12,
10210,M010184,2026-01-19,
10210,M013086,2025-12-29,
10210,M013086,2026-01-05,
10210,M013086,2026-01-12,
10210,M013086,2026-01-19,
10210,M009542,2025-12-29,
10210,M009542,2026-01-05,
10210,M009542,2026-01-12,
10210,M009542,2026-01-19,
10210,M013962,2025-12-29,
10210,M013962,2026-01-05,
10210,M013962,2026-01-12,
10210,M013962,2026-01-19,
10210,M013477,2025-12-29,
10210,M013477,2026-01-05,
10210,M013477,2026-01-12,
10210,M013477,2026-01-19,
10210,M010532,2025-12-29,
10210,M010532,2026-01-05,
10210,M010532,2026-01-12,
10210,M010532,2026-01-19,
10210,M011339,2025-12-29,
10210,M011339,2026-01-05,
10210,M011339,2026-01-12,
10210,M011339,2026-01-19,
10267,M010184,2025-12-29,
10267,M010184,2026-01-05,
10267,M010184,2026-01-12,
10267,M010184,2026-01-19,
10267,M010788,2025-12-29,
10267,M010788,2026-01-05,
10267,M010788,2026-01-12,
10267,M010788,2026-01-19,
10267,M014771,2025-12-29,
10267,M014771,2026-01-05,
10267,M014771,2026-01-12,
10267,M014771,2026-01-19,
10267,M012115,2025-12-29,
10267,M012115,2026-01-05,
10267,M012115,2026-01-12,
10267,M012115,2026-01-19,
10267,M009594,2025-12-29,
10267,M009594,2026-01-05,
10267,M009594,2026-01-12,
10267,M009594,2026-01-19,
10267,M013220,2025-12-29,
10267,M013220,2026-01-05,
10267,M013220,2026-01-12,
10267,M013220,2026-01-19,
10267,M010862,2025-12-29,
10267,M010862,2026-01-05,
10267,M010862,2026-01-12,
10267,M010862,2026-01-19,
10267,M011232,2025-12-29,
10267,M011232,2026-01-05,
10267,M011232,2026-01-12,
10267,M011232,2026-01-19,
10267,M010676,2025-12-29,
10267,M010676,2026-01-05,
10267,M010676,2026-01-12,
10267,M010676,2026-01-19,
10267,M010038,2025-12-29,
10267,M010038,2026-01-05,
10267,M010038,2026-01-12,
10267,M010038,2026-01-19,
10267,M009630,2025-12-29,
10267,M009630,2026-01-05,
10267,M009630,2026-01-12,
10267,M009630,2026-01-19,
10294,M009630,2025-12-29,
10294,M009630,2026-01-05,
10294,M009630,2026-01-12,
10294,M009630,2026-01-19,
10294,M010184,2025-12-29,
10294,M010184,2026-01-05,
10294,M010184,2026-01-12,
10294,M010184,2026-01-19,
10294,M013459,2025-12-29,
10294,M013459,2026-01-05,
10294,M013459,2026-01-12,
10294,M013459,2026-01-19,
10294,M011339,2025-12-29,
10294,M011339,2026-01-05,
10294,M011339,2026-01-12,
10294,M011339,2026-01-19,
10294,M014013,2025-12-29,
10294,M014013,2026-01-05,
10294,M014013,2026-01-12,
10294,M014013,2026-01-19,
10294,M009651,2025-12-29,
10294,M009651,2026-01-05,
10294,M009651,2026-01-12,
10294,M009651,2026-01-19,
10294,M013086,2025-12-29,
10294,M013086,2026-01-05,
10294,M013086,2026-01-12,
10294,M013086,2026-01-19,
10294,M013962,2025-12-29,
10294,M013962,2026-01-05,
10294,M013962,2026-01-12,
10294,M013962,2026-01-19,
10294,M014771,2025-12-29,
10294,M014771,2026-01-05,
10294,M014771,2026-01-12,
10294,M014771,2026-01-19,
10294,M011232,2025-12-29,
10294,M011232,2026-01-05,
10294,M011232,2026-01-12,
10294,M011232,2026-01-19,
10578,M013477,2025-12-29,
10578,M013477,2026-01-05,
10578,M013477,2026-01-12,
10578,M013477,2026-01-19,
10578,M009364,2025-12-29,
10578,M009364,2026-01-05,
10578,M009364,2026-01-12,
10578,M009364,2026-01-19,
10578,M011086,2025-12-29,
10578,M011086,2026-01-05,
10578,M011086,2026-01-12,
10578,M011086,2026-01-19,
10578,M012115,2025-12-29,
10578,M012115,2026-01-05,
10578,M012115,2026-01-12,
10578,M012115,2026-01-19,
10578,M011339,2025-12-29,
10578,M011339,2026-01-05,
10578,M011339,2026-01-12,
10578,M011339,2026-01-19,
10578,M010868,2025-12-29,
10578,M010868,2026-01-05,
10578,M010868,2026-01-12,
10578,M010868,2026-01-19,
10578,M010208,2025-12-29,
10578,M010208,2026-01-05,
10578,M010208,2026-01-12,
10578,M010208,2026-01-19,
10578,M016311,2025-12-29,
10578,M016311,2026-01-05,
10578,M016311,2026-01-12,
10578,M016311,2026-01-19,
10578,M011232,2025-12-29,
10578,M011232,2026-01-05,
10578,M011232,2026-01-12,
10578,M011232,2026-01-19,
10578,M010253,2025-12-29,
10578,M010253,2026-01-05,
10578,M010253,2026-01-12,
10578,M010253,2026-01-19,
10578,M009542,2025-12-29,
10578,M009542,2026-01-05,
10578,M009542,2026-01-12,
10578,M009542,2026-01-19,
10578,M016350,2025-12-29,
10578,M016350,2026-01-05,
10578,M016350,2026-01-12,
10578,M016350,2026-01-19,
10578,M010038,2025-12-29,
10578,M010038,2026-01-05,
10578,M010038,2026-01-12,
10578,M010038,2026-01-19,
10578,M009648,2025-12-29,
10578,M009648,2026-01-05,
10578,M009648,2026-01-12,
10578,M009648,2026-01-19,
10578,M009970,2025-12-29,
10578,M009970,2026-01-05,
10578,M009970,2026-01-12,
10578,M009970,2026-01-19,
10578,M009651,2025-12-29,
10578,M009651,2026-01-05,
10578,M009651,2026-01-12,
10578,M009651,2026-01-19,
10578,M011075,2025-12-29,
10578,M011075,2026-01-05,
10578,M011075,2026-01-12,
10578,M011075,2026-01-19,
10578,M013459,2025-12-29,
10578,M013459,2026-01-05,
10578,M013459,2026-01-12,
10578,M013459,2026-01-19,
10578,M009594,2025-12-29,
10578,M009594,2026-01-05,
10578,M009594,2026-01-12,
10578,M009594,2026-01-19,
10578,M010082,2025-12-29,
10578,M010082,2026-01-05,
10578,M010082,2026-01-12,
10578,M010082,2026-01-19,
10578,M010132,2025-12-29,
10578,M010132,2026-01-05,
10578,M010132,2026-01-12,
10578,M010132,2026-01-19,
10578,M013294,2025-12-29,
10578,M013294,2026-01-05,
10578,M013294,2026-01-12,
10578,M013294,2026-01-19,
10578,M012665,2025-12-29,
10578,M012665,2026-01-05,
10578,M012665,2026-01-12,
10578,M012665,2026-01-19,
10578,M009898,2025-12-29,
10578,M009898,2026-01-05,
10578,M009898,2026-01-12,
10578,M009898,2026-01-19,
10578,M014013,2025-12-29,
10578,M014013,2026-01-05,
10578,M014013,2026-01-12,
10578,M014013,2026-01-19,
10584,M014013,2025-12-29,
10584,M014013,2026-01-05,
10584,M014013,2026-01-12,
10584,M014013,2026-01-19,
10584,M010676,2025-12-29,
10584,M010676,2026-01-05,
10584,M010676,2026-01-12,
10584,M010676,2026-01-19,
10584,M010532,2025-12-29,
10584,M010532,2026-01-05,
10584,M010532,2026-01-12,
10584,M010532,2026-01-19,
10584,M012115,2025-12-29,
10584,M012115,2026-01-05,
10584,M012115,2026-01-12,
10584,M012115,2026-01-19,
10584,M012665,2025-12-29,
10584,M012665,2026-01-05,
10584,M012665,2026-01-12,
10584,M012665,2026-01-19,
10584,M013294,2025-12-29,
10584,M013294,2026-01-05,
10584,M013294,2026-01-12,
10584,M013294,2026-01-19,
10584,M009072,2025-12-29,
10584,M009072,2026-01-05,
10584,M009072,2026-01-12,
10584,M009072,2026-01-19,
10584,M016641,2025-12-29,
10584,M016641,2026-01-05,
10584,M016641,2026-01-12,
10584,M016641,2026-01-19,
10584,M009364,2025-12-29,
10584,M009364,2026-01-05,
10584,M009364,2026-01-12,
10584,M009364,2026-01-19,
10584,M013477,2025-12-29,
10584,M013477,2026-01-05,
10584,M013477,2026-01-12,
10584,M013477,2026-01-19,
10584,M010453,2025-12-29,
10584,M010453,2026-01-05,
10584,M010453,2026-01-12,
10584,M010453,2026-01-19,
10584,M010200,2025-12-29,
10584,M010200,2026-01-05,
10584,M010200,2026-01-12,
10584,M010200,2026-01-19,
10584,M009542,2025-12-29,
10584,M009542,2026-01-05,
10584,M009542,2026-01-12,
10584,M009542,2026-01-19,
10584,M010788,2025-12-29,
10584,M010788,2026-01-05,
10584,M010788,2026-01-12,
10584,M010788,2026-01-19,
10655,M010075,2025-12-29,
10655,M010075,2026-01-05,
10655,M010075,2026-01-12,
10655,M010075,2026-01-19,
10655,M009648,2025-12-29,
10655,M009648,2026-01-05,
10655,M009648,2026-01-12,
10655,M009648,2026-01-19,
10655,M009898,2025-12-29,
10655,M009898,2026-01-05,
10655,M009898,2026-01-12,
10655,M009898,2026-01-19,
10655,M009364,2025-12-29,
10655,M009364,2026-01-05,
10655,M009364,2026-01-12,
10655,M009364,2026-01-19,
10655,M010788,2025-12-29,
10655,M010788,2026-01-05,
10655,M010788,2026-01-12,
10655,M010788,2026-01-19,
10655,M013459,2025-12-29,
10655,M013459,2026-01-05,
10655,M013459,2026-01-12,
10655,M013459,2026-01-19,
10655,M010132,2025-12-29,
10655,M010132,2026-01-05,
10655,M010132,2026-01-12,
10655,M010132,2026-01-19,
10655,M010038,2025-12-29,
10655,M010038,2026-01-05,
10655,M010038,2026-01-12,
10655,M010038,2026-01-19,
10655,M010204,2025-12-29,
10655,M010204,2026-01-05,
10655,M010204,2026-01-12,
10655,M010204,2026-01-19,
10655,M013086,2025-12-29,
10655,M013086,2026-01-05,
10655,M013086,2026-01-12,
10655,M013086,2026-01-19,
10655,M009970,2025-12-29,
10655,M009970,2026-01-05,
10655,M009970,2026-01-12,
10655,M009970,2026-01-19,
10655,M009284,2025-12-29,
10655,M009284,2026-01-05,
10655,M009284,2026-01-12,
10655,M009284,2026-01-19,
10655,M016641,2025-12-29,
10655,M016641,2026-01-05,
10655,M016641,2026-01-12,
10655,M016641,2026-01-19,
10655,M010082,2025-12-29,
10655,M010082,2026-01-05,
10655,M010082,2026-01-12,
10655,M010082,2026-01-19,
10655,M009050,2025-12-29,
10655,M009050,2026-01-05,
10655,M009050,2026-01-12,
10655,M009050,2026-01-19,
10655,M010079,2025-12-29,
10655,M010079,2026-01-05,
10655,M010079,2026-01-12,
10655,M010079,2026-01-19,
10655,M010532,2025-12-29,
10655,M010532,2026-01-05,
10655,M010532,2026-01-12,
10655,M010532,2026-01-19,
10655,M010771,2025-12-29,
10655,M010771,2026-01-05,
10655,M010771,2026-01-12,
10655,M010771,2026-01-19,
10655,M010253,2025-12-29,
10655,M010253,2026-01-05,
10655,M010253,2026-01-12,
10655,M010253,2026-01-19,
10655,M009630,2025-12-29,
10655,M009630,2026-01-05,
10655,M009630,2026-01-12,
10655,M009630,2026-01-19,
10655,M016350,2025-12-29,
10655,M016350,2026-01-05,
10655,M016350,2026-01-12,
10655,M016350,2026-01-19,
10655,M013294,2025-12-29,
10655,M013294,2026-01-05,
10655,M013294,2026-01-12,
10655,M013294,2026-01-19,
10655,M012706,2025-12-29,
10655,M012706,2026-01-05,
10655,M012706,2026-01-12,
10655,M012706,2026-01-19,
10655,M009594,2025-12-29,
10655,M009594,2026-01-05,
10655,M009594,2026-01-12,
10655,M009594,2026-01-19,
10655,M009651,2025-12-29,
10655,M009651,2026-01-05,
10655,M009651,2026-01-12,
10655,M009651,2026-01-19,
10655,M016311,2025-12-29,
10655,M016311,2026-01-05,
10655,M016311,2026-01-12,
10655,M016311,2026-01-19,
10655,M010882,2025-12-29,
10655,M010882,2026-01-05,
10655,M010882,2026-01-12,
10655,M010882,2026-01-19,
10655,M009518,2025-12-29,
10655,M009518,2026-01-05,
10655,M009518,2026-01-12,
10655,M009518,2026-01-19,
10655,M010453,2025-12-29,
10655,M010453,2026-01-05,
10655,M010453,2026-01-12,
10655,M010453,2026-01-19,
10655,M012860,2025-12-29,
10655,M012860,2026-01-05,
10655,M012860,2026-01-12,
10655,M012860,2026-01-19,
10655,M013220,2025-12-29,
10655,M013220,2026-01-05,
10655,M013220,2026-01-12,
10655,M013220,2026-01-19,
10655,M013962,2025-12-29,
10655,M013962,2026-01-05,
10655,M013962,2026-01-12,
10655,M013962,2026-01-19,
10655,M010208,2025-12-29,
10655,M010208,2026-01-05,
10655,M010208,2026-01-12,
10655,M010208,2026-01-19,
10655,M009072,2025-12-29,
10655,M009072,2026-01-05,
10655,M009072,2026-01-12,
10655,M009072,2026-01-19,
10655,M010200,2025-12-29,
10655,M010200,2026-01-05,
10655,M010200,2026-01-12,
10655,M010200,2026-01-19,
10655,M011086,2025-12-29,
10655,M011086,2026-01-05,
10655,M011086,2026-01-12,
10655,M011086,2026-01-19,
10655,M009542,2025-12-29,
10655,M009542,2026-01-05,
10655,M009542,2026-01-12,
10655,M009542,2026-01-19,
10655,M011075,2025-12-29,
10655,M011075,2026-01-05,
10655,M011075,2026-01-12,
10655,M011075,2026-01-19,
10655,M012115,2025-12-29,
10655,M012115,2026-01-05,
10655,M012115,2026-01-12,
10655,M012115,2026-01-19,
10694,M010862,2025-12-29,
10694,M010862,2026-01-05,
10694,M010862,2026-01-12,
10694,M010862,2026-01-19,
10694,M012115,2025-12-29,
10694,M012115,2026-01-05,
10694,M012115,2026-01-12,
10694,M012115,2026-01-19,
10694,M010868,2025-12-29,
10694,M010868,2026-01-05,
10694,M010868,2026-01-12,
10694,M010868,2026-01-19,
10694,M009630,2025-12-29,
10694,M009630,2026-01-05,
10694,M009630,2026-01-12,
10694,M009630,2026-01-19,
10694,M010184,2025-12-29,
10694,M010184,2026-01-05,
10694,M010184,2026-01-12,
10694,M010184,2026-01-19,
10694,M009898,2025-12-29,
10694,M009898,2026-01-05,
10694,M009898,2026-01-12,
10694,M009898,2026-01-19,
10694,M009542,2025-12-29,
10694,M009542,2026-01-05,
10694,M009542,2026-01-12,
10694,M009542,2026-01-19,
10694,M010253,2025-12-29,
10694,M010253,2026-01-05,
10694,M010253,2026-01-12,
10694,M010253,2026-01-19,
10694,M009050,2025-12-29,
10694,M009050,2026-01-05,
10694,M009050,2026-01-12,
10694,M009050,2026-01-19,
10694,M010532,2025-12-29,
10694,M010532,2026-01-05,
10694,M010532,2026-01-12,
10694,M010532,2026-01-19,
10694,M009970,2025-12-29,
10694,M009970,2026-01-05,
10694,M009970,2026-01-12,
10694,M009970,2026-01-19,
10694,M010200,2025-12-29,
10694,M010200,2026-01-05,
10694,M010200,2026-01-12,
10694,M010200,2026-01-19,
10694,M014013,2025-12-29,
10694,M014013,2026-01-05,
10694,M014013,2026-01-12,
10694,M014013,2026-01-19,
10694,M009364,2025-12-29,
10694,M009364,2026-01-05,
10694,M009364,2026-01-12,
10694,M009364,2026-01-19,
10694,M016641,2025-12-29,
10694,M016641,2026-01-05,
10694,M016641,2026-01-12,
10694,M016641,2026-01-19,
10694,M009072,2025-12-29,
10694,M009072,2026-01-05,
10694,M009072,2026-01-12,
10694,M009072,2026-01-19,
10917,M011339,2025-12-29,
10917,M011339,2026-01-05,
10917,M011339,2026-01-12,
10917,M011339,2026-01-19,
10917,M009651,2025-12-29,
10917,M009651,2026-01-05,
10917,M009651,2026-01-12,
10917,M009651,2026-01-19,
10917,M014771,2025-12-29,
10917,M014771,2026-01-05,
10917,M014771,2026-01-12,
10917,M014771,2026-01-19,
10917,M013294,2025-12-29,
10917,M013294,2026-01-05,
10917,M013294,2026-01-12,
10917,M013294,2026-01-19,
10917,M009542,2025-12-29,
10917,M009542,2026-01-05,
10917,M009542,2026-01-12,
10917,M009542,2026-01-19,
10917,M010532,2025-12-29,
10917,M010532,2026-01-05,
10917,M010532,2026-01-12,
10917,M010532,2026-01-19,
10917,M010184,2025-12-29,
10917,M010184,2026-01-05,
10917,M010184,2026-01-12,
10917,M010184,2026-01-19,
10917,M010453,2025-12-29,
10917,M010453,2026-01-05,
10917,M010453,2026-01-12,
10917,M010453,2026-01-19,
10917,M013459,2025-12-29,
10917,M013459,2026-01-05,
10917,M013459,2026-01-12,
10917,M013459,2026-01-19,
10917,M010788,2025-12-29,
10917,M010788,2026-01-05,
10917,M010788,2026-01-12,
10917,M010788,2026-01-19,
10917,M013962,2025-12-29,
10917,M013962,2026-01-05,
10917,M013962,2026-01-12,
10917,M013962,2026-01-19,
10917,M013086,2025-12-29,
10917,M013086,2026-01-05,
10917,M013086,2026-01-12,
10917,M013086,2026-01-19,
10917,M010082,2025-12-29,
10917,M010082,2026-01-05,
10917,M010082,2026-01-12,
10917,M010082,2026-01-19,
10917,M013220,2025-12-29,
10917,M013220,2026-01-05,
10917,M013220,2026-01-12,
10917,M013220,2026-01-19,
10917,M012860,2025-12-29,
10917,M012860,2026-01-05,
10917,M012860,2026-01-12,
10917,M012860,2026-01-19,
10917,M009898,2025-12-29,
10917,M009898,2026-01-05,
10917,M009898,2026-01-12,
10917,M009898,2026-01-19,
10933,M009898,2025-12-29,
10933,M009898,2026-01-05,
10933,M009898,2026-01-12,
10933,M009898,2026-01-19,
10933,M012665,2025-12-29,
10933,M012665,2026-01-05,
10933,M012665,2026-01-12,
10933,M012665,2026-01-19,
10933,M010676,2025-12-29,
10933,M010676,2026-01-05,
10933,M010676,2026-01-12,
10933,M010676,2026-01-19,
10933,M013294,2025-12-29,
10933,M013294,2026-01-05,
10933,M013294,2026-01-12,
10933,M013294,2026-01-19,
10933,M010082,2025-12-29,
10933,M010082,2026-01-05,
10933,M010082,2026-01-12,
10933,M010082,2026-01-19,
10933,M014013,2025-12-29,
10933,M014013,2026-01-05,
10933,M014013,2026-01-12,
10933,M014013,2026-01-19,
10933,M013086,2025-12-29,
10933,M013086,2026-01-05,
10933,M013086,2026-01-12,
10933,M013086,2026-01-19,
10943,M013459,2025-12-29,
10943,M013459,2026-01-05,
10943,M013459,2026-01-12,
10943,M013459,2026-01-19,
10943,M009364,2025-12-29,
10943,M009364,2026-01-05,
10943,M009364,2026-01-12,
10943,M009364,2026-01-19,
10943,M013086,2025-12-29,
10943,M013086,2026-01-05,
10943,M013086,2026-01-12,
10943,M013086,2026-01-19,
10943,M014013,2025-12-29,
10943,M014013,2026-01-05,
10943,M014013,2026-01-12,
10943,M014013,2026-01-19,
10943,M010253,2025-12-29,
10943,M010253,2026-01-05,
10943,M010253,2026-01-12,
10943,M010253,2026-01-19,
10943,M010132,2025-12-29,
10943,M010132,2026-01-05,
10943,M010132,2026-01-12,
10943,M010132,2026-01-19,
10943,M009648,2025-12-29,
10943,M009648,2026-01-05,
10943,M009648,2026-01-12,
10943,M009648,2026-01-19,
10943,M009970,2025-12-29,
10943,M009970,2026-01-05,
10943,M009970,2026-01-12,
10943,M009970,2026-01-19,
10943,M009594,2025-12-29,
10943,M009594,2026-01-05,
10943,M009594,2026-01-12,
10943,M009594,2026-01-19,
10943,M009050,2025-12-29,
10943,M009050,2026-01-05,
10943,M009050,2026-01-12,
10943,M009050,2026-01-19,
10943,M010200,2025-12-29,
10943,M010200,2026-01-05,
10943,M010200,2026-01-12,
10943,M010200,2026-01-19,
10943,M009072,2025-12-29,
10943,M009072,2026-01-05,
10943,M009072,2026-01-12,
10943,M009072,2026-01-19,
10943,M010532,2025-12-29,
10943,M010532,2026-01-05,
10943,M010532,2026-01-12,
10943,M010532,2026-01-19,
10943,M009284,2025-12-29,
10943,M009284,2026-01-05,
10943,M009284,2026-01-12,
10943,M009284,2026-01-19,
10943,M010082,2025-12-29,
10943,M010082,2026-01-05,
10943,M010082,2026-01-12,
10943,M010082,2026-01-19,
10943,M010862,2025-12-29,
10943,M010862,2026-01-05,
10943,M010862,2026-01-12,
10943,M010862,2026-01-19,
10962,M013962,2025-12-29,
10962,M013962,2026-01-05,
10962,M013962,2026-01-12,
10962,M013962,2026-01-19,
10962,M014771,2025-12-29,
10962,M014771,2026-01-05,
10962,M014771,2026-01-12,
10962,M014771,2026-01-19,
10962,M012665,2025-12-29,
10962,M012665,2026-01-05,
10962,M012665,2026-01-12,
10962,M012665,2026-01-19,
10962,M010771,2025-12-29,
10962,M010771,2026-01-05,
10962,M010771,2026-01-12,
10962,M010771,2026-01-19,
10962,M010453,2025-12-29,
10962,M010453,2026-01-05,
10962,M010453,2026-01-12,
10962,M010453,2026-01-19,
10962,M009651,2025-12-29,
10962,M009651,2026-01-05,
10962,M009651,2026-01-12,
10962,M009651,2026-01-19,
10962,M013477,2025-12-29,
10962,M013477,2026-01-05,
10962,M013477,2026-01-12,
10962,M013477,2026-01-19,
10962,M009630,2025-12-29,
10962,M009630,2026-01-05,
10962,M009630,2026-01-12,
10962,M009630,2026-01-19,
10962,M014013,2025-12-29,
10962,M014013,2026-01-05,
10962,M014013,2026-01-12,
10962,M014013,2026-01-19,
10962,M010788,2025-12-29,
10962,M010788,2026-01-05,
10962,M010788,2026-01-12,
10962,M010788,2026-01-19,
10962,M010676,2025-12-29,
10962,M010676,2026-01-05,
10962,M010676,2026-01-12,
10962,M010676,2026-01-19,
10962,M009648,2025-12-29,
10962,M009648,2026-01-05,
10962,M009648,2026-01-12,
10962,M009648,2026-01-19,
10962,M011232,2025-12-29,
10962,M011232,2026-01-05,
10962,M011232,2026-01-12,
10962,M011232,2026-01-19,
10962,M010079,2025-12-29,
10962,M010079,2026-01-05,
10962,M010079,2026-01-12,
10962,M010079,2026-01-19,
10962,M010082,2025-12-29,
10962,M010082,2026-01-05,
10962,M010082,2026-01-12,
10962,M010082,2026-01-19,
10962,M010132,2025-12-29,
10962,M010132,2026-01-05,
10962,M010132,2026-01-12,
10962,M010132,2026-01-19,
10977,M009970,2025-12-29,
10977,M009970,2026-01-05,
10977,M009970,2026-01-12,
10977,M009970,2026-01-19,
10977,M012115,2025-12-29,
10977,M012115,2026-01-05,
10977,M012115,2026-01-12,
10977,M012115,2026-01-19,
10977,M010253,2025-12-29,
10977,M010253,2026-01-05,
10977,M010253,2026-01-12,
10977,M010253,2026-01-19,
10977,M009364,2025-12-29,
10977,M009364,2026-01-05,
10977,M009364,2026-01-12,
10977,M009364,2026-01-19,
10977,M013459,2025-12-29,
10977,M013459,2026-01-05,
10977,M013459,2026-01-12,
10977,M013459,2026-01-19,
10977,M010868,2025-12-29,
10977,M010868,2026-01-05,
10977,M010868,2026-01-12,
10977,M010868,2026-01-19,
10977,M012665,2025-12-29,
10977,M012665,2026-01-05,
10977,M012665,2026-01-12,
10977,M012665,2026-01-19,
10977,M009648,2025-12-29,
10977,M009648,2026-01-05,
10977,M009648,2026-01-12,
10977,M009648,2026-01-19,
10977,M010788,2025-12-29,
10977,M010788,2026-01-05,
10977,M010788,2026-01-12,
10977,M010788,2026-01-19,
10977,M010184,2025-12-29,
10977,M010184,2026-01-05,
10977,M010184,2026-01-12,
10977,M010184,2026-01-19,
10977,M011232,2025-12-29,
10977,M011232,2026-01-05,
10977,M011232,2026-01-12,
10977,M011232,2026-01-19,
10977,M009284,2025-12-29,
10977,M009284,2026-01-05,
10977,M009284,2026-01-12,
10977,M009284,2026-01-19,
10977,M012860,2025-12-29,
10977,M012860,2026-01-05,
10977,M012860,2026-01-12,
10977,M012860,2026-01-19,
10993,M010532,2025-12-29,
10993,M010532,2026-01-05,
10993,M010532,2026-01-12,
10993,M010532,2026-01-19,
10993,M010862,2025-12-29,
10993,M010862,2026-01-05,
10993,M010862,2026-01-12,
10993,M010862,2026-01-19,
10993,M013086,2025-12-29,
10993,M013086,2026-01-05,
10993,M013086,2026-01-12,
10993,M013086,2026-01-19,
10993,M009364,2025-12-29,
10993,M009364,2026-01-05,
10993,M009364,2026-01-12,
10993,M009364,2026-01-19,
10993,M009898,2025-12-29,
10993,M009898,2026-01-05,
10993,M009898,2026-01-12,
10993,M009898,2026-01-19,
10993,M009594,2025-12-29,
10993,M009594,2026-01-05,
10993,M009594,2026-01-12,
10993,M009594,2026-01-19,
10993,M009072,2025-12-29,
10993,M009072,2026-01-05,
10993,M009072,2026-01-12,
10993,M009072,2026-01-19,
10993,M011232,2025-12-29,
10993,M011232,2026-01-05,
10993,M011232,2026-01-12,
10993,M011232,2026-01-19,
10993,M010253,2025-12-29,
10993,M010253,2026-01-05,
10993,M010253,2026-01-12,
10993,M010253,2026-01-19,
10993,M014771,2025-12-29,
10993,M014771,2026-01-05,
10993,M014771,2026-01-12,
10993,M014771,2026-01-19,
10993,M009542,2025-12-29,
10993,M009542,2026-01-05,
10993,M009542,2026-01-12,
10993,M009542,2026-01-19,
11012,M012115,2025-12-29,
11012,M012115,2026-01-05,
11012,M012115,2026-01-12,
11012,M012115,2026-01-19,
11012,M009651,2025-12-29,
11012,M009651,2026-01-05,
11012,M009651,2026-01-12,
11012,M009651,2026-01-19,
11012,M013962,2025-12-29,
11012,M013962,2026-01-05,
11012,M013962,2026-01-12,
11012,M013962,2026-01-19,
11012,M011339,2025-12-29,
11012,M011339,2026-01-05,
11012,M011339,2026-01-12,
11012,M011339,2026-01-19,
11012,M016350,2025-12-29,
11012,M016350,2026-01-05,
11012,M016350,2026-01-12,
11012,M016350,2026-01-19,
11012,M009970,2025-12-29,
11012,M009970,2026-01-05,
11012,M009970,2026-01-12,
11012,M009970,2026-01-19,
11012,M010771,2025-12-29,
11012,M010771,2026-01-05,
11012,M010771,2026-01-12,
11012,M010771,2026-01-19,
11012,M010253,2025-12-29,
11012,M010253,2026-01-05,
11012,M010253,2026-01-12,
11012,M010253,2026-01-19,
11012,M010676,2025-12-29,
11012,M010676,2026-01-05,
11012,M010676,2026-01-12,
11012,M010676,2026-01-19,
11012,M010082,2025-12-29,
11012,M010082,2026-01-05,
11012,M010082,2026-01-12,
11012,M010082,2026-01-19,
11012,M010868,2025-12-29,
11012,M010868,2026-01-05,
11012,M010868,2026-01-12,
11012,M010868,2026-01-19,
11012,M013459,2025-12-29,
11012,M013459,2026-01-05,
11012,M013459,2026-01-12,
11012,M013459,2026-01-19,
11012,M013294,2025-12-29,
11012,M013294,2026-01-05,
11012,M013294,2026-01-12,
11012,M013294,2026-01-19,
11012,M010184,2025-12-29,
11012,M010184,2026-01-05,
11012,M010184,2026-01-12,
11012,M010184,2026-01-19,
11012,M010532,2025-12-29,
11012,M010532,2026-01-05,
11012,M010532,2026-01-12,
11012,M010532,2026-01-19,
11012,M010200,2025-12-29,
11012,M010200,2026-01-05,
11012,M010200,2026-01-12,
11012,M010200,2026-01-19,
11012,M009050,2025-12-29,
11012,M009050,2026-01-05,
11012,M009050,2026-01-12,
11012,M009050,2026-01-19,
11012,M009648,2025-12-29,
11012,M009648,2026-01-05,
11012,M009648,2026-01-12,
11012,M009648,2026-01-19,
11012,M010038,2025-12-29,
11012,M010038,2026-01-05,
11012,M010038,2026-01-12,
11012,M010038,2026-01-19,
11012,M009364,2025-12-29,
11012,M009364,2026-01-05,
11012,M009364,2026-01-12,
11012,M009364,2026-01-19,
11012,M012706,2025-12-29,
11012,M012706,2026-01-05,
11012,M012706,2026-01-12,
11012,M012706,2026-01-19,
11012,M011232,2025-12-29,
11012,M011232,2026-01-05,
11012,M011232,2026-01-12,
11012,M011232,2026-01-19,
11012,M016311,2025-12-29,
11012,M016311,2026-01-05,
11012,M016311,2026-01-12,
11012,M016311,2026-01-19,
11012,M013477,2025-12-29,
11012,M013477,2026-01-05,
11012,M013477,2026-01-12,
11012,M013477,2026-01-19,
11012,M009072,2025-12-29,
11012,M009072,2026-01-05,
11012,M009072,2026-01-12,
11012,M009072,2026-01-19,
11012,M010453,2025-12-29,
11012,M010453,2026-01-05,
11012,M010453,2026-01-12,
11012,M010453,2026-01-19,
11012,M013220,2025-12-29,
11012,M013220,2026-01-05,
11012,M013220,2026-01-12,
11012,M013220,2026-01-19,
11012,M010788,2025-12-29,
11012,M010788,2026-01-05,
11012,M010788,2026-01-12,
11012,M010788,2026-01-19,
11012,M009898,2025-12-29,
11012,M009898,2026-01-05,
11012,M009898,2026-01-12,
11012,M009898,2026-01-19,
11012,M009542,2025-12-29,
11012,M009542,2026-01-05,
11012,M009542,2026-01-12,
11012,M009542,2026-01-19,
11012,M016641,2025-12-29,
11012,M016641,2026-01-05,
11012,M016641,2026-01-12,
11012,M016641,2026-01-19,
11012,M009371,2025-12-29,
11012,M009371,2026-01-05,
11012,M009371,2026-01-12,
11012,M009371,2026-01-19,
11056,M014771,2025-12-29,
11056,M014771,2026-01-05,
11056,M014771,2026-01-12,
11056,M014771,2026-01-19,
11056,M013294,2025-12-29,
11056,M013294,2026-01-05,
11056,M013294,2026-01-12,
11056,M013294,2026-01-19,
11056,M013459,2025-12-29,
11056,M013459,2026-01-05,
11056,M013459,2026-01-12,
11056,M013459,2026-01-19,
11056,M010208,2025-12-29,
11056,M010208,2026-01-05,
11056,M010208,2026-01-12,
11056,M010208,2026-01-19,
11056,M010253,2025-12-29,
11056,M010253,2026-01-05,
11056,M010253,2026-01-12,
11056,M010253,2026-01-19,
11056,M013086,2025-12-29,
11056,M013086,2026-01-05,
11056,M013086,2026-01-12,
11056,M013086,2026-01-19,
11056,M011339,2025-12-29,
11056,M011339,2026-01-05,
11056,M011339,2026-01-12,
11056,M011339,2026-01-19,
11056,M010079,2025-12-29,
11056,M010079,2026-01-05,
11056,M010079,2026-01-12,
11056,M010079,2026-01-19,
11062,M014771,2025-12-29,
11062,M014771,2026-01-05,
11062,M014771,2026-01-12,
11062,M014771,2026-01-19,
11062,M009284,2025-12-29,
11062,M009284,2026-01-05,
11062,M009284,2026-01-12,
11062,M009284,2026-01-19,
11062,M012665,2025-12-29,
11062,M012665,2026-01-05,
11062,M012665,2026-01-12,
11062,M012665,2026-01-19,
11062,M010862,2025-12-29,
11062,M010862,2026-01-05,
11062,M010862,2026-01-12,
11062,M010862,2026-01-19,
11062,M012115,2025-12-29,
11062,M012115,2026-01-05,
11062,M012115,2026-01-12,
11062,M012115,2026-01-19,
11062,M010038,2025-12-29,
11062,M010038,2026-01-05,
11062,M010038,2026-01-12,
11062,M010038,2026-01-19,
11062,M013477,2025-12-29,
11062,M013477,2026-01-05,
11062,M013477,2026-01-12,
11062,M013477,2026-01-19,
11062,M012860,2025-12-29,
11062,M012860,2026-01-05,
11062,M012860,2026-01-12,
11062,M012860,2026-01-19,
11062,M010253,2025-12-29,
11062,M010253,2026-01-05,
11062,M010253,2026-01-12,
11062,M010253,2026-01-19,
11062,M010082,2025-12-29,
11062,M010082,2026-01-05,
11062,M010082,2026-01-12,
11062,M010082,2026-01-19,
11062,M013962,2025-12-29,
11062,M013962,2026-01-05,
11062,M013962,2026-01-12,
11062,M013962,2026-01-19,
11062,M010453,2025-12-29,
11062,M010453,2026-01-05,
11062,M010453,2026-01-12,
11062,M010453,2026-01-19,
11062,M009648,2025-12-29,
11062,M009648,2026-01-05,
11062,M009648,2026-01-12,
11062,M009648,2026-01-19,
11062,M009594,2025-12-29,
11062,M009594,2026-01-05,
11062,M009594,2026-01-12,
11062,M009594,2026-01-19,
11062,M010075,2025-12-29,
11062,M010075,2026-01-05,
11062,M010075,2026-01-12,
11062,M010075,2026-01-19,
11062,M016350,2025-12-29,
11062,M016350,2026-01-05,
11062,M016350,2026-01-12,
11062,M016350,2026-01-19,
11062,M010676,2025-12-29,
11062,M010676,2026-01-05,
11062,M010676,2026-01-12,
11062,M010676,2026-01-19,
11062,M013459,2025-12-29,
11062,M013459,2026-01-05,
11062,M013459,2026-01-12,
11062,M013459,2026-01-19,
11062,M013220,2025-12-29,
11062,M013220,2026-01-05,
11062,M013220,2026-01-12,
11062,M013220,2026-01-19,
11062,M013294,2025-12-29,
11062,M013294,2026-01-05,
11062,M013294,2026-01-12,
11062,M013294,2026-01-19,
11062,M009518,2025-12-29,
11062,M009518,2026-01-05,
11062,M009518,2026-01-12,
11062,M009518,2026-01-19,
11062,M009364,2025-12-29,
11062,M009364,2026-01-05,
11062,M009364,2026-01-12,
11062,M009364,2026-01-19,
11062,M010200,2025-12-29,
11062,M010200,2026-01-05,
11062,M010200,2026-01-12,
11062,M010200,2026-01-19,
11062,M014013,2025-12-29,
11062,M014013,2026-01-05,
11062,M014013,2026-01-12,
11062,M014013,2026-01-19,
11062,M010868,2025-12-29,
11062,M010868,2026-01-05,
11062,M010868,2026-01-12,
11062,M010868,2026-01-19,
11062,M010204,2025-12-29,
11062,M010204,2026-01-05,
11062,M010204,2026-01-12,
11062,M010204,2026-01-19,
11062,M009898,2025-12-29,
11062,M009898,2026-01-05,
11062,M009898,2026-01-12,
11062,M009898,2026-01-19,
11062,M010882,2025-12-29,
11062,M010882,2026-01-05,
11062,M010882,2026-01-12,
11062,M010882,2026-01-19,
11062,M009970,2025-12-29,
11062,M009970,2026-01-05,
11062,M009970,2026-01-12,
11062,M009970,2026-01-19,
11062,M009371,2025-12-29,
11062,M009371,2026-01-05,
11062,M009371,2026-01-12,
11062,M009371,2026-01-19,
11062,M013086,2025-12-29,
11062,M013086,2026-01-05,
11062,M013086,2026-01-12,
11062,M013086,2026-01-19,
11062,M016641,2025-12-29,
11062,M016641,2026-01-05,
11062,M016641,2026-01-12,
11062,M016641,2026-01-19,
11062,M009050,2025-12-29,
11062,M009050,2026-01-05,
11062,M009050,2026-01-12,
11062,M009050,2026-01-19,
11062,M010184,2025-12-29,
11062,M010184,2026-01-05,
11062,M010184,2026-01-12,
11062,M010184,2026-01-19,
11062,M009542,2025-12-29,
11062,M009542,2026-01-05,
11062,M009542,2026-01-12,
11062,M009542,2026-01-19,
11106,M009594,2025-12-29,
11106,M009594,2026-01-05,
11106,M009594,2026-01-12,
11106,M009594,2026-01-19,
11106,M012860,2025-12-29,
11106,M012860,2026-01-05,
11106,M012860,2026-01-12,
11106,M012860,2026-01-19,
11106,M010453,2025-12-29,
11106,M010453,2026-01-05,
11106,M010453,2026-01-12,
11106,M010453,2026-01-19,
11106,M013477,2025-12-29,
11106,M013477,2026-01-05,
11106,M013477,2026-01-12,
11106,M013477,2026-01-19,
11106,M013220,2025-12-29,
11106,M013220,2026-01-05,
11106,M013220,2026-01-12,
11106,M013220,2026-01-19,
11106,M010038,2025-12-29,
11106,M010038,2026-01-05,
11106,M010038,2026-01-12,
11106,M010038,2026-01-19,
11106,M009630,2025-12-29,
11106,M009630,2026-01-05,
11106,M009630,2026-01-12,
11106,M009630,2026-01-19,
11106,M010532,2025-12-29,
11106,M010532,2026-01-05,
11106,M010532,2026-01-12,
11106,M010532,2026-01-19,
11106,M009364,2025-12-29,
11106,M009364,2026-01-05,
11106,M009364,2026-01-12,
11106,M009364,2026-01-19,
11106,M009050,2025-12-29,
11106,M009050,2026-01-05,
11106,M009050,2026-01-12,
11106,M009050,2026-01-19,
11161,M009072,2025-12-29,
11161,M009072,2026-01-05,
11161,M009072,2026-01-12,
11161,M009072,2026-01-19,
11161,M011232,2025-12-29,
11161,M011232,2026-01-05,
11161,M011232,2026-01-12,
11161,M011232,2026-01-19,
11161,M013294,2025-12-29,
11161,M013294,2026-01-05,
11161,M013294,2026-01-12,
11161,M013294,2026-01-19,
11161,M010532,2025-12-29,
11161,M010532,2026-01-05,
11161,M010532,2026-01-12,
11161,M010532,2026-01-19,
11161,M009651,2025-12-29,
11161,M009651,2026-01-05,
11161,M009651,2026-01-12,
11161,M009651,2026-01-19,
11161,M009284,2025-12-29,
11161,M009284,2026-01-05,
11161,M009284,2026-01-12,
11161,M009284,2026-01-19,
11161,M010253,2025-12-29,
11161,M010253,2026-01-05,
11161,M010253,2026-01-12,
11161,M010253,2026-01-19,
11262,M011339,2025-12-29,
11262,M011339,2026-01-05,
11262,M011339,2026-01-12,
11262,M011339,2026-01-19,
11262,M010208,2025-12-29,
11262,M010208,2026-01-05,
11262,M010208,2026-01-12,
11262,M010208,2026-01-19,
11262,M014013,2025-12-29,
11262,M014013,2026-01-05,
11262,M014013,2026-01-12,
11262,M014013,2026-01-19,
11262,M010453,2025-12-29,
11262,M010453,2026-01-05,
11262,M010453,2026-01-12,
11262,M010453,2026-01-19,
11262,M010532,2025-12-29,
11262,M010532,2026-01-05,
11262,M010532,2026-01-12,
11262,M010532,2026-01-19,
11262,M010038,2025-12-29,
11262,M010038,2026-01-05,
11262,M010038,2026-01-12,
11262,M010038,2026-01-19,
11262,M016641,2025-12-29,
11262,M016641,2026-01-05,
11262,M016641,2026-01-12,
11262,M016641,2026-01-19,
11315,M014771,2025-12-29,
11315,M014771,2026-01-05,
11315,M014771,2026-01-12,
11315,M014771,2026-01-19,
11315,M010868,2025-12-29,
11315,M010868,2026-01-05,
11315,M010868,2026-01-12,
11315,M010868,2026-01-19,
11315,M016641,2025-12-29,
11315,M016641,2026-01-05,
11315,M016641,2026-01-12,
11315,M016641,2026-01-19,
11315,M013962,2025-12-29,
11315,M013962,2026-01-05,
11315,M013962,2026-01-12,
11315,M013962,2026-01-19,
11315,M016311,2025-12-29,
11315,M016311,2026-01-05,
11315,M016311,2026-01-12,
11315,M016311,2026-01-19,
11315,M010676,2025-12-29,
11315,M010676,2026-01-05,
11315,M010676,2026-01-12,
11315,M010676,2026-01-19,
11315,M013477,2025-12-29,
11315,M013477,2026-01-05,
11315,M013477,2026-01-12,
11315,M013477,2026-01-19,
11315,M009648,2025-12-29,
11315,M009648,2026-01-05,
11315,M009648,2026-01-12,
11315,M009648,2026-01-19,
11315,M010771,2025-12-29,
11315,M010771,2026-01-05,
11315,M010771,2026-01-12,
11315,M010771,2026-01-19,
11315,M010075,2025-12-29,
11315,M010075,2026-01-05,
11315,M010075,2026-01-12,
11315,M010075,2026-01-19,
11315,M009050,2025-12-29,
11315,M009050,2026-01-05,
11315,M009050,2026-01-12,
11315,M009050,2026-01-19,
11315,M010184,2025-12-29,
11315,M010184,2026-01-05,
11315,M010184,2026-01-12,
11315,M010184,2026-01-19,
11315,M010208,2025-12-29,
11315,M010208,2026-01-05,
11315,M010208,2026-01-12,
11315,M010208,2026-01-19,
11315,M013459,2025-12-29,
11315,M013459,2026-01-05,
11315,M013459,2026-01-12,
11315,M013459,2026-01-19,
11315,M009651,2025-12-29,
11315,M009651,2026-01-05,
11315,M009651,2026-01-12,
11315,M009651,2026-01-19,
11315,M009630,2025-12-29,
11315,M009630,2026-01-05,
11315,M009630,2026-01-12,
11315,M009630,2026-01-19,
11315,M009970,2025-12-29,
11315,M009970,2026-01-05,
11315,M009970,2026-01-12,
11315,M009970,2026-01-19,
11315,M012860,2025-12-29,
11315,M012860,2026-01-05,
11315,M012860,2026-01-12,
11315,M012860,2026-01-19,
11315,M009518,2025-12-29,
11315,M009518,2026-01-05,
11315,M009518,2026-01-12,
11315,M009518,2026-01-19,
11315,M010204,2025-12-29,
11315,M010204,2026-01-05,
11315,M010204,2026-01-12,
11315,M010204,2026-01-19,
11315,M011339,2025-12-29,
11315,M011339,2026-01-05,
11315,M011339,2026-01-12,
11315,M011339,2026-01-19,
11315,M012706,2025-12-29,
11315,M012706,2026-01-05,
11315,M012706,2026-01-12,
11315,M012706,2026-01-19,
11315,M010788,2025-12-29,
11315,M010788,2026-01-05,
11315,M010788,2026-01-12,
11315,M010788,2026-01-19,
11315,M013220,2025-12-29,
11315,M013220,2026-01-05,
11315,M013220,2026-01-12,
11315,M013220,2026-01-19,
11347,M014013,2025-12-29,
11347,M014013,2026-01-05,
11347,M014013,2026-01-12,
11347,M014013,2026-01-19,
11347,M010208,2025-12-29,
11347,M010208,2026-01-05,
11347,M010208,2026-01-12,
11347,M010208,2026-01-19,
11347,M010132,2025-12-29,
11347,M010132,2026-01-05,
11347,M010132,2026-01-12,
11347,M010132,2026-01-19,
11347,M010868,2025-12-29,
11347,M010868,2026-01-05,
11347,M010868,2026-01-12,
11347,M010868,2026-01-19,
11347,M010079,2025-12-29,
11347,M010079,2026-01-05,
11347,M010079,2026-01-12,
11347,M010079,2026-01-19,
11347,M010771,2025-12-29,
11347,M010771,2026-01-05,
11347,M010771,2026-01-12,
11347,M010771,2026-01-19,
11446,M010676,2025-12-29,
11446,M010676,2026-01-05,
11446,M010676,2026-01-12,
11446,M010676,2026-01-19,
11446,M010532,2025-12-29,
11446,M010532,2026-01-05,
11446,M010532,2026-01-12,
11446,M010532,2026-01-19,
11446,M010453,2025-12-29,
11446,M010453,2026-01-05,
11446,M010453,2026-01-12,
11446,M010453,2026-01-19,
11446,M009284,2025-12-29,
11446,M009284,2026-01-05,
11446,M009284,2026-01-12,
11446,M009284,2026-01-19,
11446,M013220,2025-12-29,
11446,M013220,2026-01-05,
11446,M013220,2026-01-12,
11446,M013220,2026-01-19,
11446,M013459,2025-12-29,
11446,M013459,2026-01-05,
11446,M013459,2026-01-12,
11446,M013459,2026-01-19,
11446,M012860,2025-12-29,
11446,M012860,2026-01-05,
11446,M012860,2026-01-12,
11446,M012860,2026-01-19,
11446,M009970,2025-12-29,
11446,M009970,2026-01-05,
11446,M009970,2026-01-12,
11446,M009970,2026-01-19,
11446,M011086,2025-12-29,
11446,M011086,2026-01-05,
11446,M011086,2026-01-12,
11446,M011086,2026-01-19,
11552,M009594,2025-12-29,
11552,M009594,2026-01-05,
11552,M009594,2026-01-12,
11552,M009594,2026-01-19,
11552,M009898,2025-12-29,
11552,M009898,2026-01-05,
11552,M009898,2026-01-12,
11552,M009898,2026-01-19,
11552,M012706,2025-12-29,
11552,M012706,2026-01-05,
11552,M012706,2026-01-12,
11552,M012706,2026-01-19,
11552,M010132,2025-12-29,
11552,M010132,2026-01-05,
11552,M010132,2026-01-12,
11552,M010132,2026-01-19,
11552,M009542,2025-12-29,
11552,M009542,2026-01-05,
11552,M009542,2026-01-12,
11552,M009542,2026-01-19,
11552,M013220,2025-12-29,
11552,M013220,2026-01-05,
11552,M013220,2026-01-12,
11552,M013220,2026-01-19,
11552,M010082,2025-12-29,
11552,M010082,2026-01-05,
11552,M010082,2026-01-12,
11552,M010082,2026-01-19,
11552,M010200,2025-12-29,
11552,M010200,2026-01-05,
11552,M010200,2026-01-12,
11552,M010200,2026-01-19,
11857,M012665,2025-12-29,
11857,M012665,2026-01-05,
11857,M012665,2026-01-12,
11857,M012665,2026-01-19,
11857,M010132,2025-12-29,
11857,M010132,2026-01-05,
11857,M010132,2026-01-12,
11857,M010132,2026-01-19,
11857,M009648,2025-12-29,
11857,M009648,2026-01-05,
11857,M009648,2026-01-12,
11857,M009648,2026-01-19,
11857,M013477,2025-12-29,
11857,M013477,2026-01-05,
11857,M013477,2026-01-12,
11857,M013477,2026-01-19,
11857,M016641,2025-12-29,
11857,M016641,2026-01-05,
11857,M016641,2026-01-12,
11857,M016641,2026-01-19,
11857,M009364,2025-12-29,
11857,M009364,2026-01-05,
11857,M009364,2026-01-12,
11857,M009364,2026-01-19,
11857,M009072,2025-12-29,
11857,M009072,2026-01-05,
11857,M009072,2026-01-12,
11857,M009072,2026-01-19,
11857,M012860,2025-12-29,
11857,M012860,2026-01-05,
11857,M012860,2026-01-12,
11857,M012860,2026-01-19,
11868,M010882,2025-12-29,
11868,M010882,2026-01-05,
11868,M010882,2026-01-12,
11868,M010882,2026-01-19,
11868,M010200,2025-12-29,
11868,M010200,2026-01-05,
11868,M010200,2026-01-12,
11868,M010200,2026-01-19,
11868,M013477,2025-12-29,
11868,M013477,2026-01-05,
11868,M013477,2026-01-12,
11868,M013477,2026-01-19,
11868,M009050,2025-12-29,
11868,M009050,2026-01-05,
11868,M009050,2026-01-12,
11868,M009050,2026-01-19,
11868,M013086,2025-12-29,
11868,M013086,2026-01-05,
11868,M013086,2026-01-12,
11868,M013086,2026-01-19,
11868,M012665,2025-12-29,
11868,M012665,2026-01-05,
11868,M012665,2026-01-12,
11868,M012665,2026-01-19,
11868,M012860,2025-12-29,
11868,M012860,2026-01-05,
11868,M012860,2026-01-12,
11868,M012860,2026-01-19,
11868,M010788,2025-12-29,
11868,M010788,2026-01-05,
11868,M010788,2026-01-12,
11868,M010788,2026-01-19,
11868,M010253,2025-12-29,
11868,M010253,2026-01-05,
11868,M010253,2026-01-12,
11868,M010253,2026-01-19,
11868,M009542,2025-12-29,
11868,M009542,2026-01-05,
11868,M009542,2026-01-12,
11868,M009542,2026-01-19,
11868,M010075,2025-12-29,
11868,M010075,2026-01-05,
11868,M010075,2026-01-12,
11868,M010075,2026-01-19,
11868,M010771,2025-12-29,
11868,M010771,2026-01-05,
11868,M010771,2026-01-12,
11868,M010771,2026-01-19,
11868,M009594,2025-12-29,
11868,M009594,2026-01-05,
11868,M009594,2026-01-12,
11868,M009594,2026-01-19,
11868,M010082,2025-12-29,
11868,M010082,2026-01-05,
11868,M010082,2026-01-12,
11868,M010082,2026-01-19,
11868,M010453,2025-12-29,
11868,M010453,2026-01-05,
11868,M010453,2026-01-12,
11868,M010453,2026-01-19,
11868,M013962,2025-12-29,
11868,M013962,2026-01-05,
11868,M013962,2026-01-12,
11868,M013962,2026-01-19,
11868,M014013,2025-12-29,
11868,M014013,2026-01-05,
11868,M014013,2026-01-12,
11868,M014013,2026-01-19,
11868,M010868,2025-12-29,
11868,M010868,2026-01-05,
11868,M010868,2026-01-12,
11868,M010868,2026-01-19,
11868,M009518,2025-12-29,
11868,M009518,2026-01-05,
11868,M009518,2026-01-12,
11868,M009518,2026-01-19,
11868,M014771,2025-12-29,
11868,M014771,2026-01-05,
11868,M014771,2026-01-12,
11868,M014771,2026-01-19,
11868,M010532,2025-12-29,
11868,M010532,2026-01-05,
11868,M010532,2026-01-12,
11868,M010532,2026-01-19,
11868,M010184,2025-12-29,
11868,M010184,2026-01-05,
11868,M010184,2026-01-12,
11868,M010184,2026-01-19,
11868,M012706,2025-12-29,
11868,M012706,2026-01-05,
11868,M012706,2026-01-12,
11868,M012706,2026-01-19,
11868,M010676,2025-12-29,
11868,M010676,2026-01-05,
11868,M010676,2026-01-12,
11868,M010676,2026-01-19,
11868,M010079,2025-12-29,
11868,M010079,2026-01-05,
11868,M010079,2026-01-12,
11868,M010079,2026-01-19,
11868,M009651,2025-12-29,
11868,M009651,2026-01-05,
11868,M009651,2026-01-12,
11868,M009651,2026-01-19,
11868,M010038,2025-12-29,
11868,M010038,2026-01-05,
11868,M010038,2026-01-12,
11868,M010038,2026-01-19,
11868,M016311,2025-12-29,
11868,M016311,2026-01-05,
11868,M016311,2026-01-12,
11868,M016311,2026-01-19,
11868,M010132,2025-12-29,
11868,M010132,2026-01-05,
11868,M010132,2026-01-12,
11868,M010132,2026-01-19,
11868,M010208,2025-12-29,
11868,M010208,2026-01-05,
11868,M010208,2026-01-12,
11868,M010208,2026-01-19,
11868,M009630,2025-12-29,
11868,M009630,2026-01-05,
11868,M009630,2026-01-12,
11868,M009630,2026-01-19,
11941,M014771,2025-12-29,
11941,M014771,2026-01-05,
11941,M014771,2026-01-12,
11941,M014771,2026-01-19,
11941,M010532,2025-12-29,
11941,M010532,2026-01-05,
11941,M010532,2026-01-12,
11941,M010532,2026-01-19,
11941,M010253,2025-12-29,
11941,M010253,2026-01-05,
11941,M010253,2026-01-12,
11941,M010253,2026-01-19,
11941,M010079,2025-12-29,
11941,M010079,2026-01-05,
11941,M010079,2026-01-12,
11941,M010079,2026-01-19,
11941,M013459,2025-12-29,
11941,M013459,2026-01-05,
11941,M013459,2026-01-12,
11941,M013459,2026-01-19,
11941,M009651,2025-12-29,
11941,M009651,2026-01-05,
11941,M009651,2026-01-12,
11941,M009651,2026-01-19,
11941,M009284,2025-12-29,
11941,M009284,2026-01-05,
11941,M009284,2026-01-12,
11941,M009284,2026-01-19,
11941,M010082,2025-12-29,
11941,M010082,2026-01-05,
11941,M010082,2026-01-12,
11941,M010082,2026-01-19,
11941,M013962,2025-12-29,
11941,M013962,2026-01-05,
11941,M013962,2026-01-12,
11941,M013962,2026-01-19,
11941,M011339,2025-12-29,
11941,M011339,2026-01-05,
11941,M011339,2026-01-12,
11941,M011339,2026-01-19,
11941,M009364,2025-12-29,
11941,M009364,2026-01-05,
11941,M009364,2026-01-12,
11941,M009364,2026-01-19,
11941,M010788,2025-12-29,
11941,M010788,2026-01-05,
11941,M010788,2026-01-12,
11941,M010788,2026-01-19,
11941,M013220,2025-12-29,
11941,M013220,2026-01-05,
11941,M013220,2026-01-12,
11941,M013220,2026-01-19,
11941,M016641,2025-12-29,
11941,M016641,2026-01-05,
11941,M016641,2026-01-12,
11941,M016641,2026-01-19,
11941,M010200,2025-12-29,
11941,M010200,2026-01-05,
11941,M010200,2026-01-12,
11941,M010200,2026-01-19,
11941,M009630,2025-12-29,
11941,M009630,2026-01-05,
11941,M009630,2026-01-12,
11941,M009630,2026-01-19,
11941,M010771,2025-12-29,
11941,M010771,2026-01-05,
11941,M010771,2026-01-12,
11941,M010771,2026-01-19,
11941,M014013,2025-12-29,
11941,M014013,2026-01-05,
11941,M014013,2026-01-12,
11941,M014013,2026-01-19,
11944,M009364,2025-12-29,
11944,M009364,2026-01-05,
11944,M009364,2026-01-12,
11944,M009364,2026-01-19,
11944,M010184,2025-12-29,
11944,M010184,2026-01-05,
11944,M010184,2026-01-12,
11944,M010184,2026-01-19,
11944,M009050,2025-12-29,
11944,M009050,2026-01-05,
11944,M009050,2026-01-12,
11944,M009050,2026-01-19,
11944,M011086,2025-12-29,
11944,M011086,2026-01-05,
11944,M011086,2026-01-12,
11944,M011086,2026-01-19,
11944,M010208,2025-12-29,
11944,M010208,2026-01-05,
11944,M010208,2026-01-12,
11944,M010208,2026-01-19,
11944,M012706,2025-12-29,
11944,M012706,2026-01-05,
11944,M012706,2026-01-12,
11944,M012706,2026-01-19,
11944,M011339,2025-12-29,
11944,M011339,2026-01-05,
11944,M011339,2026-01-12,
11944,M011339,2026-01-19,
11944,M010788,2025-12-29,
11944,M010788,2026-01-05,
11944,M010788,2026-01-12,
11944,M010788,2026-01-19,
11944,M010079,2025-12-29,
11944,M010079,2026-01-05,
11944,M010079,2026-01-12,
11944,M010079,2026-01-19,
11944,M016641,2025-12-29,
11944,M016641,2026-01-05,
11944,M016641,2026-01-12,
11944,M016641,2026-01-19,
11944,M009898,2025-12-29,
11944,M009898,2026-01-05,
11944,M009898,2026-01-12,
11944,M009898,2026-01-19,
11944,M009072,2025-12-29,
11944,M009072,2026-01-05,
11944,M009072,2026-01-12,
11944,M009072,2026-01-19,
11944,M010868,2025-12-29,
11944,M010868,2026-01-05,
11944,M010868,2026-01-12,
11944,M010868,2026-01-19,
11944,M010253,2025-12-29,
11944,M010253,2026-01-05,
11944,M010253,2026-01-12,
11944,M010253,2026-01-19,
11944,M011232,2025-12-29,
11944,M011232,2026-01-05,
11944,M011232,2026-01-12,
11944,M011232,2026-01-19,
11944,M010038,2025-12-29,
11944,M010038,2026-01-05,
11944,M010038,2026-01-12,
11944,M010038,2026-01-19,
11960,M011232,2025-12-29,
11960,M011232,2026-01-05,
11960,M011232,2026-01-12,
11960,M011232,2026-01-19,
11960,M010082,2025-12-29,
11960,M010082,2026-01-05,
11960,M010082,2026-01-12,
11960,M010082,2026-01-19,
11960,M013962,2025-12-29,
11960,M013962,2026-01-05,
11960,M013962,2026-01-12,
11960,M013962,2026-01-19,
11960,M009594,2025-12-29,
11960,M009594,2026-01-05,
11960,M009594,2026-01-12,
11960,M009594,2026-01-19,
11960,M010132,2025-12-29,
11960,M010132,2026-01-05,
11960,M010132,2026-01-12,
11960,M010132,2026-01-19,
11960,M010862,2025-12-29,
11960,M010862,2026-01-05,
11960,M010862,2026-01-12,
11960,M010862,2026-01-19,
11960,M009072,2025-12-29,
11960,M009072,2026-01-05,
11960,M009072,2026-01-12,
11960,M009072,2026-01-19,
11960,M013086,2025-12-29,
11960,M013086,2026-01-05,
11960,M013086,2026-01-12,
11960,M013086,2026-01-19,
11960,M011086,2025-12-29,
11960,M011086,2026-01-05,
11960,M011086,2026-01-12,
11960,M011086,2026-01-19,
11960,M010253,2025-12-29,
11960,M010253,2026-01-05,
11960,M010253,2026-01-12,
11960,M010253,2026-01-19,
11975,M009542,2025-12-29,
11975,M009542,2026-01-05,
11975,M009542,2026-01-12,
11975,M009542,2026-01-19,
11975,M010532,2025-12-29,
11975,M010532,2026-01-05,
11975,M010532,2026-01-12,
11975,M010532,2026-01-19,
11975,M010253,2025-12-29,
11975,M010253,2026-01-05,
11975,M010253,2026-01-12,
11975,M010253,2026-01-19,
11975,M012115,2025-12-29,
11975,M012115,2026-01-05,
11975,M012115,2026-01-12,
11975,M012115,2026-01-19,
11975,M010082,2025-12-29,
11975,M010082,2026-01-05,
11975,M010082,2026-01-12,
11975,M010082,2026-01-19,
11975,M011339,2025-12-29,
11975,M011339,2026-01-05,
11975,M011339,2026-01-12,
11975,M011339,2026-01-19,
11975,M010453,2025-12-29,
11975,M010453,2026-01-05,
11975,M010453,2026-01-12,
11975,M010453,2026-01-19,
11975,M014771,2025-12-29,
11975,M014771,2026-01-05,
11975,M014771,2026-01-12,
11975,M014771,2026-01-19,
11975,M013962,2025-12-29,
11975,M013962,2026-01-05,
11975,M013962,2026-01-12,
11975,M013962,2026-01-19,
11975,M016641,2025-12-29,
11975,M016641,2026-01-05,
11975,M016641,2026-01-12,
11975,M016641,2026-01-19,
11975,M010771,2025-12-29,
11975,M010771,2026-01-05,
11975,M010771,2026-01-12,
11975,M010771,2026-01-19,
11995,M011232,2025-12-29,
11995,M011232,2026-01-05,
11995,M011232,2026-01-12,
11995,M011232,2026-01-19,
11995,M011339,2025-12-29,
11995,M011339,2026-01-05,
11995,M011339,2026-01-12,
11995,M011339,2026-01-19,
11995,M010253,2025-12-29,
11995,M010253,2026-01-05,
11995,M010253,2026-01-12,
11995,M010253,2026-01-19,
11995,M009284,2025-12-29,
11995,M009284,2026-01-05,
11995,M009284,2026-01-12,
11995,M009284,2026-01-19,
11995,M011086,2025-12-29,
11995,M011086,2026-01-05,
11995,M011086,2026-01-12,
11995,M011086,2026-01-19,
11995,M013294,2025-12-29,
11995,M013294,2026-01-05,
11995,M013294,2026-01-12,
11995,M013294,2026-01-19,
11995,M009542,2025-12-29,
11995,M009542,2026-01-05,
11995,M009542,2026-01-12,
11995,M009542,2026-01-19,
11995,M009970,2025-12-29,
11995,M009970,2026-01-05,
11995,M009970,2026-01-12,
11995,M009970,2026-01-19,
11995,M010208,2025-12-29,
11995,M010208,2026-01-05,
11995,M010208,2026-01-12,
11995,M010208,2026-01-19,
11995,M009050,2025-12-29,
11995,M009050,2026-01-05,
11995,M009050,2026-01-12,
11995,M009050,2026-01-19,
11995,M013459,2025-12-29,
11995,M013459,2026-01-05,
11995,M013459,2026-01-12,
11995,M013459,2026-01-19,
11995,M010132,2025-12-29,
11995,M010132,2026-01-05,
11995,M010132,2026-01-12,
11995,M010132,2026-01-19,
11995,M010868,2025-12-29,
11995,M010868,2026-01-05,
11995,M010868,2026-01-12,
11995,M010868,2026-01-19,
11995,M010532,2025-12-29,
11995,M010532,2026-01-05,
11995,M010532,2026-01-12,
11995,M010532,2026-01-19,
11995,M013086,2025-12-29,
11995,M013086,2026-01-05,
11995,M013086,2026-01-12,
11995,M013086,2026-01-19,
12024,M013086,2025-12-29,
12024,M013086,2026-01-05,
12024,M013086,2026-01-12,
12024,M013086,2026-01-19,
12024,M010132,2025-12-29,
12024,M010132,2026-01-05,
12024,M010132,2026-01-12,
12024,M010132,2026-01-19,
12024,M013477,2025-12-29,
12024,M013477,2026-01-05,
12024,M013477,2026-01-12,
12024,M013477,2026-01-19,
12024,M010184,2025-12-29,
12024,M010184,2026-01-05,
12024,M010184,2026-01-12,
12024,M010184,2026-01-19,
12024,M010532,2025-12-29,
12024,M010532,2026-01-05,
12024,M010532,2026-01-12,
12024,M010532,2026-01-19,
12024,M011339,2025-12-29,
12024,M011339,2026-01-05,
12024,M011339,2026-01-12,
12024,M011339,2026-01-19,
12024,M010868,2025-12-29,
12024,M010868,2026-01-05,
12024,M010868,2026-01-12,
12024,M010868,2026-01-19,
12024,M010208,2025-12-29,
12024,M010208,2026-01-05,
12024,M010208,2026-01-12,
12024,M010208,2026-01-19,
12024,M013459,2025-12-29,
12024,M013459,2026-01-05,
12024,M013459,2026-01-12,
12024,M013459,2026-01-19,
12101,M010788,2025-12-29,
12101,M010788,2026-01-05,
12101,M010788,2026-01-12,
12101,M010788,2026-01-19,
12101,M012706,2025-12-29,
12101,M012706,2026-01-05,
12101,M012706,2026-01-12,
12101,M012706,2026-01-19,
12101,M010676,2025-12-29,
12101,M010676,2026-01-05,
12101,M010676,2026-01-12,
12101,M010676,2026-01-19,
12101,M010868,2025-12-29,
12101,M010868,2026-01-05,
12101,M010868,2026-01-12,
12101,M010868,2026-01-19,
12101,M011339,2025-12-29,
12101,M011339,2026-01-05,
12101,M011339,2026-01-12,
12101,M011339,2026-01-19,
12101,M009072,2025-12-29,
12101,M009072,2026-01-05,
12101,M009072,2026-01-12,
12101,M009072,2026-01-19,
12101,M009050,2025-12-29,
12101,M009050,2026-01-05,
12101,M009050,2026-01-12,
12101,M009050,2026-01-19,
12101,M016641,2025-12-29,
12101,M016641,2026-01-05,
12101,M016641,2026-01-12,
12101,M016641,2026-01-19,
12101,M014771,2025-12-29,
12101,M014771,2026-01-05,
12101,M014771,2026-01-12,
12101,M014771,2026-01-19,
12101,M010771,2025-12-29,
12101,M010771,2026-01-05,
12101,M010771,2026-01-12,
12101,M010771,2026-01-19,
12320,M010868,2025-12-29,
12320,M010868,2026-01-05,
12320,M010868,2026-01-12,
12320,M010868,2026-01-19,
12320,M009630,2025-12-29,
12320,M009630,2026-01-05,
12320,M009630,2026-01-12,
12320,M009630,2026-01-19,
12320,M010132,2025-12-29,
12320,M010132,2026-01-05,
12320,M010132,2026-01-12,
12320,M010132,2026-01-19,
12320,M013086,2025-12-29,
12320,M013086,2026-01-05,
12320,M013086,2026-01-12,
12320,M013086,2026-01-19,
12320,M009648,2025-12-29,
12320,M009648,2026-01-05,
12320,M009648,2026-01-12,
12320,M009648,2026-01-19,
12320,M010082,2025-12-29,
12320,M010082,2026-01-05,
12320,M010082,2026-01-12,
12320,M010082,2026-01-19,
12320,M010253,2025-12-29,
12320,M010253,2026-01-05,
12320,M010253,2026-01-12,
12320,M010253,2026-01-19,
12320,M010453,2025-12-29,
12320,M010453,2026-01-05,
12320,M010453,2026-01-12,
12320,M010453,2026-01-19,
12320,M009898,2025-12-29,
12320,M009898,2026-01-05,
12320,M009898,2026-01-12,
12320,M009898,2026-01-19,
12320,M011339,2025-12-29,
12320,M011339,2026-01-05,
12320,M011339,2026-01-12,
12320,M011339,2026-01-19,
12320,M014771,2025-12-29,
12320,M014771,2026-01-05,
12320,M014771,2026-01-12,
12320,M014771,2026-01-19,
12320,M013459,2025-12-29,
12320,M013459,2026-01-05,
12320,M013459,2026-01-12,
12320,M013459,2026-01-19,
12320,M016641,2025-12-29,
12320,M016641,2026-01-05,
12320,M016641,2026-01-12,
12320,M016641,2026-01-19,
12320,M009970,2025-12-29,
12320,M009970,2026-01-05,
12320,M009970,2026-01-12,
12320,M009970,2026-01-19,
12424,M013086,2025-12-29,
12424,M013086,2026-01-05,
12424,M013086,2026-01-12,
12424,M013086,2026-01-19,
12424,M013459,2025-12-29,
12424,M013459,2026-01-05,
12424,M013459,2026-01-12,
12424,M013459,2026-01-19,
12424,M010184,2025-12-29,
12424,M010184,2026-01-05,
12424,M010184,2026-01-12,
12424,M010184,2026-01-19,
12424,M014771,2025-12-29,
12424,M014771,2026-01-05,
12424,M014771,2026-01-12,
12424,M014771,2026-01-19,
12424,M010868,2025-12-29,
12424,M010868,2026-01-05,
12424,M010868,2026-01-12,
12424,M010868,2026-01-19,
12424,M010771,2025-12-29,
12424,M010771,2026-01-05,
12424,M010771,2026-01-12,
12424,M010771,2026-01-19,
12424,M010532,2025-12-29,
12424,M010532,2026-01-05,
12424,M010532,2026-01-12,
12424,M010532,2026-01-19,
12424,M011232,2025-12-29,
12424,M011232,2026-01-05,
12424,M011232,2026-01-12,
12424,M011232,2026-01-19,
12424,M009898,2025-12-29,
12424,M009898,2026-01-05,
12424,M009898,2026-01-12,
12424,M009898,2026-01-19,
12424,M009072,2025-12-29,
12424,M009072,2026-01-05,
12424,M009072,2026-01-12,
12424,M009072,2026-01-19,
12424,M013962,2025-12-29,
12424,M013962,2026-01-05,
12424,M013962,2026-01-12,
12424,M013962,2026-01-19,
12472,M009594,2025-12-29,
12472,M009594,2026-01-05,
12472,M009594,2026-01-12,
12472,M009594,2026-01-19,
12472,M010532,2025-12-29,
12472,M010532,2026-01-05,
12472,M010532,2026-01-12,
12472,M010532,2026-01-19,
12472,M010453,2025-12-29,
12472,M010453,2026-01-05,
12472,M010453,2026-01-12,
12472,M010453,2026-01-19,
12472,M010200,2025-12-29,
12472,M010200,2026-01-05,
12472,M010200,2026-01-12,
12472,M010200,2026-01-19,
12472,M010038,2025-12-29,
12472,M010038,2026-01-05,
12472,M010038,2026-01-12,
12472,M010038,2026-01-19,
12472,M013962,2025-12-29,
12472,M013962,2026-01-05,
12472,M013962,2026-01-12,
12472,M013962,2026-01-19,
12472,M010676,2025-12-29,
12472,M010676,2026-01-05,
12472,M010676,2026-01-12,
12472,M010676,2026-01-19,
12472,M012115,2025-12-29,
12472,M012115,2026-01-05,
12472,M012115,2026-01-12,
12472,M012115,2026-01-19,
12472,M010788,2025-12-29,
12472,M010788,2026-01-05,
12472,M010788,2026-01-12,
12472,M010788,2026-01-19,
12472,M009072,2025-12-29,
12472,M009072,2026-01-05,
12472,M009072,2026-01-12,
12472,M009072,2026-01-19,
12472,M013220,2025-12-29,
12472,M013220,2026-01-05,
12472,M013220,2026-01-12,
12472,M013220,2026-01-19,
12472,M012706,2025-12-29,
12472,M012706,2026-01-05,
12472,M012706,2026-01-12,
12472,M012706,2026-01-19,
12472,M014771,2025-12-29,
12472,M014771,2026-01-05,
12472,M014771,2026-01-12,
12472,M014771,2026-01-19,
12472,M011232,2025-12-29,
12472,M011232,2026-01-05,
12472,M011232,2026-01-12,
12472,M011232,2026-01-19,
12472,M010079,2025-12-29,
12472,M010079,2026-01-05,
12472,M010079,2026-01-12,
12472,M010079,2026-01-19,
12472,M010132,2025-12-29,
12472,M010132,2026-01-05,
12472,M010132,2026-01-12,
12472,M010132,2026-01-19,
12472,M010862,2025-12-29,
12472,M010862,2026-01-05,
12472,M010862,2026-01-12,
12472,M010862,2026-01-19,
12472,M010882,2025-12-29,
12472,M010882,2026-01-05,
12472,M010882,2026-01-12,
12472,M010882,2026-01-19,
12472,M013086,2025-12-29,
12472,M013086,2026-01-05,
12472,M013086,2026-01-12,
12472,M013086,2026-01-19,
12472,M013459,2025-12-29,
12472,M013459,2026-01-05,
12472,M013459,2026-01-12,
12472,M013459,2026-01-19,
12512,M010676,2025-12-29,
12512,M010676,2026-01-05,
12512,M010676,2026-01-12,
12512,M010676,2026-01-19,
12512,M012706,2025-12-29,
12512,M012706,2026-01-05,
12512,M012706,2026-01-12,
12512,M012706,2026-01-19,
12512,M014013,2025-12-29,
12512,M014013,2026-01-05,
12512,M014013,2026-01-12,
12512,M014013,2026-01-19,
12512,M010082,2025-12-29,
12512,M010082,2026-01-05,
12512,M010082,2026-01-12,
12512,M010082,2026-01-19,
12512,M009050,2025-12-29,
12512,M009050,2026-01-05,
12512,M009050,2026-01-12,
12512,M009050,2026-01-19,
12512,M010532,2025-12-29,
12512,M010532,2026-01-05,
12512,M010532,2026-01-12,
12512,M010532,2026-01-19,
12512,M009072,2025-12-29,
12512,M009072,2026-01-05,
12512,M009072,2026-01-12,
12512,M009072,2026-01-19,
12512,M010079,2025-12-29,
12512,M010079,2026-01-05,
12512,M010079,2026-01-12,
12512,M010079,2026-01-19,
12512,M010453,2025-12-29,
12512,M010453,2026-01-05,
12512,M010453,2026-01-12,
12512,M010453,2026-01-19,
12512,M009898,2025-12-29,
12512,M009898,2026-01-05,
12512,M009898,2026-01-12,
12512,M009898,2026-01-19,
12704,M009898,2025-12-29,
12704,M009898,2026-01-05,
12704,M009898,2026-01-12,
12704,M009898,2026-01-19,
12704,M009648,2025-12-29,
12704,M009648,2026-01-05,
12704,M009648,2026-01-12,
12704,M009648,2026-01-19,
12704,M013294,2025-12-29,
12704,M013294,2026-01-05,
12704,M013294,2026-01-12,
12704,M013294,2026-01-19,
12704,M009630,2025-12-29,
12704,M009630,2026-01-05,
12704,M009630,2026-01-12,
12704,M009630,2026-01-19,
12704,M013477,2025-12-29,
12704,M013477,2026-01-05,
12704,M013477,2026-01-12,
12704,M013477,2026-01-19,
12704,M009542,2025-12-29,
12704,M009542,2026-01-05,
12704,M009542,2026-01-12,
12704,M009542,2026-01-19,
12722,M009050,2025-12-29,
12722,M009050,2026-01-05,
12722,M009050,2026-01-12,
12722,M009050,2026-01-19,
12722,M010082,2025-12-29,
12722,M010082,2026-01-05,
12722,M010082,2026-01-12,
12722,M010082,2026-01-19,
12722,M010038,2025-12-29,
12722,M010038,2026-01-05,
12722,M010038,2026-01-12,
12722,M010038,2026-01-19,
12722,M013220,2025-12-29,
12722,M013220,2026-01-05,
12722,M013220,2026-01-12,
12722,M013220,2026-01-19,
12722,M013086,2025-12-29,
12722,M013086,2026-01-05,
12722,M013086,2026-01-12,
12722,M013086,2026-01-19,
12722,M009364,2025-12-29,
12722,M009364,2026-01-05,
12722,M009364,2026-01-12,
12722,M009364,2026-01-19,
12722,M010253,2025-12-29,
12722,M010253,2026-01-05,
12722,M010253,2026-01-12,
12722,M010253,2026-01-19,
12722,M009970,2025-12-29,
12722,M009970,2026-01-05,
12722,M009970,2026-01-12,
12722,M009970,2026-01-19,
12722,M013962,2025-12-29,
12722,M013962,2026-01-05,
12722,M013962,2026-01-12,
12722,M013962,2026-01-19,
12722,M010771,2025-12-29,
12722,M010771,2026-01-05,
12722,M010771,2026-01-12,
12722,M010771,2026-01-19,
12722,M013459,2025-12-29,
12722,M013459,2026-01-05,
12722,M013459,2026-01-12,
12722,M013459,2026-01-19,
12722,M009630,2025-12-29,
12722,M009630,2026-01-05,
12722,M009630,2026-01-12,
12722,M009630,2026-01-19,
12722,M010788,2025-12-29,
12722,M010788,2026-01-05,
12722,M010788,2026-01-12,
12722,M010788,2026-01-19,
12722,M011232,2025-12-29,
12722,M011232,2026-01-05,
12722,M011232,2026-01-12,
12722,M011232,2026-01-19,
12722,M010532,2025-12-29,
12722,M010532,2026-01-05,
12722,M010532,2026-01-12,
12722,M010532,2026-01-19,
12730,M012115,2025-12-29,
12730,M012115,2026-01-05,
12730,M012115,2026-01-12,
12730,M012115,2026-01-19,
12730,M013459,2025-12-29,
12730,M013459,2026-01-05,
12730,M013459,2026-01-12,
12730,M013459,2026-01-19,
12730,M012860,2025-12-29,
12730,M012860,2026-01-05,
12730,M012860,2026-01-12,
12730,M012860,2026-01-19,
12730,M010862,2025-12-29,
12730,M010862,2026-01-05,
12730,M010862,2026-01-12,
12730,M010862,2026-01-19,
12730,M009630,2025-12-29,
12730,M009630,2026-01-05,
12730,M009630,2026-01-12,
12730,M009630,2026-01-19,
12730,M009898,2025-12-29,
12730,M009898,2026-01-05,
12730,M009898,2026-01-12,
12730,M009898,2026-01-19,
12730,M016641,2025-12-29,
12730,M016641,2026-01-05,
12730,M016641,2026-01-12,
12730,M016641,2026-01-19,
12730,M009050,2025-12-29,
12730,M009050,2026-01-05,
12730,M009050,2026-01-12,
12730,M009050,2026-01-19,
12759,M013962,2025-12-29,
12759,M013962,2026-01-05,
12759,M013962,2026-01-12,
12759,M013962,2026-01-19,
12759,M016641,2025-12-29,
12759,M016641,2026-01-05,
12759,M016641,2026-01-12,
12759,M016641,2026-01-19,
12759,M009284,2025-12-29,
12759,M009284,2026-01-05,
12759,M009284,2026-01-12,
12759,M009284,2026-01-19,
12759,M010132,2025-12-29,
12759,M010132,2026-01-05,
12759,M010132,2026-01-12,
12759,M010132,2026-01-19,
12759,M010453,2025-12-29,
12759,M010453,2026-01-05,
12759,M010453,2026-01-12,
12759,M010453,2026-01-19,
12759,M014013,2025-12-29,
12759,M014013,2026-01-05,
12759,M014013,2026-01-12,
12759,M014013,2026-01-19,
12759,M012665,2025-12-29,
12759,M012665,2026-01-05,
12759,M012665,2026-01-12,
12759,M012665,2026-01-19,
12759,M013086,2025-12-29,
12759,M013086,2026-01-05,
12759,M013086,2026-01-12,
12759,M013086,2026-01-19,
12759,M010771,2025-12-29,
12759,M010771,2026-01-05,
12759,M010771,2026-01-12,
12759,M010771,2026-01-19,
12759,M013220,2025-12-29,
12759,M013220,2026-01-05,
12759,M013220,2026-01-12,
12759,M013220,2026-01-19,
12759,M012860,2025-12-29,
12759,M012860,2026-01-05,
12759,M012860,2026-01-12,
12759,M012860,2026-01-19,
12759,M011339,2025-12-29,
12759,M011339,2026-01-05,
12759,M011339,2026-01-12,
12759,M011339,2026-01-19,
12759,M010868,2025-12-29,
12759,M010868,2026-01-05,
12759,M010868,2026-01-12,
12759,M010868,2026-01-19,
12759,M013459,2025-12-29,
12759,M013459,2026-01-05,
12759,M013459,2026-01-12,
12759,M013459,2026-01-19,
12759,M013477,2025-12-29,
12759,M013477,2026-01-05,
12759,M013477,2026-01-12,
12759,M013477,2026-01-19,
12928,M010676,2025-12-29,
12928,M010676,2026-01-05,
12928,M010676,2026-01-12,
12928,M010676,2026-01-19,
12928,M010200,2025-12-29,
12928,M010200,2026-01-05,
12928,M010200,2026-01-12,
12928,M010200,2026-01-19,
12928,M010771,2025-12-29,
12928,M010771,2026-01-05,
12928,M010771,2026-01-12,
12928,M010771,2026-01-19,
12928,M013962,2025-12-29,
12928,M013962,2026-01-05,
12928,M013962,2026-01-12,
12928,M013962,2026-01-19,
12928,M010882,2025-12-29,
12928,M010882,2026-01-05,
12928,M010882,2026-01-12,
12928,M010882,2026-01-19,
12928,M010079,2025-12-29,
12928,M010079,2026-01-05,
12928,M010079,2026-01-12,
12928,M010079,2026-01-19,
12928,M010788,2025-12-29,
12928,M010788,2026-01-05,
12928,M010788,2026-01-12,
12928,M010788,2026-01-19,
12928,M010208,2025-12-29,
12928,M010208,2026-01-05,
12928,M010208,2026-01-12,
12928,M010208,2026-01-19,
12928,M011075,2025-12-29,
12928,M011075,2026-01-05,
12928,M011075,2026-01-12,
12928,M011075,2026-01-19,
12928,M009371,2025-12-29,
12928,M009371,2026-01-05,
12928,M009371,2026-01-12,
12928,M009371,2026-01-19,
12928,M009542,2025-12-29,
12928,M009542,2026-01-05,
12928,M009542,2026-01-12,
12928,M009542,2026-01-19,
12928,M009651,2025-12-29,
12928,M009651,2026-01-05,
12928,M009651,2026-01-12,
12928,M009651,2026-01-19,
12928,M012860,2025-12-29,
12928,M012860,2026-01-05,
12928,M012860,2026-01-12,
12928,M012860,2026-01-19,
12928,M009072,2025-12-29,
12928,M009072,2026-01-05,
12928,M009072,2026-01-12,
12928,M009072,2026-01-19,
12928,M013294,2025-12-29,
12928,M013294,2026-01-05,
12928,M013294,2026-01-12,
12928,M013294,2026-01-19,
12928,M010253,2025-12-29,
12928,M010253,2026-01-05,
12928,M010253,2026-01-12,
12928,M010253,2026-01-19,
12928,M010132,2025-12-29,
12928,M010132,2026-01-05,
12928,M010132,2026-01-12,
12928,M010132,2026-01-19,
12928,M010532,2025-12-29,
12928,M010532,2026-01-05,
12928,M010532,2026-01-12,
12928,M010532,2026-01-19,
12928,M010075,2025-12-29,
12928,M010075,2026-01-05,
12928,M010075,2026-01-12,
12928,M010075,2026-01-19,
12928,M009630,2025-12-29,
12928,M009630,2026-01-05,
12928,M009630,2026-01-12,
12928,M009630,2026-01-19,
12928,M016350,2025-12-29,
12928,M016350,2026-01-05,
12928,M016350,2026-01-12,
12928,M016350,2026-01-19,
12928,M010184,2025-12-29,
12928,M010184,2026-01-05,
12928,M010184,2026-01-12,
12928,M010184,2026-01-19,
12928,M009518,2025-12-29,
12928,M009518,2026-01-05,
12928,M009518,2026-01-12,
12928,M009518,2026-01-19,
12928,M012115,2025-12-29,
12928,M012115,2026-01-05,
12928,M012115,2026-01-12,
12928,M012115,2026-01-19,
12928,M009364,2025-12-29,
12928,M009364,2026-01-05,
12928,M009364,2026-01-12,
12928,M009364,2026-01-19,
12928,M010038,2025-12-29,
12928,M010038,2026-01-05,
12928,M010038,2026-01-12,
12928,M010038,2026-01-19,
12928,M013086,2025-12-29,
12928,M013086,2026-01-05,
12928,M013086,2026-01-12,
12928,M013086,2026-01-19,
12928,M009970,2025-12-29,
12928,M009970,2026-01-05,
12928,M009970,2026-01-12,
12928,M009970,2026-01-19,
12928,M011339,2025-12-29,
12928,M011339,2026-01-05,
12928,M011339,2026-01-12,
12928,M011339,2026-01-19,
12928,M009898,2025-12-29,
12928,M009898,2026-01-05,
12928,M009898,2026-01-12,
12928,M009898,2026-01-19,
12928,M009284,2025-12-29,
12928,M009284,2026-01-05,
12928,M009284,2026-01-12,
12928,M009284,2026-01-19,
12928,M013220,2025-12-29,
12928,M013220,2026-01-05,
12928,M013220,2026-01-12,
12928,M013220,2026-01-19,
12936,M013220,2025-12-29,
12936,M013220,2026-01-05,
12936,M013220,2026-01-12,
12936,M013220,2026-01-19,
12936,M009072,2025-12-29,
12936,M009072,2026-01-05,
12936,M009072,2026-01-12,
12936,M009072,2026-01-19,
12936,M010453,2025-12-29,
12936,M010453,2026-01-05,
12936,M010453,2026-01-12,
12936,M010453,2026-01-19,
12936,M010862,2025-12-29,
12936,M010862,2026-01-05,
12936,M010862,2026-01-12,
12936,M010862,2026-01-19,
12936,M009364,2025-12-29,
12936,M009364,2026-01-05,
12936,M009364,2026-01-12,
12936,M009364,2026-01-19,
12936,M009594,2025-12-29,
12936,M009594,2026-01-05,
12936,M009594,2026-01-12,
12936,M009594,2026-01-19,
12936,M012665,2025-12-29,
12936,M012665,2026-01-05,
12936,M012665,2026-01-12,
12936,M012665,2026-01-19,
12936,M010771,2025-12-29,
12936,M010771,2026-01-05,
12936,M010771,2026-01-12,
12936,M010771,2026-01-19,
12936,M009050,2025-12-29,
12936,M009050,2026-01-05,
12936,M009050,2026-01-12,
12936,M009050,2026-01-19,
12936,M010208,2025-12-29,
12936,M010208,2026-01-05,
12936,M010208,2026-01-12,
12936,M010208,2026-01-19,
12936,M009284,2025-12-29,
12936,M009284,2026-01-05,
12936,M009284,2026-01-12,
12936,M009284,2026-01-19,
12936,M012860,2025-12-29,
12936,M012860,2026-01-05,
12936,M012860,2026-01-12,
12936,M012860,2026-01-19,
12940,M009970,2025-12-29,
12940,M009970,2026-01-05,
12940,M009970,2026-01-12,
12940,M009970,2026-01-19,
12940,M013220,2025-12-29,
12940,M013220,2026-01-05,
12940,M013220,2026-01-12,
12940,M013220,2026-01-19,
12940,M012860,2025-12-29,
12940,M012860,2026-01-05,
12940,M012860,2026-01-12,
12940,M012860,2026-01-19,
12940,M009364,2025-12-29,
12940,M009364,2026-01-05,
12940,M009364,2026-01-12,
12940,M009364,2026-01-19,
12940,M010862,2025-12-29,
12940,M010862,2026-01-05,
12940,M010862,2026-01-12,
12940,M010862,2026-01-19,
12940,M011232,2025-12-29,
12940,M011232,2026-01-05,
12940,M011232,2026-01-12,
12940,M011232,2026-01-19,
12940,M012665,2025-12-29,
12940,M012665,2026-01-05,
12940,M012665,2026-01-12,
12940,M012665,2026-01-19,
12940,M009542,2025-12-29,
12940,M009542,2026-01-05,
12940,M009542,2026-01-12,
12940,M009542,2026-01-19,
12956,M010862,2025-12-29,
12956,M010862,2026-01-05,
12956,M010862,2026-01-12,
12956,M010862,2026-01-19,
12956,M009542,2025-12-29,
12956,M009542,2026-01-05,
12956,M009542,2026-01-12,
12956,M009542,2026-01-19,
12956,M011339,2025-12-29,
12956,M011339,2026-01-05,
12956,M011339,2026-01-12,
12956,M011339,2026-01-19,
12956,M010453,2025-12-29,
12956,M010453,2026-01-05,
12956,M010453,2026-01-12,
12956,M010453,2026-01-19,
12956,M013220,2025-12-29,
12956,M013220,2026-01-05,
12956,M013220,2026-01-12,
12956,M013220,2026-01-19,
12956,M009970,2025-12-29,
12956,M009970,2026-01-05,
12956,M009970,2026-01-12,
12956,M009970,2026-01-19,
12956,M010788,2025-12-29,
12956,M010788,2026-01-05,
12956,M010788,2026-01-12,
12956,M010788,2026-01-19,
12970,M010676,2025-12-29,
12970,M010676,2026-01-05,
12970,M010676,2026-01-12,
12970,M010676,2026-01-19,
12970,M009970,2025-12-29,
12970,M009970,2026-01-05,
12970,M009970,2026-01-12,
12970,M009970,2026-01-19,
12970,M013477,2025-12-29,
12970,M013477,2026-01-05,
12970,M013477,2026-01-12,
12970,M013477,2026-01-19,
12970,M010868,2025-12-29,
12970,M010868,2026-01-05,
12970,M010868,2026-01-12,
12970,M010868,2026-01-19,
12970,M010184,2025-12-29,
12970,M010184,2026-01-05,
12970,M010184,2026-01-12,
12970,M010184,2026-01-19,
12970,M012860,2025-12-29,
12970,M012860,2026-01-05,
12970,M012860,2026-01-12,
12970,M012860,2026-01-19,
12970,M012706,2025-12-29,
12970,M012706,2026-01-05,
12970,M012706,2026-01-12,
12970,M012706,2026-01-19,
12970,M013459,2025-12-29,
12970,M013459,2026-01-05,
12970,M013459,2026-01-12,
12970,M013459,2026-01-19,
12970,M011086,2025-12-29,
12970,M011086,2026-01-05,
12970,M011086,2026-01-12,
12970,M011086,2026-01-19,
12970,M009364,2025-12-29,
12970,M009364,2026-01-05,
12970,M009364,2026-01-12,
12970,M009364,2026-01-19,
12970,M009050,2025-12-29,
12970,M009050,2026-01-05,
12970,M009050,2026-01-12,
12970,M009050,2026-01-19,
12970,M010079,2025-12-29,
12970,M010079,2026-01-05,
12970,M010079,2026-01-12,
12970,M010079,2026-01-19,
12970,M009284,2025-12-29,
12970,M009284,2026-01-05,
12970,M009284,2026-01-12,
12970,M009284,2026-01-19,
13020,M009594,2025-12-29,
13020,M009594,2026-01-05,
13020,M009594,2026-01-12,
13020,M009594,2026-01-19,
13020,M010532,2025-12-29,
13020,M010532,2026-01-05,
13020,M010532,2026-01-12,
13020,M010532,2026-01-19,
13020,M009364,2025-12-29,
13020,M009364,2026-01-05,
13020,M009364,2026-01-12,
13020,M009364,2026-01-19,
13020,M009970,2025-12-29,
13020,M009970,2026-01-05,
13020,M009970,2026-01-12,
13020,M009970,2026-01-19,
13020,M009651,2025-12-29,
13020,M009651,2026-01-05,
13020,M009651,2026-01-12,
13020,M009651,2026-01-19,
13020,M013459,2025-12-29,
13020,M013459,2026-01-05,
13020,M013459,2026-01-12,
13020,M013459,2026-01-19,
13020,M011086,2025-12-29,
13020,M011086,2026-01-05,
13020,M011086,2026-01-12,
13020,M011086,2026-01-19,
2543,M011075,2025-12-29,
2543,M011075,2026-01-05,
2543,M011075,2026-01-12,
2543,M011075,2026-01-19,
2543,M012665,2025-12-29,
2543,M012665,2026-01-05,
2543,M012665,2026-01-12,
2543,M012665,2026-01-19,
2543,M009970,2025-12-29,
2543,M009970,2026-01-05,
2543,M009970,2026-01-12,
2543,M009970,2026-01-19,
2543,M010788,2025-12-29,
2543,M010788,2026-01-05,
2543,M010788,2026-01-12,
2543,M010788,2026-01-19,
2543,M009630,2025-12-29,
2543,M009630,2026-01-05,
2543,M009630,2026-01-12,
2543,M009630,2026-01-19,
2543,M013220,2025-12-29,
2543,M013220,2026-01-05,
2543,M013220,2026-01-12,
2543,M013220,2026-01-19,
2543,M012706,2025-12-29,
2543,M012706,2026-01-05,
2543,M012706,2026-01-12,
2543,M012706,2026-01-19,
2543,M016641,2025-12-29,
2543,M016641,2026-01-05,
2543,M016641,2026-01-12,
2543,M016641,2026-01-19,
2543,M010453,2025-12-29,
2543,M010453,2026-01-05,
2543,M010453,2026-01-12,
2543,M010453,2026-01-19,
2543,M009898,2025-12-29,
2543,M009898,2026-01-05,
2543,M009898,2026-01-12,
2543,M009898,2026-01-19,
2543,M010208,2025-12-29,
2543,M010208,2026-01-05,
2543,M010208,2026-01-12,
2543,M010208,2026-01-19,
2543,M011232,2025-12-29,
2543,M011232,2026-01-05,
2543,M011232,2026-01-12,
2543,M011232,2026-01-19,
2543,M009651,2025-12-29,
2543,M009651,2026-01-05,
2543,M009651,2026-01-12,
2543,M009651,2026-01-19,
3154,M010132,2025-12-29,
3154,M010132,2026-01-05,
3154,M010132,2026-01-12,
3154,M010132,2026-01-19,
3154,M010868,2025-12-29,
3154,M010868,2026-01-05,
3154,M010868,2026-01-12,
3154,M010868,2026-01-19,
3154,M012860,2025-12-29,
3154,M012860,2026-01-05,
3154,M012860,2026-01-12,
3154,M012860,2026-01-19,
3154,M013086,2025-12-29,
3154,M013086,2026-01-05,
3154,M013086,2026-01-12,
3154,M013086,2026-01-19,
3154,M016311,2025-12-29,
3154,M016311,2026-01-05,
3154,M016311,2026-01-12,
3154,M016311,2026-01-19,
3154,M010038,2025-12-29,
3154,M010038,2026-01-05,
3154,M010038,2026-01-12,
3154,M010038,2026-01-19,
3154,M014013,2025-12-29,
3154,M014013,2026-01-05,
3154,M014013,2026-01-12,
3154,M014013,2026-01-19,
3154,M010082,2025-12-29,
3154,M010082,2026-01-05,
3154,M010082,2026-01-12,
3154,M010082,2026-01-19,
3449,M010253,2025-12-29,
3449,M010253,2026-01-05,
3449,M010253,2026-01-12,
3449,M010253,2026-01-19,
3449,M014013,2025-12-29,
3449,M014013,2026-01-05,
3449,M014013,2026-01-12,
3449,M014013,2026-01-19,
3449,M010184,2025-12-29,
3449,M010184,2026-01-05,
3449,M010184,2026-01-12,
3449,M010184,2026-01-19,
3449,M010862,2025-12-29,
3449,M010862,2026-01-05,
3449,M010862,2026-01-12,
3449,M010862,2026-01-19,
3449,M009284,2025-12-29,
3449,M009284,2026-01-05,
3449,M009284,2026-01-12,
3449,M009284,2026-01-19,
3449,M010532,2025-12-29,
3449,M010532,2026-01-05,
3449,M010532,2026-01-12,
3449,M010532,2026-01-19,
3449,M012665,2025-12-29,
3449,M012665,2026-01-05,
3449,M012665,2026-01-12,
3449,M012665,2026-01-19,
3449,M012860,2025-12-29,
3449,M012860,2026-01-05,
3449,M012860,2026-01-12,
3449,M012860,2026-01-19,
3449,M010038,2025-12-29,
3449,M010038,2026-01-05,
3449,M010038,2026-01-12,
3449,M010038,2026-01-19,
3695,M013477,2025-12-29,
3695,M013477,2026-01-05,
3695,M013477,2026-01-12,
3695,M013477,2026-01-19,
3695,M013086,2025-12-29,
3695,M013086,2026-01-05,
3695,M013086,2026-01-12,
3695,M013086,2026-01-19,
3695,M016350,2025-12-29,
3695,M016350,2026-01-05,
3695,M016350,2026-01-12,
3695,M016350,2026-01-19,
3695,M010882,2025-12-29,
3695,M010882,2026-01-05,
3695,M010882,2026-01-12,
3695,M010882,2026-01-19,
3695,M010038,2025-12-29,
3695,M010038,2026-01-05,
3695,M010038,2026-01-12,
3695,M010038,2026-01-19,
3695,M011086,2025-12-29,
3695,M011086,2026-01-05,
3695,M011086,2026-01-12,
3695,M011086,2026-01-19,
3695,M010075,2025-12-29,
3695,M010075,2026-01-05,
3695,M010075,2026-01-12,
3695,M010075,2026-01-19,
3695,M009970,2025-12-29,
3695,M009970,2026-01-05,
3695,M009970,2026-01-12,
3695,M009970,2026-01-19,
3695,M010132,2025-12-29,
3695,M010132,2026-01-05,
3695,M010132,2026-01-12,
3695,M010132,2026-01-19,
3695,M010253,2025-12-29,
3695,M010253,2026-01-05,
3695,M010253,2026-01-12,
3695,M010253,2026-01-19,
3695,M013459,2025-12-29,
3695,M013459,2026-01-05,
3695,M013459,2026-01-12,
3695,M013459,2026-01-19,
3695,M010079,2025-12-29,
3695,M010079,2026-01-05,
3695,M010079,2026-01-12,
3695,M010079,2026-01-19,
3695,M014771,2025-12-29,
3695,M014771,2026-01-05,
3695,M014771,2026-01-12,
3695,M014771,2026-01-19,
3695,M010868,2025-12-29,
3695,M010868,2026-01-05,
3695,M010868,2026-01-12,
3695,M010868,2026-01-19,
4406,M010132,2025-12-29,
4406,M010132,2026-01-05,
4406,M010132,2026-01-12,
4406,M010132,2026-01-19,
4406,M009364,2025-12-29,
4406,M009364,2026-01-05,
4406,M009364,2026-01-12,
4406,M009364,2026-01-19,
4406,M011075,2025-12-29,
4406,M011075,2026-01-05,
4406,M011075,2026-01-12,
4406,M011075,2026-01-19,
4406,M009630,2025-12-29,
4406,M009630,2026-01-05,
4406,M009630,2026-01-12,
4406,M009630,2026-01-19,
4406,M009594,2025-12-29,
4406,M009594,2026-01-05,
4406,M009594,2026-01-12,
4406,M009594,2026-01-19,
4406,M014771,2025-12-29,
4406,M014771,2026-01-05,
4406,M014771,2026-01-12,
4406,M014771,2026-01-19,
4406,M009542,2025-12-29,
4406,M009542,2026-01-05,
4406,M009542,2026-01-12,
4406,M009542,2026-01-19,
4406,M016641,2025-12-29,
4406,M016641,2026-01-05,
4406,M016641,2026-01-12,
4406,M016641,2026-01-19,
4406,M010208,2025-12-29,
4406,M010208,2026-01-05,
4406,M010208,2026-01-12,
4406,M010208,2026-01-19,
4406,M010771,2025-12-29,
4406,M010771,2026-01-05,
4406,M010771,2026-01-12,
4406,M010771,2026-01-19,
4406,M012115,2025-12-29,
4406,M012115,2026-01-05,
4406,M012115,2026-01-12,
4406,M012115,2026-01-19,
4406,M011086,2025-12-29,
4406,M011086,2026-01-05,
4406,M011086,2026-01-12,
4406,M011086,2026-01-19,
4406,M010862,2025-12-29,
4406,M010862,2026-01-05,
4406,M010862,2026-01-12,
4406,M010862,2026-01-19,
4406,M009371,2025-12-29,
4406,M009371,2026-01-05,
4406,M009371,2026-01-12,
4406,M009371,2026-01-19,
4406,M010079,2025-12-29,
4406,M010079,2026-01-05,
4406,M010079,2026-01-12,
4406,M010079,2026-01-19,
4406,M011232,2025-12-29,
4406,M011232,2026-01-05,
4406,M011232,2026-01-12,
4406,M011232,2026-01-19,
4406,M009651,2025-12-29,
4406,M009651,2026-01-05,
4406,M009651,2026-01-12,
4406,M009651,2026-01-19,
4406,M013477,2025-12-29,
4406,M013477,2026-01-05,
4406,M013477,2026-01-12,
4406,M013477,2026-01-19,
4406,M009648,2025-12-29,
4406,M009648,2026-01-05,
4406,M009648,2026-01-12,
4406,M009648,2026-01-19,
4435,M010184,2025-12-29,
4435,M010184,2026-01-05,
4435,M010184,2026-01-12,
4435,M010184,2026-01-19,
4435,M010253,2025-12-29,
4435,M010253,2026-01-05,
4435,M010253,2026-01-12,
4435,M010253,2026-01-19,
4435,M012860,2025-12-29,
4435,M012860,2026-01-05,
4435,M012860,2026-01-12,
4435,M012860,2026-01-19,
4435,M013459,2025-12-29,
4435,M013459,2026-01-05,
4435,M013459,2026-01-12,
4435,M013459,2026-01-19,
4435,M009651,2025-12-29,
4435,M009651,2026-01-05,
4435,M009651,2026-01-12,
4435,M009651,2026-01-19,
4435,M011232,2025-12-29,
4435,M011232,2026-01-05,
4435,M011232,2026-01-12,
4435,M011232,2026-01-19,
4435,M009284,2025-12-29,
4435,M009284,2026-01-05,
4435,M009284,2026-01-12,
4435,M009284,2026-01-19,
4435,M009371,2025-12-29,
4435,M009371,2026-01-05,
4435,M009371,2026-01-12,
4435,M009371,2026-01-19,
4436,M009050,2025-12-29,
4436,M009050,2026-01-05,
4436,M009050,2026-01-12,
4436,M009050,2026-01-19,
4436,M012115,2025-12-29,
4436,M012115,2026-01-05,
4436,M012115,2026-01-12,
4436,M012115,2026-01-19,
4436,M010204,2025-12-29,
4436,M010204,2026-01-05,
4436,M010204,2026-01-12,
4436,M010204,2026-01-19,
4436,M011232,2025-12-29,
4436,M011232,2026-01-05,
4436,M011232,2026-01-12,
4436,M011232,2026-01-19,
4436,M010075,2025-12-29,
4436,M010075,2026-01-05,
4436,M010075,2026-01-12,
4436,M010075,2026-01-19,
4436,M013086,2025-12-29,
4436,M013086,2026-01-05,
4436,M013086,2026-01-12,
4436,M013086,2026-01-19,
4436,M012860,2025-12-29,
4436,M012860,2026-01-05,
4436,M012860,2026-01-12,
4436,M012860,2026-01-19,
4436,M009970,2025-12-29,
4436,M009970,2026-01-05,
4436,M009970,2026-01-12,
4436,M009970,2026-01-19,
4436,M010038,2025-12-29,
4436,M010038,2026-01-05,
4436,M010038,2026-01-12,
4436,M010038,2026-01-19,
4436,M010771,2025-12-29,
4436,M010771,2026-01-05,
4436,M010771,2026-01-12,
4436,M010771,2026-01-19,
4436,M010788,2025-12-29,
4436,M010788,2026-01-05,
4436,M010788,2026-01-12,
4436,M010788,2026-01-19,
4436,M009371,2025-12-29,
4436,M009371,2026-01-05,
4436,M009371,2026-01-12,
4436,M009371,2026-01-19,
4436,M011339,2025-12-29,
4436,M011339,2026-01-05,
4436,M011339,2026-01-12,
4436,M011339,2026-01-19,
4436,M009284,2025-12-29,
4436,M009284,2026-01-05,
4436,M009284,2026-01-12,
4436,M009284,2026-01-19,
4436,M013477,2025-12-29,
4436,M013477,2026-01-05,
4436,M013477,2026-01-12,
4436,M013477,2026-01-19,
4436,M010532,2025-12-29,
4436,M010532,2026-01-05,
4436,M010532,2026-01-12,
4436,M010532,2026-01-19,
4436,M016641,2025-12-29,
4436,M016641,2026-01-05,
4436,M016641,2026-01-12,
4436,M016641,2026-01-19,
4436,M010082,2025-12-29,
4436,M010082,2026-01-05,
4436,M010082,2026-01-12,
4436,M010082,2026-01-19,
6086,M013477,2025-12-29,
6086,M013477,2026-01-05,
6086,M013477,2026-01-12,
6086,M013477,2026-01-19,
6086,M010532,2025-12-29,
6086,M010532,2026-01-05,
6086,M010532,2026-01-12,
6086,M010532,2026-01-19,
6086,M010079,2025-12-29,
6086,M010079,2026-01-05,
6086,M010079,2026-01-12,
6086,M010079,2026-01-19,
6086,M011339,2025-12-29,
6086,M011339,2026-01-05,
6086,M011339,2026-01-12,
6086,M011339,2026-01-19,
6086,M012665,2025-12-29,
6086,M012665,2026-01-05,
6086,M012665,2026-01-12,
6086,M012665,2026-01-19,
6086,M013220,2025-12-29,
6086,M013220,2026-01-05,
6086,M013220,2026-01-12,
6086,M013220,2026-01-19,
6086,M012860,2025-12-29,
6086,M012860,2026-01-05,
6086,M012860,2026-01-12,
6086,M012860,2026-01-19,
6608,M010200,2025-12-29,
6608,M010200,2026-01-05,
6608,M010200,2026-01-12,
6608,M010200,2026-01-19,
6608,M010788,2025-12-29,
6608,M010788,2026-01-05,
6608,M010788,2026-01-12,
6608,M010788,2026-01-19,
6608,M009630,2025-12-29,
6608,M009630,2026-01-05,
6608,M009630,2026-01-12,
6608,M009630,2026-01-19,
6608,M009898,2025-12-29,
6608,M009898,2026-01-05,
6608,M009898,2026-01-12,
6608,M009898,2026-01-19,
6608,M013962,2025-12-29,
6608,M013962,2026-01-05,
6608,M013962,2026-01-12,
6608,M013962,2026-01-19,
6608,M010771,2025-12-29,
6608,M010771,2026-01-05,
6608,M010771,2026-01-12,
6608,M010771,2026-01-19,
6608,M014771,2025-12-29,
6608,M014771,2026-01-05,
6608,M014771,2026-01-12,
6608,M014771,2026-01-19,
6608,M010079,2025-12-29,
6608,M010079,2026-01-05,
6608,M010079,2026-01-12,
6608,M010079,2026-01-19,
6608,M013477,2025-12-29,
6608,M013477,2026-01-05,
6608,M013477,2026-01-12,
6608,M013477,2026-01-19,
6608,M010253,2025-12-29,
6608,M010253,2026-01-05,
6608,M010253,2026-01-12,
6608,M010253,2026-01-19,
6608,M009970,2025-12-29,
6608,M009970,2026-01-05,
6608,M009970,2026-01-12,
6608,M009970,2026-01-19,
6608,M011339,2025-12-29,
6608,M011339,2026-01-05,
6608,M011339,2026-01-12,
6608,M011339,2026-01-19,
6608,M013086,2025-12-29,
6608,M013086,2026-01-05,
6608,M013086,2026-01-12,
6608,M013086,2026-01-19,
6999,M009284,2025-12-29,
6999,M009284,2026-01-05,
6999,M009284,2026-01-12,
6999,M009284,2026-01-19,
6999,M010082,2025-12-29,
6999,M010082,2026-01-05,
6999,M010082,2026-01-12,
6999,M010082,2026-01-19,
6999,M010208,2025-12-29,
6999,M010208,2026-01-05,
6999,M010208,2026-01-12,
6999,M010208,2026-01-19,
6999,M010200,2025-12-29,
6999,M010200,2026-01-05,
6999,M010200,2026-01-12,
6999,M010200,2026-01-19,
6999,M010253,2025-12-29,
6999,M010253,2026-01-05,
6999,M010253,2026-01-12,
6999,M010253,2026-01-19,
6999,M012665,2025-12-29,
6999,M012665,2026-01-05,
6999,M012665,2026-01-12,
6999,M012665,2026-01-19,
6999,M009651,2025-12-29,
6999,M009651,2026-01-05,
6999,M009651,2026-01-12,
6999,M009651,2026-01-19,
6999,M009970,2025-12-29,
6999,M009970,2026-01-05,
6999,M009970,2026-01-12,
6999,M009970,2026-01-19,
6999,M010184,2025-12-29,
6999,M010184,2026-01-05,
6999,M010184,2026-01-12,
6999,M010184,2026-01-19,
6999,M013294,2025-12-29,
6999,M013294,2026-01-05,
6999,M013294,2026-01-12,
6999,M013294,2026-01-19,
6999,M012706,2025-12-29,
6999,M012706,2026-01-05,
6999,M012706,2026-01-12,
6999,M012706,2026-01-19,
6999,M010868,2025-12-29,
6999,M010868,2026-01-05,
6999,M010868,2026-01-12,
6999,M010868,2026-01-19,
6999,M009364,2025-12-29,
6999,M009364,2026-01-05,
6999,M009364,2026-01-12,
6999,M009364,2026-01-19,
7809,M010075,2025-12-29,
7809,M010075,2026-01-05,
7809,M010075,2026-01-12,
7809,M010075,2026-01-19,
7809,M009518,2025-12-29,
7809,M009518,2026-01-05,
7809,M009518,2026-01-12,
7809,M009518,2026-01-19,
7809,M009970,2025-12-29,
7809,M009970,2026-01-05,
7809,M009970,2026-01-12,
7809,M009970,2026-01-19,
7809,M011232,2025-12-29,
7809,M011232,2026-01-05,
7809,M011232,2026-01-12,
7809,M011232,2026-01-19,
7809,M010038,2025-12-29,
7809,M010038,2026-01-05,
7809,M010038,2026-01-12,
7809,M010038,2026-01-19,
7809,M012665,2025-12-29,
7809,M012665,2026-01-05,
7809,M012665,2026-01-12,
7809,M012665,2026-01-19,
7809,M010862,2025-12-29,
7809,M010862,2026-01-05,
7809,M010862,2026-01-12,
7809,M010862,2026-01-19,
7809,M016350,2025-12-29,
7809,M016350,2026-01-05,
7809,M016350,2026-01-12,
7809,M016350,2026-01-19,
7809,M013962,2025-12-29,
7809,M013962,2026-01-05,
7809,M013962,2026-01-12,
7809,M013962,2026-01-19,
7809,M010771,2025-12-29,
7809,M010771,2026-01-05,
7809,M010771,2026-01-12,
7809,M010771,2026-01-19,
7809,M012860,2025-12-29,
7809,M012860,2026-01-05,
7809,M012860,2026-01-12,
7809,M012860,2026-01-19,
7809,M010204,2025-12-29,
7809,M010204,2026-01-05,
7809,M010204,2026-01-12,
7809,M010204,2026-01-19,
7809,M009898,2025-12-29,
7809,M009898,2026-01-05,
7809,M009898,2026-01-12,
7809,M009898,2026-01-19,
7809,M011086,2025-12-29,
7809,M011086,2026-01-05,
7809,M011086,2026-01-12,
7809,M011086,2026-01-19,
7809,M010253,2025-12-29,
7809,M010253,2026-01-05,
7809,M010253,2026-01-12,
7809,M010253,2026-01-19,
7809,M010788,2025-12-29,
7809,M010788,2026-01-05,
7809,M010788,2026-01-12,
7809,M010788,2026-01-19,
7809,M010082,2025-12-29,
7809,M010082,2026-01-05,
7809,M010082,2026-01-12,
7809,M010082,2026-01-19,
7809,M013294,2025-12-29,
7809,M013294,2026-01-05,
7809,M013294,2026-01-12,
7809,M013294,2026-01-19,
7809,M009364,2025-12-29,
7809,M009364,2026-01-05,
7809,M009364,2026-01-12,
7809,M009364,2026-01-19,
7809,M013477,2025-12-29,
7809,M013477,2026-01-05,
7809,M013477,2026-01-12,
7809,M013477,2026-01-19,
7809,M013086,2025-12-29,
7809,M013086,2026-01-05,
7809,M013086,2026-01-12,
7809,M013086,2026-01-19,
8015,M009898,2025-12-29,
8015,M009898,2026-01-05,
8015,M009898,2026-01-12,
8015,M009898,2026-01-19,
8015,M010208,2025-12-29,
8015,M010208,2026-01-05,
8015,M010208,2026-01-12,
8015,M010208,2026-01-19,
8015,M010532,2025-12-29,
8015,M010532,2026-01-05,
8015,M010532,2026-01-12,
8015,M010532,2026-01-19,
8015,M012115,2025-12-29,
8015,M012115,2026-01-05,
8015,M012115,2026-01-12,
8015,M012115,2026-01-19,
8015,M010253,2025-12-29,
8015,M010253,2026-01-05,
8015,M010253,2026-01-12,
8015,M010253,2026-01-19,
8015,M013962,2025-12-29,
8015,M013962,2026-01-05,
8015,M013962,2026-01-12,
8015,M013962,2026-01-19,
8015,M009630,2025-12-29,
8015,M009630,2026-01-05,
8015,M009630,2026-01-12,
8015,M009630,2026-01-19,
8015,M011339,2025-12-29,
8015,M011339,2026-01-05,
8015,M011339,2026-01-12,
8015,M011339,2026-01-19,
8015,M009594,2025-12-29,
8015,M009594,2026-01-05,
8015,M009594,2026-01-12,
8015,M009594,2026-01-19,
8015,M010132,2025-12-29,
8015,M010132,2026-01-05,
8015,M010132,2026-01-12,
8015,M010132,2026-01-19,
8015,M013294,2025-12-29,
8015,M013294,2026-01-05,
8015,M013294,2026-01-12,
8015,M013294,2026-01-19,
8015,M014013,2025-12-29,
8015,M014013,2026-01-05,
8015,M014013,2026-01-12,
8015,M014013,2026-01-19,
8614,M013086,2025-12-29,
8614,M013086,2026-01-05,
8614,M013086,2026-01-12,
8614,M013086,2026-01-19,
8614,M013294,2025-12-29,
8614,M013294,2026-01-05,
8614,M013294,2026-01-12,
8614,M013294,2026-01-19,
8614,M013459,2025-12-29,
8614,M013459,2026-01-05,
8614,M013459,2026-01-12,
8614,M013459,2026-01-19,
8614,M009050,2025-12-29,
8614,M009050,2026-01-05,
8614,M009050,2026-01-12,
8614,M009050,2026-01-19,
8614,M013477,2025-12-29,
8614,M013477,2026-01-05,
8614,M013477,2026-01-12,
8614,M013477,2026-01-19,
8614,M013962,2025-12-29,
8614,M013962,2026-01-05,
8614,M013962,2026-01-12,
8614,M013962,2026-01-19,
8614,M011086,2025-12-29,
8614,M011086,2026-01-05,
8614,M011086,2026-01-12,
8614,M011086,2026-01-19,
8672,M013459,2025-12-29,
8672,M013459,2026-01-05,
8672,M013459,2026-01-12,
8672,M013459,2026-01-19,
8672,M010676,2025-12-29,
8672,M010676,2026-01-05,
8672,M010676,2026-01-12,
8672,M010676,2026-01-19,
8672,M010453,2025-12-29,
8672,M010453,2026-01-05,
8672,M010453,2026-01-12,
8672,M010453,2026-01-19,
8672,M010868,2025-12-29,
8672,M010868,2026-01-05,
8672,M010868,2026-01-12,
8672,M010868,2026-01-19,
8672,M009648,2025-12-29,
8672,M009648,2026-01-05,
8672,M009648,2026-01-12,
8672,M009648,2026-01-19,
8672,M016641,2025-12-29,
8672,M016641,2026-01-05,
8672,M016641,2026-01-12,
8672,M016641,2026-01-19,
8672,M010184,2025-12-29,
8672,M010184,2026-01-05,
8672,M010184,2026-01-12,
8672,M010184,2026-01-19,
8672,M010038,2025-12-29,
8672,M010038,2026-01-05,
8672,M010038,2026-01-12,
8672,M010038,2026-01-19,
8672,M010862,2025-12-29,
8672,M010862,2026-01-05,
8672,M010862,2026-01-12,
8672,M010862,2026-01-19,
8672,M011339,2025-12-29,
8672,M011339,2026-01-05,
8672,M011339,2026-01-12,
8672,M011339,2026-01-19,
8672,M009542,2025-12-29,
8672,M009542,2026-01-05,
8672,M009542,2026-01-12,
8672,M009542,2026-01-19,
8672,M010532,2025-12-29,
8672,M010532,2026-01-05,
8672,M010532,2026-01-12,
8672,M010532,2026-01-19,
8672,M011232,2025-12-29,
8672,M011232,2026-01-05,
8672,M011232,2026-01-12,
8672,M011232,2026-01-19,
8851,M010788,2025-12-29,
8851,M010788,2026-01-05,
8851,M010788,2026-01-12,
8851,M010788,2026-01-19,
8851,M010132,2025-12-29,
8851,M010132,2026-01-05,
8851,M010132,2026-01-12,
8851,M010132,2026-01-19,
8851,M010200,2025-12-29,
8851,M010200,2026-01-05,
8851,M010200,2026-01-12,
8851,M010200,2026-01-19,
8851,M010868,2025-12-29,
8851,M010868,2026-01-05,
8851,M010868,2026-01-12,
8851,M010868,2026-01-19,
8851,M010532,2025-12-29,
8851,M010532,2026-01-05,
8851,M010532,2026-01-12,
8851,M010532,2026-01-19,
8851,M011339,2025-12-29,
8851,M011339,2026-01-05,
8851,M011339,2026-01-12,
8851,M011339,2026-01-19,
8851,M009542,2025-12-29,
8851,M009542,2026-01-05,
8851,M009542,2026-01-12,
8851,M009542,2026-01-19,
8851,M013477,2025-12-29,
8851,M013477,2026-01-05,
8851,M013477,2026-01-12,
8851,M013477,2026-01-19,
8851,M010038,2025-12-29,
8851,M010038,2026-01-05,
8851,M010038,2026-01-12,
8851,M010038,2026-01-19,
8851,M010082,2025-12-29,
8851,M010082,2026-01-05,
8851,M010082,2026-01-12,
8851,M010082,2026-01-19,
9056,M012860,2025-12-29,
9056,M012860,2026-01-05,
9056,M012860,2026-01-12,
9056,M012860,2026-01-19,
9056,M009594,2025-12-29,
9056,M009594,2026-01-05,
9056,M009594,2026-01-12,
9056,M009594,2026-01-19,
9056,M009651,2025-12-29,
9056,M009651,2026-01-05,
9056,M009651,2026-01-12,
9056,M009651,2026-01-19,
9056,M011086,2025-12-29,
9056,M011086,2026-01-05,
9056,M011086,2026-01-12,
9056,M011086,2026-01-19,
9056,M013086,2025-12-29,
9056,M013086,2026-01-05,
9056,M013086,2026-01-12,
9056,M013086,2026-01-19,
9056,M010253,2025-12-29,
9056,M010253,2026-01-05,
9056,M010253,2026-01-12,
9056,M010253,2026-01-19,
9056,M012115,2025-12-29,
9056,M012115,2026-01-05,
9056,M012115,2026-01-12,
9056,M012115,2026-01-19,
9056,M014013,2025-12-29,
9056,M014013,2026-01-05,
9056,M014013,2026-01-12,
9056,M014013,2026-01-19,
10171,M010253,2025-12-29,
10171,M010253,2026-01-05,
10171,M010253,2026-01-12,
10171,M010253,2026-01-19,
10171,M009364,2025-12-29,
10171,M009364,2026-01-05,
10171,M009364,2026-01-12,
10171,M009364,2026-01-19,
10171,M011086,2025-12-29,
10171,M011086,2026-01-05,
10171,M011086,2026-01-12,
10171,M011086,2026-01-19,
10171,M013459,2025-12-29,
10171,M013459,2026-01-05,
10171,M013459,2026-01-12,
10171,M013459,2026-01-19,
10171,M009072,2025-12-29,
10171,M009072,2026-01-05,
10171,M009072,2026-01-12,
10171,M009072,2026-01-19,
10171,M010532,2025-12-29,
10171,M010532,2026-01-05,
10171,M010532,2026-01-12,
10171,M010532,2026-01-19,
10171,M009594,2025-12-29,
10171,M009594,2026-01-05,
10171,M009594,2026-01-12,
10171,M009594,2026-01-19,
10171,M010038,2025-12-29,
10171,M010038,2026-01-05,
10171,M010038,2026-01-12,
10171,M010038,2026-01-19,
10171,M012665,2025-12-29,
10171,M012665,2026-01-05,
10171,M012665,2026-01-12,
10171,M012665,2026-01-19,
10171,M010132,2025-12-29,
10171,M010132,2026-01-05,
10171,M010132,2026-01-12,
10171,M010132,2026-01-19,
10171,M013220,2025-12-29,
10171,M013220,2026-01-05,
10171,M013220,2026-01-12,
10171,M013220,2026-01-19,
11950,M010038,2025-12-29,
11950,M010038,2026-01-05,
11950,M010038,2026-01-12,
11950,M010038,2026-01-19,
11950,M012665,2025-12-29,
11950,M012665,2026-01-05,
11950,M012665,2026-01-12,
11950,M012665,2026-01-19,
11950,M010079,2025-12-29,
11950,M010079,2026-01-05,
11950,M010079,2026-01-12,
11950,M010079,2026-01-19,
11950,M009284,2025-12-29,
11950,M009284,2026-01-05,
11950,M009284,2026-01-12,
11950,M009284,2026-01-19,
11950,M010208,2025-12-29,
11950,M010208,2026-01-05,
11950,M010208,2026-01-12,
11950,M010208,2026-01-19,
11950,M010868,2025-12-29,
11950,M010868,2026-01-05,
11950,M010868,2026-01-12,
11950,M010868,2026-01-19,
11950,M010132,2025-12-29,
11950,M010132,2026-01-05,
11950,M010132,2026-01-12,
11950,M010132,2026-01-19,
13123,M010132,2025-12-29,
13123,M010132,2026-01-05,
13123,M010132,2026-01-12,
13123,M010132,2026-01-19,
13123,M012706,2025-12-29,
13123,M012706,2026-01-05,
13123,M012706,2026-01-12,
13123,M012706,2026-01-19,
13123,M010453,2025-12-29,
13123,M010453,2026-01-05,
13123,M010453,2026-01-12,
13123,M010453,2026-01-19,
13123,M013477,2025-12-29,
13123,M013477,2026-01-05,
13123,M013477,2026-01-12,
13123,M013477,2026-01-19,
13123,M014013,2025-12-29,
13123,M014013,2026-01-05,
13123,M014013,2026-01-12,
13123,M014013,2026-01-19,
13123,M009651,2025-12-29,
13123,M009651,2026-01-05,
13123,M009651,2026-01-12,
13123,M009651,2026-01-19,
13123,M012665,2025-12-29,
13123,M012665,2026-01-05,
13123,M012665,2026-01-12,
13123,M012665,2026-01-19,
13123,M011232,2025-12-29,
13123,M011232,2026-01-05,
13123,M011232,2026-01-12,
13123,M011232,2026-01-19,
13123,M012860,2025-12-29,
13123,M012860,2026-01-05,
13123,M012860,2026-01-12,
13123,M012860,2026-01-19,
13123,M013294,2025-12-29,
13123,M013294,2026-01-05,
13123,M013294,2026-01-12,
13123,M013294,2026-01-19,
13123,M010079,2025-12-29,
13123,M010079,2026-01-05,
13123,M010079,2026-01-12,
13123,M010079,2026-01-19,
13123,M010862,2025-12-29,
13123,M010862,2026-01-05,
13123,M010862,2026-01-12,
13123,M010862,2026-01-19,
13123,M013220,2025-12-29,
13123,M013220,2026-01-05,
13123,M013220,2026-01-12,
13123,M013220,2026-01-19,
13123,M010532,2025-12-29,
13123,M010532,2026-01-05,
13123,M010532,2026-01-12,
13123,M010532,2026-01-19,
13123,M010788,2025-12-29,
13123,M010788,2026-01-05,
13123,M010788,2026-01-12,
13123,M010788,2026-01-19,
1836,M014771,2025-12-29,
1836,M014771,2026-01-05,
1836,M014771,2026-01-12,
1836,M014771,2026-01-19,
1836,M010204,2025-12-29,
1836,M010204,2026-01-05,
1836,M010204,2026-01-12,
1836,M010204,2026-01-19,
1836,M009371,2025-12-29,
1836,M009371,2026-01-05,
1836,M009371,2026-01-12,
1836,M009371,2026-01-19,
1836,M010862,2025-12-29,
1836,M010862,2026-01-05,
1836,M010862,2026-01-12,
1836,M010862,2026-01-19,
1836,M013477,2025-12-29,
1836,M013477,2026-01-05,
1836,M013477,2026-01-12,
1836,M013477,2026-01-19,
1836,M010453,2025-12-29,
1836,M010453,2026-01-05,
1836,M010453,2026-01-12,
1836,M010453,2026-01-19,
1836,M010253,2025-12-29,
1836,M010253,2026-01-05,
1836,M010253,2026-01-12,
1836,M010253,2026-01-19,
1836,M009594,2025-12-29,
1836,M009594,2026-01-05,
1836,M009594,2026-01-12,
1836,M009594,2026-01-19,
1836,M010038,2025-12-29,
1836,M010038,2026-01-05,
1836,M010038,2026-01-12,
1836,M010038,2026-01-19,
1836,M009542,2025-12-29,
1836,M009542,2026-01-05,
1836,M009542,2026-01-12,
1836,M009542,2026-01-19,
1983,M009050,2025-12-29,
1983,M009050,2026-01-05,
1983,M009050,2026-01-12,
1983,M009050,2026-01-19,
1983,M009518,2025-12-29,
1983,M009518,2026-01-05,
1983,M009518,2026-01-12,
1983,M009518,2026-01-19,
1983,M010253,2025-12-29,
1983,M010253,2026-01-05,
1983,M010253,2026-01-12,
1983,M010253,2026-01-19,
1983,M010204,2025-12-29,
1983,M010204,2026-01-05,
1983,M010204,2026-01-12,
1983,M010204,2026-01-19,
1983,M009542,2025-12-29,
1983,M009542,2026-01-05,
1983,M009542,2026-01-12,
1983,M009542,2026-01-19,
1983,M009284,2025-12-29,
1983,M009284,2026-01-05,
1983,M009284,2026-01-12,
1983,M009284,2026-01-19,
1983,M011075,2025-12-29,
1983,M011075,2026-01-05,
1983,M011075,2026-01-12,
1983,M011075,2026-01-19,
1983,M009898,2025-12-29,
1983,M009898,2026-01-05,
1983,M009898,2026-01-12,
1983,M009898,2026-01-19,
1983,M010868,2025-12-29,
1983,M010868,2026-01-05,
1983,M010868,2026-01-12,
1983,M010868,2026-01-19,
1983,M010532,2025-12-29,
1983,M010532,2026-01-05,
1983,M010532,2026-01-12,
1983,M010532,2026-01-19,
1983,M013294,2025-12-29,
1983,M013294,2026-01-05,
1983,M013294,2026-01-12,
1983,M013294,2026-01-19,
2252,M010132,2025-12-29,
2252,M010132,2026-01-05,
2252,M010132,2026-01-12,
2252,M010132,2026-01-19,
2252,M013086,2025-12-29,
2252,M013086,2026-01-05,
2252,M013086,2026-01-12,
2252,M013086,2026-01-19,
2252,M010882,2025-12-29,
2252,M010882,2026-01-05,
2252,M010882,2026-01-12,
2252,M010882,2026-01-19,
2252,M010453,2025-12-29,
2252,M010453,2026-01-05,
2252,M010453,2026-01-12,
2252,M010453,2026-01-19,
2252,M009898,2025-12-29,
2252,M009898,2026-01-05,
2252,M009898,2026-01-12,
2252,M009898,2026-01-19,
2252,M014013,2025-12-29,
2252,M014013,2026-01-05,
2252,M014013,2026-01-12,
2252,M014013,2026-01-19,
2252,M013220,2025-12-29,
2252,M013220,2026-01-05,
2252,M013220,2026-01-12,
2252,M013220,2026-01-19,
2252,M009284,2025-12-29,
2252,M009284,2026-01-05,
2252,M009284,2026-01-12,
2252,M009284,2026-01-19,
2252,M009364,2025-12-29,
2252,M009364,2026-01-05,
2252,M009364,2026-01-12,
2252,M009364,2026-01-19,
2252,M010868,2025-12-29,
2252,M010868,2026-01-05,
2252,M010868,2026-01-12,
2252,M010868,2026-01-19,
2252,M016311,2025-12-29,
2252,M016311,2026-01-05,
2252,M016311,2026-01-12,
2252,M016311,2026-01-19,
2252,M010862,2025-12-29,
2252,M010862,2026-01-05,
2252,M010862,2026-01-12,
2252,M010862,2026-01-19,
2252,M010771,2025-12-29,
2252,M010771,2026-01-05,
2252,M010771,2026-01-12,
2252,M010771,2026-01-19,
2499,M010453,2025-12-29,
2499,M010453,2026-01-05,
2499,M010453,2026-01-12,
2499,M010453,2026-01-19,
2499,M009898,2025-12-29,
2499,M009898,2026-01-05,
2499,M009898,2026-01-12,
2499,M009898,2026-01-19,
2499,M010532,2025-12-29,
2499,M010532,2026-01-05,
2499,M010532,2026-01-12,
2499,M010532,2026-01-19,
2499,M010868,2025-12-29,
2499,M010868,2026-01-05,
2499,M010868,2026-01-12,
2499,M010868,2026-01-19,
2499,M010038,2025-12-29,
2499,M010038,2026-01-05,
2499,M010038,2026-01-12,
2499,M010038,2026-01-19,
2499,M009648,2025-12-29,
2499,M009648,2026-01-05,
2499,M009648,2026-01-12,
2499,M009648,2026-01-19,
2499,M010075,2025-12-29,
2499,M010075,2026-01-05,
2499,M010075,2026-01-12,
2499,M010075,2026-01-19,
2499,M009594,2025-12-29,
2499,M009594,2026-01-05,
2499,M009594,2026-01-12,
2499,M009594,2026-01-19,
2499,M013459,2025-12-29,
2499,M013459,2026-01-05,
2499,M013459,2026-01-12,
2499,M013459,2026-01-19,
2499,M011075,2025-12-29,
2499,M011075,2026-01-05,
2499,M011075,2026-01-12,
2499,M011075,2026-01-19,
2499,M010184,2025-12-29,
2499,M010184,2026-01-05,
2499,M010184,2026-01-12,
2499,M010184,2026-01-19,
2499,M010079,2025-12-29,
2499,M010079,2026-01-05,
2499,M010079,2026-01-12,
2499,M010079,2026-01-19,
2499,M010204,2025-12-29,
2499,M010204,2026-01-05,
2499,M010204,2026-01-12,
2499,M010204,2026-01-19,
2499,M014771,2025-12-29,
2499,M014771,2026-01-05,
2499,M014771,2026-01-12,
2499,M014771,2026-01-19,
2499,M010200,2025-12-29,
2499,M010200,2026-01-05,
2499,M010200,2026-01-12,
2499,M010200,2026-01-19,
2499,M009050,2025-12-29,
2499,M009050,2026-01-05,
2499,M009050,2026-01-12,
2499,M009050,2026-01-19,
2499,M010253,2025-12-29,
2499,M010253,2026-01-05,
2499,M010253,2026-01-12,
2499,M010253,2026-01-19,
2499,M012115,2025-12-29,
2499,M012115,2026-01-05,
2499,M012115,2026-01-12,
2499,M012115,2026-01-19,
2499,M016350,2025-12-29,
2499,M016350,2026-01-05,
2499,M016350,2026-01-12,
2499,M016350,2026-01-19,
2536,M009542,2025-12-29,
2536,M009542,2026-01-05,
2536,M009542,2026-01-12,
2536,M009542,2026-01-19,
2536,M010862,2025-12-29,
2536,M010862,2026-01-05,
2536,M010862,2026-01-12,
2536,M010862,2026-01-19,
2536,M010038,2025-12-29,
2536,M010038,2026-01-05,
2536,M010038,2026-01-12,
2536,M010038,2026-01-19,
2536,M011086,2025-12-29,
2536,M011086,2026-01-05,
2536,M011086,2026-01-12,
2536,M011086,2026-01-19,
2536,M010253,2025-12-29,
2536,M010253,2026-01-05,
2536,M010253,2026-01-12,
2536,M010253,2026-01-19,
2536,M013477,2025-12-29,
2536,M013477,2026-01-05,
2536,M013477,2026-01-12,
2536,M013477,2026-01-19,
2536,M009651,2025-12-29,
2536,M009651,2026-01-05,
2536,M009651,2026-01-12,
2536,M009651,2026-01-19,
2536,M010532,2025-12-29,
2536,M010532,2026-01-05,
2536,M010532,2026-01-12,
2536,M010532,2026-01-19,
2536,M010453,2025-12-29,
2536,M010453,2026-01-05,
2536,M010453,2026-01-12,
2536,M010453,2026-01-19,
2552,M010676,2025-12-29,
2552,M010676,2026-01-05,
2552,M010676,2026-01-12,
2552,M010676,2026-01-19,
2552,M016641,2025-12-29,
2552,M016641,2026-01-05,
2552,M016641,2026-01-12,
2552,M016641,2026-01-19,
2552,M009651,2025-12-29,
2552,M009651,2026-01-05,
2552,M009651,2026-01-12,
2552,M009651,2026-01-19,
2552,M016311,2025-12-29,
2552,M016311,2026-01-05,
2552,M016311,2026-01-12,
2552,M016311,2026-01-19,
2552,M010253,2025-12-29,
2552,M010253,2026-01-05,
2552,M010253,2026-01-12,
2552,M010253,2026-01-19,
2552,M013220,2025-12-29,
2552,M013220,2026-01-05,
2552,M013220,2026-01-12,
2552,M013220,2026-01-19,
2552,M012665,2025-12-29,
2552,M012665,2026-01-05,
2552,M012665,2026-01-12,
2552,M012665,2026-01-19,
2552,M009648,2025-12-29,
2552,M009648,2026-01-05,
2552,M009648,2026-01-12,
2552,M009648,2026-01-19,
2552,M014771,2025-12-29,
2552,M014771,2026-01-05,
2552,M014771,2026-01-12,
2552,M014771,2026-01-19,
2552,M013477,2025-12-29,
2552,M013477,2026-01-05,
2552,M013477,2026-01-12,
2552,M013477,2026-01-19,
2552,M009371,2025-12-29,
2552,M009371,2026-01-05,
2552,M009371,2026-01-12,
2552,M009371,2026-01-19,
2552,M009542,2025-12-29,
2552,M009542,2026-01-05,
2552,M009542,2026-01-12,
2552,M009542,2026-01-19,
2552,M010208,2025-12-29,
2552,M010208,2026-01-05,
2552,M010208,2026-01-12,
2552,M010208,2026-01-19,
2552,M013086,2025-12-29,
2552,M013086,2026-01-05,
2552,M013086,2026-01-12,
2552,M013086,2026-01-19,
2552,M010038,2025-12-29,
2552,M010038,2026-01-05,
2552,M010038,2026-01-12,
2552,M010038,2026-01-19,
2552,M012860,2025-12-29,
2552,M012860,2026-01-05,
2552,M012860,2026-01-12,
2552,M012860,2026-01-19,
2552,M011232,2025-12-29,
2552,M011232,2026-01-05,
2552,M011232,2026-01-12,
2552,M011232,2026-01-19,
2552,M010453,2025-12-29,
2552,M010453,2026-01-05,
2552,M010453,2026-01-12,
2552,M010453,2026-01-19,
2761,M011339,2025-12-29,
2761,M011339,2026-01-05,
2761,M011339,2026-01-12,
2761,M011339,2026-01-19,
2761,M010075,2025-12-29,
2761,M010075,2026-01-05,
2761,M010075,2026-01-12,
2761,M010075,2026-01-19,
2761,M010253,2025-12-29,
2761,M010253,2026-01-05,
2761,M010253,2026-01-12,
2761,M010253,2026-01-19,
2761,M012665,2025-12-29,
2761,M012665,2026-01-05,
2761,M012665,2026-01-12,
2761,M012665,2026-01-19,
2761,M009371,2025-12-29,
2761,M009371,2026-01-05,
2761,M009371,2026-01-12,
2761,M009371,2026-01-19,
2761,M011086,2025-12-29,
2761,M011086,2026-01-05,
2761,M011086,2026-01-12,
2761,M011086,2026-01-19,
2761,M010862,2025-12-29,
2761,M010862,2026-01-05,
2761,M010862,2026-01-12,
2761,M010862,2026-01-19,
2761,M010788,2025-12-29,
2761,M010788,2026-01-05,
2761,M010788,2026-01-12,
2761,M010788,2026-01-19,
2761,M013459,2025-12-29,
2761,M013459,2026-01-05,
2761,M013459,2026-01-12,
2761,M013459,2026-01-19,
2772,M014013,2025-12-29,
2772,M014013,2026-01-05,
2772,M014013,2026-01-12,
2772,M014013,2026-01-19,
2772,M013459,2025-12-29,
2772,M013459,2026-01-05,
2772,M013459,2026-01-12,
2772,M013459,2026-01-19,
2772,M013477,2025-12-29,
2772,M013477,2026-01-05,
2772,M013477,2026-01-12,
2772,M013477,2026-01-19,
2772,M010208,2025-12-29,
2772,M010208,2026-01-05,
2772,M010208,2026-01-12,
2772,M010208,2026-01-19,
2772,M010676,2025-12-29,
2772,M010676,2026-01-05,
2772,M010676,2026-01-12,
2772,M010676,2026-01-19,
2772,M010200,2025-12-29,
2772,M010200,2026-01-05,
2772,M010200,2026-01-12,
2772,M010200,2026-01-19,
2772,M010204,2025-12-29,
2772,M010204,2026-01-05,
2772,M010204,2026-01-12,
2772,M010204,2026-01-19,
2772,M012706,2025-12-29,
2772,M012706,2026-01-05,
2772,M012706,2026-01-12,
2772,M012706,2026-01-19,
2772,M010184,2025-12-29,
2772,M010184,2026-01-05,
2772,M010184,2026-01-12,
2772,M010184,2026-01-19,
2772,M010082,2025-12-29,
2772,M010082,2026-01-05,
2772,M010082,2026-01-12,
2772,M010082,2026-01-19,
2772,M009364,2025-12-29,
2772,M009364,2026-01-05,
2772,M009364,2026-01-12,
2772,M009364,2026-01-19,
2772,M012860,2025-12-29,
2772,M012860,2026-01-05,
2772,M012860,2026-01-12,
2772,M012860,2026-01-19,
2772,M010771,2025-12-29,
2772,M010771,2026-01-05,
2772,M010771,2026-01-12,
2772,M010771,2026-01-19,
2772,M009970,2025-12-29,
2772,M009970,2026-01-05,
2772,M009970,2026-01-12,
2772,M009970,2026-01-19,
2772,M010132,2025-12-29,
2772,M010132,2026-01-05,
2772,M010132,2026-01-12,
2772,M010132,2026-01-19,
2772,M009072,2025-12-29,
2772,M009072,2026-01-05,
2772,M009072,2026-01-12,
2772,M009072,2026-01-19,
2772,M012665,2025-12-29,
2772,M012665,2026-01-05,
2772,M012665,2026-01-12,
2772,M012665,2026-01-19,
2772,M010453,2025-12-29,
2772,M010453,2026-01-05,
2772,M010453,2026-01-12,
2772,M010453,2026-01-19,
2772,M009898,2025-12-29,
2772,M009898,2026-01-05,
2772,M009898,2026-01-12,
2772,M009898,2026-01-19,
2772,M010079,2025-12-29,
2772,M010079,2026-01-05,
2772,M010079,2026-01-12,
2772,M010079,2026-01-19,
2772,M010532,2025-12-29,
2772,M010532,2026-01-05,
2772,M010532,2026-01-12,
2772,M010532,2026-01-19,
2772,M016350,2025-12-29,
2772,M016350,2026-01-05,
2772,M016350,2026-01-12,
2772,M016350,2026-01-19,
2772,M009284,2025-12-29,
2772,M009284,2026-01-05,
2772,M009284,2026-01-12,
2772,M009284,2026-01-19,
2772,M016311,2025-12-29,
2772,M016311,2026-01-05,
2772,M016311,2026-01-12,
2772,M016311,2026-01-19,
2772,M010253,2025-12-29,
2772,M010253,2026-01-05,
2772,M010253,2026-01-12,
2772,M010253,2026-01-19,
2772,M016641,2025-12-29,
2772,M016641,2026-01-05,
2772,M016641,2026-01-12,
2772,M016641,2026-01-19,
2772,M009630,2025-12-29,
2772,M009630,2026-01-05,
2772,M009630,2026-01-12,
2772,M009630,2026-01-19,
2772,M014771,2025-12-29,
2772,M014771,2026-01-05,
2772,M014771,2026-01-12,
2772,M014771,2026-01-19,
2772,M010868,2025-12-29,
2772,M010868,2026-01-05,
2772,M010868,2026-01-12,
2772,M010868,2026-01-19,
2772,M009594,2025-12-29,
2772,M009594,2026-01-05,
2772,M009594,2026-01-12,
2772,M009594,2026-01-19,
2772,M011075,2025-12-29,
2772,M011075,2026-01-05,
2772,M011075,2026-01-12,
2772,M011075,2026-01-19,
2772,M010075,2025-12-29,
2772,M010075,2026-01-05,
2772,M010075,2026-01-12,
2772,M010075,2026-01-19,
2772,M013220,2025-12-29,
2772,M013220,2026-01-05,
2772,M013220,2026-01-12,
2772,M013220,2026-01-19,
2900,M012706,2025-12-29,
2900,M012706,2026-01-05,
2900,M012706,2026-01-12,
2900,M012706,2026-01-19,
2900,M009630,2025-12-29,
2900,M009630,2026-01-05,
2900,M009630,2026-01-12,
2900,M009630,2026-01-19,
2900,M010204,2025-12-29,
2900,M010204,2026-01-05,
2900,M010204,2026-01-12,
2900,M010204,2026-01-19,
2900,M016641,2025-12-29,
2900,M016641,2026-01-05,
2900,M016641,2026-01-12,
2900,M016641,2026-01-19,
2900,M013477,2025-12-29,
2900,M013477,2026-01-05,
2900,M013477,2026-01-12,
2900,M013477,2026-01-19,
2900,M010771,2025-12-29,
2900,M010771,2026-01-05,
2900,M010771,2026-01-12,
2900,M010771,2026-01-19,
2900,M010532,2025-12-29,
2900,M010532,2026-01-05,
2900,M010532,2026-01-12,
2900,M010532,2026-01-19,
2900,M010132,2025-12-29,
2900,M010132,2026-01-05,
2900,M010132,2026-01-12,
2900,M010132,2026-01-19,
2900,M011086,2025-12-29,
2900,M011086,2026-01-05,
2900,M011086,2026-01-12,
2900,M011086,2026-01-19,
2900,M009284,2025-12-29,
2900,M009284,2026-01-05,
2900,M009284,2026-01-12,
2900,M009284,2026-01-19,
2900,M011339,2025-12-29,
2900,M011339,2026-01-05,
2900,M011339,2026-01-12,
2900,M011339,2026-01-19,
2900,M014771,2025-12-29,
2900,M014771,2026-01-05,
2900,M014771,2026-01-12,
2900,M014771,2026-01-19,
2900,M010676,2025-12-29,
2900,M010676,2026-01-05,
2900,M010676,2026-01-12,
2900,M010676,2026-01-19,
2900,M010038,2025-12-29,
2900,M010038,2026-01-05,
2900,M010038,2026-01-12,
2900,M010038,2026-01-19,
2900,M010075,2025-12-29,
2900,M010075,2026-01-05,
2900,M010075,2026-01-12,
2900,M010075,2026-01-19,
2900,M009364,2025-12-29,
2900,M009364,2026-01-05,
2900,M009364,2026-01-12,
2900,M009364,2026-01-19,
2900,M009542,2025-12-29,
2900,M009542,2026-01-05,
2900,M009542,2026-01-12,
2900,M009542,2026-01-19,
2900,M009518,2025-12-29,
2900,M009518,2026-01-05,
2900,M009518,2026-01-12,
2900,M009518,2026-01-19,
2900,M012665,2025-12-29,
2900,M012665,2026-01-05,
2900,M012665,2026-01-12,
2900,M012665,2026-01-19,
2900,M009648,2025-12-29,
2900,M009648,2026-01-05,
2900,M009648,2026-01-12,
2900,M009648,2026-01-19,
2900,M011075,2025-12-29,
2900,M011075,2026-01-05,
2900,M011075,2026-01-12,
2900,M011075,2026-01-19,
2900,M012115,2025-12-29,
2900,M012115,2026-01-05,
2900,M012115,2026-01-12,
2900,M012115,2026-01-19,
2900,M013086,2025-12-29,
2900,M013086,2026-01-05,
2900,M013086,2026-01-12,
2900,M013086,2026-01-19,
2900,M014013,2025-12-29,
2900,M014013,2026-01-05,
2900,M014013,2026-01-12,
2900,M014013,2026-01-19,
2900,M013294,2025-12-29,
2900,M013294,2026-01-05,
2900,M013294,2026-01-12,
2900,M013294,2026-01-19,
2900,M010882,2025-12-29,
2900,M010882,2026-01-05,
2900,M010882,2026-01-12,
2900,M010882,2026-01-19,
2900,M010079,2025-12-29,
2900,M010079,2026-01-05,
2900,M010079,2026-01-12,
2900,M010079,2026-01-19,
2900,M010200,2025-12-29,
2900,M010200,2026-01-05,
2900,M010200,2026-01-12,
2900,M010200,2026-01-19,
2900,M010788,2025-12-29,
2900,M010788,2026-01-05,
2900,M010788,2026-01-12,
2900,M010788,2026-01-19,
2900,M011232,2025-12-29,
2900,M011232,2026-01-05,
2900,M011232,2026-01-12,
2900,M011232,2026-01-19,
2900,M010082,2025-12-29,
2900,M010082,2026-01-05,
2900,M010082,2026-01-12,
2900,M010082,2026-01-19,
2900,M009970,2025-12-29,
2900,M009970,2026-01-05,
2900,M009970,2026-01-12,
2900,M009970,2026-01-19,
2900,M013220,2025-12-29,
2900,M013220,2026-01-05,
2900,M013220,2026-01-12,
2900,M013220,2026-01-19,
2900,M012860,2025-12-29,
2900,M012860,2026-01-05,
2900,M012860,2026-01-12,
2900,M012860,2026-01-19,
2900,M009594,2025-12-29,
2900,M009594,2026-01-05,
2900,M009594,2026-01-12,
2900,M009594,2026-01-19,
2900,M009371,2025-12-29,
2900,M009371,2026-01-05,
2900,M009371,2026-01-12,
2900,M009371,2026-01-19,
2900,M010253,2025-12-29,
2900,M010253,2026-01-05,
2900,M010253,2026-01-12,
2900,M010253,2026-01-19,
2900,M010862,2025-12-29,
2900,M010862,2026-01-05,
2900,M010862,2026-01-12,
2900,M010862,2026-01-19,
2900,M010868,2025-12-29,
2900,M010868,2026-01-05,
2900,M010868,2026-01-12,
2900,M010868,2026-01-19,
2900,M009651,2025-12-29,
2900,M009651,2026-01-05,
2900,M009651,2026-01-12,
2900,M009651,2026-01-19,
2900,M016311,2025-12-29,
2900,M016311,2026-01-05,
2900,M016311,2026-01-12,
2900,M016311,2026-01-19,
2900,M009050,2025-12-29,
2900,M009050,2026-01-05,
2900,M009050,2026-01-12,
2900,M009050,2026-01-19,
2900,M009072,2025-12-29,
2900,M009072,2026-01-05,
2900,M009072,2026-01-12,
2900,M009072,2026-01-19,
2900,M010208,2025-12-29,
2900,M010208,2026-01-05,
2900,M010208,2026-01-12,
2900,M010208,2026-01-19,
2906,M010771,2025-12-29,
2906,M010771,2026-01-05,
2906,M010771,2026-01-12,
2906,M010771,2026-01-19,
2906,M016350,2025-12-29,
2906,M016350,2026-01-05,
2906,M016350,2026-01-12,
2906,M016350,2026-01-19,
2906,M010532,2025-12-29,
2906,M010532,2026-01-05,
2906,M010532,2026-01-12,
2906,M010532,2026-01-19,
2906,M016311,2025-12-29,
2906,M016311,2026-01-05,
2906,M016311,2026-01-12,
2906,M016311,2026-01-19,
2906,M010453,2025-12-29,
2906,M010453,2026-01-05,
2906,M010453,2026-01-12,
2906,M010453,2026-01-19,
2906,M010253,2025-12-29,
2906,M010253,2026-01-05,
2906,M010253,2026-01-12,
2906,M010253,2026-01-19,
2906,M010868,2025-12-29,
2906,M010868,2026-01-05,
2906,M010868,2026-01-12,
2906,M010868,2026-01-19,
3357,M016641,2025-12-29,
3357,M016641,2026-01-05,
3357,M016641,2026-01-12,
3357,M016641,2026-01-19,
3357,M010788,2025-12-29,
3357,M010788,2026-01-05,
3357,M010788,2026-01-12,
3357,M010788,2026-01-19,
3357,M010075,2025-12-29,
3357,M010075,2026-01-05,
3357,M010075,2026-01-12,
3357,M010075,2026-01-19,
3357,M009898,2025-12-29,
3357,M009898,2026-01-05,
3357,M009898,2026-01-12,
3357,M009898,2026-01-19,
3357,M011339,2025-12-29,
3357,M011339,2026-01-05,
3357,M011339,2026-01-12,
3357,M011339,2026-01-19,
3357,M011086,2025-12-29,
3357,M011086,2026-01-05,
3357,M011086,2026-01-12,
3357,M011086,2026-01-19,
3357,M013086,2025-12-29,
3357,M013086,2026-01-05,
3357,M013086,2026-01-12,
3357,M013086,2026-01-19,
3357,M010132,2025-12-29,
3357,M010132,2026-01-05,
3357,M010132,2026-01-12,
3357,M010132,2026-01-19,
3357,M010082,2025-12-29,
3357,M010082,2026-01-05,
3357,M010082,2026-01-12,
3357,M010082,2026-01-19,
3357,M010253,2025-12-29,
3357,M010253,2026-01-05,
3357,M010253,2026-01-12,
3357,M010253,2026-01-19,
3357,M010038,2025-12-29,
3357,M010038,2026-01-05,
3357,M010038,2026-01-12,
3357,M010038,2026-01-19,
3357,M009630,2025-12-29,
3357,M009630,2026-01-05,
3357,M009630,2026-01-12,
3357,M009630,2026-01-19,
3357,M014013,2025-12-29,
3357,M014013,2026-01-05,
3357,M014013,2026-01-12,
3357,M014013,2026-01-19,
3357,M012115,2025-12-29,
3357,M012115,2026-01-05,
3357,M012115,2026-01-12,
3357,M012115,2026-01-19,
3357,M016311,2025-12-29,
3357,M016311,2026-01-05,
3357,M016311,2026-01-12,
3357,M016311,2026-01-19,
3357,M010184,2025-12-29,
3357,M010184,2026-01-05,
3357,M010184,2026-01-12,
3357,M010184,2026-01-19,
3357,M009050,2025-12-29,
3357,M009050,2026-01-05,
3357,M009050,2026-01-12,
3357,M009050,2026-01-19,
3357,M009651,2025-12-29,
3357,M009651,2026-01-05,
3357,M009651,2026-01-12,
3357,M009651,2026-01-19,
3366,M013086,2025-12-29,
3366,M013086,2026-01-05,
3366,M013086,2026-01-12,
3366,M013086,2026-01-19,
3366,M012115,2025-12-29,
3366,M012115,2026-01-05,
3366,M012115,2026-01-12,
3366,M012115,2026-01-19,
3366,M012860,2025-12-29,
3366,M012860,2026-01-05,
3366,M012860,2026-01-12,
3366,M012860,2026-01-19,
3366,M009364,2025-12-29,
3366,M009364,2026-01-05,
3366,M009364,2026-01-12,
3366,M009364,2026-01-19,
3366,M010862,2025-12-29,
3366,M010862,2026-01-05,
3366,M010862,2026-01-12,
3366,M010862,2026-01-19,
3366,M010079,2025-12-29,
3366,M010079,2026-01-05,
3366,M010079,2026-01-12,
3366,M010079,2026-01-19,
3366,M014771,2025-12-29,
3366,M014771,2026-01-05,
3366,M014771,2026-01-12,
3366,M014771,2026-01-19,
3489,M009364,2025-12-29,
3489,M009364,2026-01-05,
3489,M009364,2026-01-12,
3489,M009364,2026-01-19,
3489,M012860,2025-12-29,
3489,M012860,2026-01-05,
3489,M012860,2026-01-12,
3489,M012860,2026-01-19,
3489,M010453,2025-12-29,
3489,M010453,2026-01-05,
3489,M010453,2026-01-12,
3489,M010453,2026-01-19,
3489,M013220,2025-12-29,
3489,M013220,2026-01-05,
3489,M013220,2026-01-12,
3489,M013220,2026-01-19,
3489,M009518,2025-12-29,
3489,M009518,2026-01-05,
3489,M009518,2026-01-12,
3489,M009518,2026-01-19,
3489,M011075,2025-12-29,
3489,M011075,2026-01-05,
3489,M011075,2026-01-12,
3489,M011075,2026-01-19,
3489,M013477,2025-12-29,
3489,M013477,2026-01-05,
3489,M013477,2026-01-12,
3489,M013477,2026-01-19,
3489,M010208,2025-12-29,
3489,M010208,2026-01-05,
3489,M010208,2026-01-12,
3489,M010208,2026-01-19,
3489,M009898,2025-12-29,
3489,M009898,2026-01-05,
3489,M009898,2026-01-12,
3489,M009898,2026-01-19,
3489,M016311,2025-12-29,
3489,M016311,2026-01-05,
3489,M016311,2026-01-12,
3489,M016311,2026-01-19,
3489,M013459,2025-12-29,
3489,M013459,2026-01-05,
3489,M013459,2026-01-12,
3489,M013459,2026-01-19,
3489,M010204,2025-12-29,
3489,M010204,2026-01-05,
3489,M010204,2026-01-12,
3489,M010204,2026-01-19,
3489,M010788,2025-12-29,
3489,M010788,2026-01-05,
3489,M010788,2026-01-12,
3489,M010788,2026-01-19,
3489,M013962,2025-12-29,
3489,M013962,2026-01-05,
3489,M013962,2026-01-12,
3489,M013962,2026-01-19,
3489,M010132,2025-12-29,
3489,M010132,2026-01-05,
3489,M010132,2026-01-12,
3489,M010132,2026-01-19,
3489,M009630,2025-12-29,
3489,M009630,2026-01-05,
3489,M009630,2026-01-12,
3489,M009630,2026-01-19,
3489,M009594,2025-12-29,
3489,M009594,2026-01-05,
3489,M009594,2026-01-12,
3489,M009594,2026-01-19,
3489,M016641,2025-12-29,
3489,M016641,2026-01-05,
3489,M016641,2026-01-12,
3489,M016641,2026-01-19,
3489,M012665,2025-12-29,
3489,M012665,2026-01-05,
3489,M012665,2026-01-12,
3489,M012665,2026-01-19,
3518,M009371,2025-12-29,
3518,M009371,2026-01-05,
3518,M009371,2026-01-12,
3518,M009371,2026-01-19,
3518,M009072,2025-12-29,
3518,M009072,2026-01-05,
3518,M009072,2026-01-12,
3518,M009072,2026-01-19,
3518,M009594,2025-12-29,
3518,M009594,2026-01-05,
3518,M009594,2026-01-12,
3518,M009594,2026-01-19,
3518,M012665,2025-12-29,
3518,M012665,2026-01-05,
3518,M012665,2026-01-12,
3518,M012665,2026-01-19,
3518,M016350,2025-12-29,
3518,M016350,2026-01-05,
3518,M016350,2026-01-12,
3518,M016350,2026-01-19,
3518,M011075,2025-12-29,
3518,M011075,2026-01-05,
3518,M011075,2026-01-12,
3518,M011075,2026-01-19,
3518,M010882,2025-12-29,
3518,M010882,2026-01-05,
3518,M010882,2026-01-12,
3518,M010882,2026-01-19,
3518,M010453,2025-12-29,
3518,M010453,2026-01-05,
3518,M010453,2026-01-12,
3518,M010453,2026-01-19,
3518,M010771,2025-12-29,
3518,M010771,2026-01-05,
3518,M010771,2026-01-12,
3518,M010771,2026-01-19,
3518,M010038,2025-12-29,
3518,M010038,2026-01-05,
3518,M010038,2026-01-12,
3518,M010038,2026-01-19,
3518,M009898,2025-12-29,
3518,M009898,2026-01-05,
3518,M009898,2026-01-12,
3518,M009898,2026-01-19,
3518,M010184,2025-12-29,
3518,M010184,2026-01-05,
3518,M010184,2026-01-12,
3518,M010184,2026-01-19,
3518,M012115,2025-12-29,
3518,M012115,2026-01-05,
3518,M012115,2026-01-12,
3518,M012115,2026-01-19,
3518,M011086,2025-12-29,
3518,M011086,2026-01-05,
3518,M011086,2026-01-12,
3518,M011086,2026-01-19,
3518,M010204,2025-12-29,
3518,M010204,2026-01-05,
3518,M010204,2026-01-12,
3518,M010204,2026-01-19,
3644,M014013,2025-12-29,
3644,M014013,2026-01-05,
3644,M014013,2026-01-12,
3644,M014013,2026-01-19,
3644,M010208,2025-12-29,
3644,M010208,2026-01-05,
3644,M010208,2026-01-12,
3644,M010208,2026-01-19,
3644,M011075,2025-12-29,
3644,M011075,2026-01-05,
3644,M011075,2026-01-12,
3644,M011075,2026-01-19,
3644,M013220,2025-12-29,
3644,M013220,2026-01-05,
3644,M013220,2026-01-12,
3644,M013220,2026-01-19,
3644,M013086,2025-12-29,
3644,M013086,2026-01-05,
3644,M013086,2026-01-12,
3644,M013086,2026-01-19,
3644,M009072,2025-12-29,
3644,M009072,2026-01-05,
3644,M009072,2026-01-12,
3644,M009072,2026-01-19,
3644,M011086,2025-12-29,
3644,M011086,2026-01-05,
3644,M011086,2026-01-12,
3644,M011086,2026-01-19,
3644,M010082,2025-12-29,
3644,M010082,2026-01-05,
3644,M010082,2026-01-12,
3644,M010082,2026-01-19,
3644,M014771,2025-12-29,
3644,M014771,2026-01-05,
3644,M014771,2026-01-12,
3644,M014771,2026-01-19,
3644,M009050,2025-12-29,
3644,M009050,2026-01-05,
3644,M009050,2026-01-12,
3644,M009050,2026-01-19,
3644,M013962,2025-12-29,
3644,M013962,2026-01-05,
3644,M013962,2026-01-12,
3644,M013962,2026-01-19,
3644,M016641,2025-12-29,
3644,M016641,2026-01-05,
3644,M016641,2026-01-12,
3644,M016641,2026-01-19,
3644,M013477,2025-12-29,
3644,M013477,2026-01-05,
3644,M013477,2026-01-12,
3644,M013477,2026-01-19,
3644,M012665,2025-12-29,
3644,M012665,2026-01-05,
3644,M012665,2026-01-12,
3644,M012665,2026-01-19,
3644,M009371,2025-12-29,
3644,M009371,2026-01-05,
3644,M009371,2026-01-12,
3644,M009371,2026-01-19,
3770,M010132,2025-12-29,
3770,M010132,2026-01-05,
3770,M010132,2026-01-12,
3770,M010132,2026-01-19,
3770,M010253,2025-12-29,
3770,M010253,2026-01-05,
3770,M010253,2026-01-12,
3770,M010253,2026-01-19,
3770,M009518,2025-12-29,
3770,M009518,2026-01-05,
3770,M009518,2026-01-12,
3770,M009518,2026-01-19,
3770,M010868,2025-12-29,
3770,M010868,2026-01-05,
3770,M010868,2026-01-12,
3770,M010868,2026-01-19,
3770,M009651,2025-12-29,
3770,M009651,2026-01-05,
3770,M009651,2026-01-12,
3770,M009651,2026-01-19,
3770,M010038,2025-12-29,
3770,M010038,2026-01-05,
3770,M010038,2026-01-12,
3770,M010038,2026-01-19,
3770,M010788,2025-12-29,
3770,M010788,2026-01-05,
3770,M010788,2026-01-12,
3770,M010788,2026-01-19,
3770,M014013,2025-12-29,
3770,M014013,2026-01-05,
3770,M014013,2026-01-12,
3770,M014013,2026-01-19,
3770,M010882,2025-12-29,
3770,M010882,2026-01-05,
3770,M010882,2026-01-12,
3770,M010882,2026-01-19,
3770,M010200,2025-12-29,
3770,M010200,2026-01-05,
3770,M010200,2026-01-12,
3770,M010200,2026-01-19,
3770,M014771,2025-12-29,
3770,M014771,2026-01-05,
3770,M014771,2026-01-12,
3770,M014771,2026-01-19,
3770,M009594,2025-12-29,
3770,M009594,2026-01-05,
3770,M009594,2026-01-12,
3770,M009594,2026-01-19,
3770,M012115,2025-12-29,
3770,M012115,2026-01-05,
3770,M012115,2026-01-12,
3770,M012115,2026-01-19,
3770,M010532,2025-12-29,
3770,M010532,2026-01-05,
3770,M010532,2026-01-12,
3770,M010532,2026-01-19,
3770,M016311,2025-12-29,
3770,M016311,2026-01-05,
3770,M016311,2026-01-12,
3770,M016311,2026-01-19,
3815,M010788,2025-12-29,
3815,M010788,2026-01-05,
3815,M010788,2026-01-12,
3815,M010788,2026-01-19,
3815,M009371,2025-12-29,
3815,M009371,2026-01-05,
3815,M009371,2026-01-12,
3815,M009371,2026-01-19,
3815,M011232,2025-12-29,
3815,M011232,2026-01-05,
3815,M011232,2026-01-12,
3815,M011232,2026-01-19,
3815,M013086,2025-12-29,
3815,M013086,2026-01-05,
3815,M013086,2026-01-12,
3815,M013086,2026-01-19,
3815,M011075,2025-12-29,
3815,M011075,2026-01-05,
3815,M011075,2026-01-12,
3815,M011075,2026-01-19,
3815,M011086,2025-12-29,
3815,M011086,2026-01-05,
3815,M011086,2026-01-12,
3815,M011086,2026-01-19,
3815,M009050,2025-12-29,
3815,M009050,2026-01-05,
3815,M009050,2026-01-12,
3815,M009050,2026-01-19,
3815,M010082,2025-12-29,
3815,M010082,2026-01-05,
3815,M010082,2026-01-12,
3815,M010082,2026-01-19,
3815,M012115,2025-12-29,
3815,M012115,2026-01-05,
3815,M012115,2026-01-12,
3815,M012115,2026-01-19,
3815,M012706,2025-12-29,
3815,M012706,2026-01-05,
3815,M012706,2026-01-12,
3815,M012706,2026-01-19,
3815,M010200,2025-12-29,
3815,M010200,2026-01-05,
3815,M010200,2026-01-12,
3815,M010200,2026-01-19,
3815,M010676,2025-12-29,
3815,M010676,2026-01-05,
3815,M010676,2026-01-12,
3815,M010676,2026-01-19,
3815,M009542,2025-12-29,
3815,M009542,2026-01-05,
3815,M009542,2026-01-12,
3815,M009542,2026-01-19,
3815,M009284,2025-12-29,
3815,M009284,2026-01-05,
3815,M009284,2026-01-12,
3815,M009284,2026-01-19,
3815,M013220,2025-12-29,
3815,M013220,2026-01-05,
3815,M013220,2026-01-12,
3815,M013220,2026-01-19,
3815,M010079,2025-12-29,
3815,M010079,2026-01-05,
3815,M010079,2026-01-12,
3815,M010079,2026-01-19,
3838,M009630,2025-12-29,
3838,M009630,2026-01-05,
3838,M009630,2026-01-12,
3838,M009630,2026-01-19,
3838,M013962,2025-12-29,
3838,M013962,2026-01-05,
3838,M013962,2026-01-12,
3838,M013962,2026-01-19,
3838,M010253,2025-12-29,
3838,M010253,2026-01-05,
3838,M010253,2026-01-12,
3838,M010253,2026-01-19,
3838,M016311,2025-12-29,
3838,M016311,2026-01-05,
3838,M016311,2026-01-12,
3838,M016311,2026-01-19,
3838,M012706,2025-12-29,
3838,M012706,2026-01-05,
3838,M012706,2026-01-12,
3838,M012706,2026-01-19,
3838,M010868,2025-12-29,
3838,M010868,2026-01-05,
3838,M010868,2026-01-12,
3838,M010868,2026-01-19,
3838,M011339,2025-12-29,
3838,M011339,2026-01-05,
3838,M011339,2026-01-12,
3838,M011339,2026-01-19,
3861,M010676,2025-12-29,
3861,M010676,2026-01-05,
3861,M010676,2026-01-12,
3861,M010676,2026-01-19,
3861,M011232,2025-12-29,
3861,M011232,2026-01-05,
3861,M011232,2026-01-12,
3861,M011232,2026-01-19,
3861,M009970,2025-12-29,
3861,M009970,2026-01-05,
3861,M009970,2026-01-12,
3861,M009970,2026-01-19,
3861,M013086,2025-12-29,
3861,M013086,2026-01-05,
3861,M013086,2026-01-12,
3861,M013086,2026-01-19,
3861,M009648,2025-12-29,
3861,M009648,2026-01-05,
3861,M009648,2026-01-12,
3861,M009648,2026-01-19,
3861,M009630,2025-12-29,
3861,M009630,2026-01-05,
3861,M009630,2026-01-12,
3861,M009630,2026-01-19,
3861,M009898,2025-12-29,
3861,M009898,2026-01-05,
3861,M009898,2026-01-12,
3861,M009898,2026-01-19,
3861,M010200,2025-12-29,
3861,M010200,2026-01-05,
3861,M010200,2026-01-12,
3861,M010200,2026-01-19,
3861,M010788,2025-12-29,
3861,M010788,2026-01-05,
3861,M010788,2026-01-12,
3861,M010788,2026-01-19,
3861,M009284,2025-12-29,
3861,M009284,2026-01-05,
3861,M009284,2026-01-12,
3861,M009284,2026-01-19,
3861,M012115,2025-12-29,
3861,M012115,2026-01-05,
3861,M012115,2026-01-12,
3861,M012115,2026-01-19,
3861,M011339,2025-12-29,
3861,M011339,2026-01-05,
3861,M011339,2026-01-12,
3861,M011339,2026-01-19,
3861,M010868,2025-12-29,
3861,M010868,2026-01-05,
3861,M010868,2026-01-12,
3861,M010868,2026-01-19,
3861,M009050,2025-12-29,
3861,M009050,2026-01-05,
3861,M009050,2026-01-12,
3861,M009050,2026-01-19,
3861,M010204,2025-12-29,
3861,M010204,2026-01-05,
3861,M010204,2026-01-12,
3861,M010204,2026-01-19,
3861,M009651,2025-12-29,
3861,M009651,2026-01-05,
3861,M009651,2026-01-12,
3861,M009651,2026-01-19,
3861,M009518,2025-12-29,
3861,M009518,2026-01-05,
3861,M009518,2026-01-12,
3861,M009518,2026-01-19,
3861,M011075,2025-12-29,
3861,M011075,2026-01-05,
3861,M011075,2026-01-12,
3861,M011075,2026-01-19,
3861,M013294,2025-12-29,
3861,M013294,2026-01-05,
3861,M013294,2026-01-12,
3861,M013294,2026-01-19,
3861,M010184,2025-12-29,
3861,M010184,2026-01-05,
3861,M010184,2026-01-12,
3861,M010184,2026-01-19,
3861,M014013,2025-12-29,
3861,M014013,2026-01-05,
3861,M014013,2026-01-12,
3861,M014013,2026-01-19,
3861,M010453,2025-12-29,
3861,M010453,2026-01-05,
3861,M010453,2026-01-12,
3861,M010453,2026-01-19,
3861,M012665,2025-12-29,
3861,M012665,2026-01-05,
3861,M012665,2026-01-12,
3861,M012665,2026-01-19,
3861,M012706,2025-12-29,
3861,M012706,2026-01-05,
3861,M012706,2026-01-12,
3861,M012706,2026-01-19,
3861,M010532,2025-12-29,
3861,M010532,2026-01-05,
3861,M010532,2026-01-12,
3861,M010532,2026-01-19,
3861,M010882,2025-12-29,
3861,M010882,2026-01-05,
3861,M010882,2026-01-12,
3861,M010882,2026-01-19,
3861,M009072,2025-12-29,
3861,M009072,2026-01-05,
3861,M009072,2026-01-12,
3861,M009072,2026-01-19,
3861,M016311,2025-12-29,
3861,M016311,2026-01-05,
3861,M016311,2026-01-12,
3861,M016311,2026-01-19,
3861,M013962,2025-12-29,
3861,M013962,2026-01-05,
3861,M013962,2026-01-12,
3861,M013962,2026-01-19,
3861,M013477,2025-12-29,
3861,M013477,2026-01-05,
3861,M013477,2026-01-12,
3861,M013477,2026-01-19,
3861,M010771,2025-12-29,
3861,M010771,2026-01-05,
3861,M010771,2026-01-12,
3861,M010771,2026-01-19,
3861,M010079,2025-12-29,
3861,M010079,2026-01-05,
3861,M010079,2026-01-12,
3861,M010079,2026-01-19,
3861,M010253,2025-12-29,
3861,M010253,2026-01-05,
3861,M010253,2026-01-12,
3861,M010253,2026-01-19,
3861,M013459,2025-12-29,
3861,M013459,2026-01-05,
3861,M013459,2026-01-12,
3861,M013459,2026-01-19,
4061,M011339,2025-12-29,
4061,M011339,2026-01-05,
4061,M011339,2026-01-12,
4061,M011339,2026-01-19,
4061,M013086,2025-12-29,
4061,M013086,2026-01-05,
4061,M013086,2026-01-12,
4061,M013086,2026-01-19,
4061,M009651,2025-12-29,
4061,M009651,2026-01-05,
4061,M009651,2026-01-12,
4061,M009651,2026-01-19,
4061,M010038,2025-12-29,
4061,M010038,2026-01-05,
4061,M010038,2026-01-12,
4061,M010038,2026-01-19,
4061,M012115,2025-12-29,
4061,M012115,2026-01-05,
4061,M012115,2026-01-12,
4061,M012115,2026-01-19,
4061,M010771,2025-12-29,
4061,M010771,2026-01-05,
4061,M010771,2026-01-12,
4061,M010771,2026-01-19,
4061,M013477,2025-12-29,
4061,M013477,2026-01-05,
4061,M013477,2026-01-12,
4061,M013477,2026-01-19,
4061,M012860,2025-12-29,
4061,M012860,2026-01-05,
4061,M012860,2026-01-12,
4061,M012860,2026-01-19,
4061,M009072,2025-12-29,
4061,M009072,2026-01-05,
4061,M009072,2026-01-12,
4061,M009072,2026-01-19,
4061,M013962,2025-12-29,
4061,M013962,2026-01-05,
4061,M013962,2026-01-12,
4061,M013962,2026-01-19,
4061,M010862,2025-12-29,
4061,M010862,2026-01-05,
4061,M010862,2026-01-12,
4061,M010862,2026-01-19,
4061,M009371,2025-12-29,
4061,M009371,2026-01-05,
4061,M009371,2026-01-12,
4061,M009371,2026-01-19,
4061,M010253,2025-12-29,
4061,M010253,2026-01-05,
4061,M010253,2026-01-12,
4061,M010253,2026-01-19,
4061,M010079,2025-12-29,
4061,M010079,2026-01-05,
4061,M010079,2026-01-12,
4061,M010079,2026-01-19,
4154,M009050,2025-12-29,
4154,M009050,2026-01-05,
4154,M009050,2026-01-12,
4154,M009050,2026-01-19,
4154,M010208,2025-12-29,
4154,M010208,2026-01-05,
4154,M010208,2026-01-12,
4154,M010208,2026-01-19,
4154,M009648,2025-12-29,
4154,M009648,2026-01-05,
4154,M009648,2026-01-12,
4154,M009648,2026-01-19,
4154,M009898,2025-12-29,
4154,M009898,2026-01-05,
4154,M009898,2026-01-12,
4154,M009898,2026-01-19,
4154,M009542,2025-12-29,
4154,M009542,2026-01-05,
4154,M009542,2026-01-12,
4154,M009542,2026-01-19,
4154,M010882,2025-12-29,
4154,M010882,2026-01-05,
4154,M010882,2026-01-12,
4154,M010882,2026-01-19,
4154,M009284,2025-12-29,
4154,M009284,2026-01-05,
4154,M009284,2026-01-12,
4154,M009284,2026-01-19,
4154,M013220,2025-12-29,
4154,M013220,2026-01-05,
4154,M013220,2026-01-12,
4154,M013220,2026-01-19,
4154,M016311,2025-12-29,
4154,M016311,2026-01-05,
4154,M016311,2026-01-12,
4154,M016311,2026-01-19,
4154,M010132,2025-12-29,
4154,M010132,2026-01-05,
4154,M010132,2026-01-12,
4154,M010132,2026-01-19,
4154,M010862,2025-12-29,
4154,M010862,2026-01-05,
4154,M010862,2026-01-12,
4154,M010862,2026-01-19,
4154,M014013,2025-12-29,
4154,M014013,2026-01-05,
4154,M014013,2026-01-12,
4154,M014013,2026-01-19,
4154,M013294,2025-12-29,
4154,M013294,2026-01-05,
4154,M013294,2026-01-12,
4154,M013294,2026-01-19,
4154,M011339,2025-12-29,
4154,M011339,2026-01-05,
4154,M011339,2026-01-12,
4154,M011339,2026-01-19,
4154,M009594,2025-12-29,
4154,M009594,2026-01-05,
4154,M009594,2026-01-12,
4154,M009594,2026-01-19,
4154,M012665,2025-12-29,
4154,M012665,2026-01-05,
4154,M012665,2026-01-12,
4154,M012665,2026-01-19,
4154,M012706,2025-12-29,
4154,M012706,2026-01-05,
4154,M012706,2026-01-12,
4154,M012706,2026-01-19,
4154,M010038,2025-12-29,
4154,M010038,2026-01-05,
4154,M010038,2026-01-12,
4154,M010038,2026-01-19,
4224,M009371,2025-12-29,
4224,M009371,2026-01-05,
4224,M009371,2026-01-12,
4224,M009371,2026-01-19,
4224,M010184,2025-12-29,
4224,M010184,2026-01-05,
4224,M010184,2026-01-12,
4224,M010184,2026-01-19,
4224,M010132,2025-12-29,
4224,M010132,2026-01-05,
4224,M010132,2026-01-12,
4224,M010132,2026-01-19,
4224,M013220,2025-12-29,
4224,M013220,2026-01-05,
4224,M013220,2026-01-12,
4224,M013220,2026-01-19,
4224,M012706,2025-12-29,
4224,M012706,2026-01-05,
4224,M012706,2026-01-12,
4224,M012706,2026-01-19,
4224,M010862,2025-12-29,
4224,M010862,2026-01-05,
4224,M010862,2026-01-12,
4224,M010862,2026-01-19,
4224,M012115,2025-12-29,
4224,M012115,2026-01-05,
4224,M012115,2026-01-12,
4224,M012115,2026-01-19,
4224,M010038,2025-12-29,
4224,M010038,2026-01-05,
4224,M010038,2026-01-12,
4224,M010038,2026-01-19,
4224,M009648,2025-12-29,
4224,M009648,2026-01-05,
4224,M009648,2026-01-12,
4224,M009648,2026-01-19,
4245,M014013,2025-12-29,
4245,M014013,2026-01-05,
4245,M014013,2026-01-12,
4245,M014013,2026-01-19,
4245,M009284,2025-12-29,
4245,M009284,2026-01-05,
4245,M009284,2026-01-12,
4245,M009284,2026-01-19,
4245,M013220,2025-12-29,
4245,M013220,2026-01-05,
4245,M013220,2026-01-12,
4245,M013220,2026-01-19,
4245,M016641,2025-12-29,
4245,M016641,2026-01-05,
4245,M016641,2026-01-12,
4245,M016641,2026-01-19,
4245,M013459,2025-12-29,
4245,M013459,2026-01-05,
4245,M013459,2026-01-12,
4245,M013459,2026-01-19,
4245,M011075,2025-12-29,
4245,M011075,2026-01-05,
4245,M011075,2026-01-12,
4245,M011075,2026-01-19,
4245,M010868,2025-12-29,
4245,M010868,2026-01-05,
4245,M010868,2026-01-12,
4245,M010868,2026-01-19,
4245,M009898,2025-12-29,
4245,M009898,2026-01-05,
4245,M009898,2026-01-12,
4245,M009898,2026-01-19,
4245,M010788,2025-12-29,
4245,M010788,2026-01-05,
4245,M010788,2026-01-12,
4245,M010788,2026-01-19,
4245,M009970,2025-12-29,
4245,M009970,2026-01-05,
4245,M009970,2026-01-12,
4245,M009970,2026-01-19,
4245,M014771,2025-12-29,
4245,M014771,2026-01-05,
4245,M014771,2026-01-12,
4245,M014771,2026-01-19,
4245,M010208,2025-12-29,
4245,M010208,2026-01-05,
4245,M010208,2026-01-12,
4245,M010208,2026-01-19,
4245,M010453,2025-12-29,
4245,M010453,2026-01-05,
4245,M010453,2026-01-12,
4245,M010453,2026-01-19,
4245,M010882,2025-12-29,
4245,M010882,2026-01-05,
4245,M010882,2026-01-12,
4245,M010882,2026-01-19,
4245,M011232,2025-12-29,
4245,M011232,2026-01-05,
4245,M011232,2026-01-12,
4245,M011232,2026-01-19,
4245,M010204,2025-12-29,
4245,M010204,2026-01-05,
4245,M010204,2026-01-12,
4245,M010204,2026-01-19,
4245,M009630,2025-12-29,
4245,M009630,2026-01-05,
4245,M009630,2026-01-12,
4245,M009630,2026-01-19,
4245,M010676,2025-12-29,
4245,M010676,2026-01-05,
4245,M010676,2026-01-12,
4245,M010676,2026-01-19,
4245,M010532,2025-12-29,
4245,M010532,2026-01-05,
4245,M010532,2026-01-12,
4245,M010532,2026-01-19,
4270,M010862,2025-12-29,
4270,M010862,2026-01-05,
4270,M010862,2026-01-12,
4270,M010862,2026-01-19,
4270,M009630,2025-12-29,
4270,M009630,2026-01-05,
4270,M009630,2026-01-12,
4270,M009630,2026-01-19,
4270,M009651,2025-12-29,
4270,M009651,2026-01-05,
4270,M009651,2026-01-12,
4270,M009651,2026-01-19,
4270,M010453,2025-12-29,
4270,M010453,2026-01-05,
4270,M010453,2026-01-12,
4270,M010453,2026-01-19,
4270,M010532,2025-12-29,
4270,M010532,2026-01-05,
4270,M010532,2026-01-12,
4270,M010532,2026-01-19,
4270,M009970,2025-12-29,
4270,M009970,2026-01-05,
4270,M009970,2026-01-12,
4270,M009970,2026-01-19,
4270,M013962,2025-12-29,
4270,M013962,2026-01-05,
4270,M013962,2026-01-12,
4270,M013962,2026-01-19,
4270,M009898,2025-12-29,
4270,M009898,2026-01-05,
4270,M009898,2026-01-12,
4270,M009898,2026-01-19,
4270,M010132,2025-12-29,
4270,M010132,2026-01-05,
4270,M010132,2026-01-12,
4270,M010132,2026-01-19,
4445,M013220,2025-12-29,
4445,M013220,2026-01-05,
4445,M013220,2026-01-12,
4445,M013220,2026-01-19,
4445,M014771,2025-12-29,
4445,M014771,2026-01-05,
4445,M014771,2026-01-12,
4445,M014771,2026-01-19,
4445,M013459,2025-12-29,
4445,M013459,2026-01-05,
4445,M013459,2026-01-12,
4445,M013459,2026-01-19,
4445,M009630,2025-12-29,
4445,M009630,2026-01-05,
4445,M009630,2026-01-12,
4445,M009630,2026-01-19,
4445,M010208,2025-12-29,
4445,M010208,2026-01-05,
4445,M010208,2026-01-12,
4445,M010208,2026-01-19,
4445,M011232,2025-12-29,
4445,M011232,2026-01-05,
4445,M011232,2026-01-12,
4445,M011232,2026-01-19,
4445,M010253,2025-12-29,
4445,M010253,2026-01-05,
4445,M010253,2026-01-12,
4445,M010253,2026-01-19,
4445,M011339,2025-12-29,
4445,M011339,2026-01-05,
4445,M011339,2026-01-12,
4445,M011339,2026-01-19,
4445,M013294,2025-12-29,
4445,M013294,2026-01-05,
4445,M013294,2026-01-12,
4445,M013294,2026-01-19,
4445,M012860,2025-12-29,
4445,M012860,2026-01-05,
4445,M012860,2026-01-12,
4445,M012860,2026-01-19,
4445,M010771,2025-12-29,
4445,M010771,2026-01-05,
4445,M010771,2026-01-12,
4445,M010771,2026-01-19,
4445,M009050,2025-12-29,
4445,M009050,2026-01-05,
4445,M009050,2026-01-12,
4445,M009050,2026-01-19,
4445,M012115,2025-12-29,
4445,M012115,2026-01-05,
4445,M012115,2026-01-12,
4445,M012115,2026-01-19,
4651,M010204,2025-12-29,
4651,M010204,2026-01-05,
4651,M010204,2026-01-12,
4651,M010204,2026-01-19,
4651,M010771,2025-12-29,
4651,M010771,2026-01-05,
4651,M010771,2026-01-12,
4651,M010771,2026-01-19,
4651,M010200,2025-12-29,
4651,M010200,2026-01-05,
4651,M010200,2026-01-12,
4651,M010200,2026-01-19,
4651,M010882,2025-12-29,
4651,M010882,2026-01-05,
4651,M010882,2026-01-12,
4651,M010882,2026-01-19,
4651,M011339,2025-12-29,
4651,M011339,2026-01-05,
4651,M011339,2026-01-12,
4651,M011339,2026-01-19,
4651,M013477,2025-12-29,
4651,M013477,2026-01-05,
4651,M013477,2026-01-12,
4651,M013477,2026-01-19,
4651,M009648,2025-12-29,
4651,M009648,2026-01-05,
4651,M009648,2026-01-12,
4651,M009648,2026-01-19,
4651,M012115,2025-12-29,
4651,M012115,2026-01-05,
4651,M012115,2026-01-12,
4651,M012115,2026-01-19,
4651,M013459,2025-12-29,
4651,M013459,2026-01-05,
4651,M013459,2026-01-12,
4651,M013459,2026-01-19,
4651,M016311,2025-12-29,
4651,M016311,2026-01-05,
4651,M016311,2026-01-12,
4651,M016311,2026-01-19,
4651,M013086,2025-12-29,
4651,M013086,2026-01-05,
4651,M013086,2026-01-12,
4651,M013086,2026-01-19,
4651,M009518,2025-12-29,
4651,M009518,2026-01-05,
4651,M009518,2026-01-12,
4651,M009518,2026-01-19,
4651,M013294,2025-12-29,
4651,M013294,2026-01-05,
4651,M013294,2026-01-12,
4651,M013294,2026-01-19,
4651,M010208,2025-12-29,
4651,M010208,2026-01-05,
4651,M010208,2026-01-12,
4651,M010208,2026-01-19,
4651,M012860,2025-12-29,
4651,M012860,2026-01-05,
4651,M012860,2026-01-12,
4651,M012860,2026-01-19,
4651,M010075,2025-12-29,
4651,M010075,2026-01-05,
4651,M010075,2026-01-12,
4651,M010075,2026-01-19,
4651,M010184,2025-12-29,
4651,M010184,2026-01-05,
4651,M010184,2026-01-12,
4651,M010184,2026-01-19,
4651,M009364,2025-12-29,
4651,M009364,2026-01-05,
4651,M009364,2026-01-12,
4651,M009364,2026-01-19,
4651,M013962,2025-12-29,
4651,M013962,2026-01-05,
4651,M013962,2026-01-12,
4651,M013962,2026-01-19,
4651,M010868,2025-12-29,
4651,M010868,2026-01-05,
4651,M010868,2026-01-12,
4651,M010868,2026-01-19,
4651,M012706,2025-12-29,
4651,M012706,2026-01-05,
4651,M012706,2026-01-12,
4651,M012706,2026-01-19,
4651,M009284,2025-12-29,
4651,M009284,2026-01-05,
4651,M009284,2026-01-12,
4651,M009284,2026-01-19,
4651,M011086,2025-12-29,
4651,M011086,2026-01-05,
4651,M011086,2026-01-12,
4651,M011086,2026-01-19,
4651,M010453,2025-12-29,
4651,M010453,2026-01-05,
4651,M010453,2026-01-12,
4651,M010453,2026-01-19,
4651,M009371,2025-12-29,
4651,M009371,2026-01-05,
4651,M009371,2026-01-12,
4651,M009371,2026-01-19,
4887,M011075,2025-12-29,
4887,M011075,2026-01-05,
4887,M011075,2026-01-12,
4887,M011075,2026-01-19,
4887,M016641,2025-12-29,
4887,M016641,2026-01-05,
4887,M016641,2026-01-12,
4887,M016641,2026-01-19,
4887,M009970,2025-12-29,
4887,M009970,2026-01-05,
4887,M009970,2026-01-12,
4887,M009970,2026-01-19,
4887,M010788,2025-12-29,
4887,M010788,2026-01-05,
4887,M010788,2026-01-12,
4887,M010788,2026-01-19,
4887,M012665,2025-12-29,
4887,M012665,2026-01-05,
4887,M012665,2026-01-12,
4887,M012665,2026-01-19,
4887,M010204,2025-12-29,
4887,M010204,2026-01-05,
4887,M010204,2026-01-12,
4887,M010204,2026-01-19,
4887,M016350,2025-12-29,
4887,M016350,2026-01-05,
4887,M016350,2026-01-12,
4887,M016350,2026-01-19,
4887,M010208,2025-12-29,
4887,M010208,2026-01-05,
4887,M010208,2026-01-12,
4887,M010208,2026-01-19,
4887,M009050,2025-12-29,
4887,M009050,2026-01-05,
4887,M009050,2026-01-12,
4887,M009050,2026-01-19,
4887,M011232,2025-12-29,
4887,M011232,2026-01-05,
4887,M011232,2026-01-12,
4887,M011232,2026-01-19,
4887,M009630,2025-12-29,
4887,M009630,2026-01-05,
4887,M009630,2026-01-12,
4887,M009630,2026-01-19,
4887,M009594,2025-12-29,
4887,M009594,2026-01-05,
4887,M009594,2026-01-12,
4887,M009594,2026-01-19,
4887,M010862,2025-12-29,
4887,M010862,2026-01-05,
4887,M010862,2026-01-12,
4887,M010862,2026-01-19,
4969,M013477,2025-12-29,
4969,M013477,2026-01-05,
4969,M013477,2026-01-12,
4969,M013477,2026-01-19,
4969,M010771,2025-12-29,
4969,M010771,2026-01-05,
4969,M010771,2026-01-12,
4969,M010771,2026-01-19,
4969,M016350,2025-12-29,
4969,M016350,2026-01-05,
4969,M016350,2026-01-12,
4969,M016350,2026-01-19,
4969,M010862,2025-12-29,
4969,M010862,2026-01-05,
4969,M010862,2026-01-12,
4969,M010862,2026-01-19,
4969,M009648,2025-12-29,
4969,M009648,2026-01-05,
4969,M009648,2026-01-12,
4969,M009648,2026-01-19,
4969,M012706,2025-12-29,
4969,M012706,2026-01-05,
4969,M012706,2026-01-12,
4969,M012706,2026-01-19,
4969,M009542,2025-12-29,
4969,M009542,2026-01-05,
4969,M009542,2026-01-12,
4969,M009542,2026-01-19,
4969,M013086,2025-12-29,
4969,M013086,2026-01-05,
4969,M013086,2026-01-12,
4969,M013086,2026-01-19,
4969,M009651,2025-12-29,
4969,M009651,2026-01-05,
4969,M009651,2026-01-12,
4969,M009651,2026-01-19,
4969,M010038,2025-12-29,
4969,M010038,2026-01-05,
4969,M010038,2026-01-12,
4969,M010038,2026-01-19,
4969,M012665,2025-12-29,
4969,M012665,2026-01-05,
4969,M012665,2026-01-12,
4969,M012665,2026-01-19,
4969,M010132,2025-12-29,
4969,M010132,2026-01-05,
4969,M010132,2026-01-12,
4969,M010132,2026-01-19,
4969,M016641,2025-12-29,
4969,M016641,2026-01-05,
4969,M016641,2026-01-12,
4969,M016641,2026-01-19,
4969,M009072,2025-12-29,
4969,M009072,2026-01-05,
4969,M009072,2026-01-12,
4969,M009072,2026-01-19,
4969,M009594,2025-12-29,
4969,M009594,2026-01-05,
4969,M009594,2026-01-12,
4969,M009594,2026-01-19,
4969,M009970,2025-12-29,
4969,M009970,2026-01-05,
4969,M009970,2026-01-12,
4969,M009970,2026-01-19,
4969,M010075,2025-12-29,
4969,M010075,2026-01-05,
4969,M010075,2026-01-12,
4969,M010075,2026-01-19,
4969,M009371,2025-12-29,
4969,M009371,2026-01-05,
4969,M009371,2026-01-12,
4969,M009371,2026-01-19,
5119,M009648,2025-12-29,
5119,M009648,2026-01-05,
5119,M009648,2026-01-12,
5119,M009648,2026-01-19,
5119,M009371,2025-12-29,
5119,M009371,2026-01-05,
5119,M009371,2026-01-12,
5119,M009371,2026-01-19,
5119,M010862,2025-12-29,
5119,M010862,2026-01-05,
5119,M010862,2026-01-12,
5119,M010862,2026-01-19,
5119,M009630,2025-12-29,
5119,M009630,2026-01-05,
5119,M009630,2026-01-12,
5119,M009630,2026-01-19,
5119,M010082,2025-12-29,
5119,M010082,2026-01-05,
5119,M010082,2026-01-12,
5119,M010082,2026-01-19,
5119,M009072,2025-12-29,
5119,M009072,2026-01-05,
5119,M009072,2026-01-12,
5119,M009072,2026-01-19,
5119,M011232,2025-12-29,
5119,M011232,2026-01-05,
5119,M011232,2026-01-12,
5119,M011232,2026-01-19,
5119,M011075,2025-12-29,
5119,M011075,2026-01-05,
5119,M011075,2026-01-12,
5119,M011075,2026-01-19,
5119,M012665,2025-12-29,
5119,M012665,2026-01-05,
5119,M012665,2026-01-12,
5119,M012665,2026-01-19,
5301,M010868,2025-12-29,
5301,M010868,2026-01-05,
5301,M010868,2026-01-12,
5301,M010868,2026-01-19,
5301,M012706,2025-12-29,
5301,M012706,2026-01-05,
5301,M012706,2026-01-12,
5301,M012706,2026-01-19,
5301,M013086,2025-12-29,
5301,M013086,2026-01-05,
5301,M013086,2026-01-12,
5301,M013086,2026-01-19,
5301,M010862,2025-12-29,
5301,M010862,2026-01-05,
5301,M010862,2026-01-12,
5301,M010862,2026-01-19,
5301,M012665,2025-12-29,
5301,M012665,2026-01-05,
5301,M012665,2026-01-12,
5301,M012665,2026-01-19,
5301,M010132,2025-12-29,
5301,M010132,2026-01-05,
5301,M010132,2026-01-12,
5301,M010132,2026-01-19,
5301,M011086,2025-12-29,
5301,M011086,2026-01-05,
5301,M011086,2026-01-12,
5301,M011086,2026-01-19,
5301,M011232,2025-12-29,
5301,M011232,2026-01-05,
5301,M011232,2026-01-12,
5301,M011232,2026-01-19,
5301,M014013,2025-12-29,
5301,M014013,2026-01-05,
5301,M014013,2026-01-12,
5301,M014013,2026-01-19,
5301,M009648,2025-12-29,
5301,M009648,2026-01-05,
5301,M009648,2026-01-12,
5301,M009648,2026-01-19,
5301,M009371,2025-12-29,
5301,M009371,2026-01-05,
5301,M009371,2026-01-12,
5301,M009371,2026-01-19,
5301,M014771,2025-12-29,
5301,M014771,2026-01-05,
5301,M014771,2026-01-12,
5301,M014771,2026-01-19,
5301,M010204,2025-12-29,
5301,M010204,2026-01-05,
5301,M010204,2026-01-12,
5301,M010204,2026-01-19,
5301,M010082,2025-12-29,
5301,M010082,2026-01-05,
5301,M010082,2026-01-12,
5301,M010082,2026-01-19,
5301,M010075,2025-12-29,
5301,M010075,2026-01-05,
5301,M010075,2026-01-12,
5301,M010075,2026-01-19,
5301,M010079,2025-12-29,
5301,M010079,2026-01-05,
5301,M010079,2026-01-12,
5301,M010079,2026-01-19,
5301,M009594,2025-12-29,
5301,M009594,2026-01-05,
5301,M009594,2026-01-12,
5301,M009594,2026-01-19,
5301,M010882,2025-12-29,
5301,M010882,2026-01-05,
5301,M010882,2026-01-12,
5301,M010882,2026-01-19,
5301,M012860,2025-12-29,
5301,M012860,2026-01-05,
5301,M012860,2026-01-12,
5301,M012860,2026-01-19,
5326,M011075,2025-12-29,
5326,M011075,2026-01-05,
5326,M011075,2026-01-12,
5326,M011075,2026-01-19,
5326,M016311,2025-12-29,
5326,M016311,2026-01-05,
5326,M016311,2026-01-12,
5326,M016311,2026-01-19,
5326,M010868,2025-12-29,
5326,M010868,2026-01-05,
5326,M010868,2026-01-12,
5326,M010868,2026-01-19,
5326,M009072,2025-12-29,
5326,M009072,2026-01-05,
5326,M009072,2026-01-12,
5326,M009072,2026-01-19,
5326,M010200,2025-12-29,
5326,M010200,2026-01-05,
5326,M010200,2026-01-12,
5326,M010200,2026-01-19,
5326,M010204,2025-12-29,
5326,M010204,2026-01-05,
5326,M010204,2026-01-12,
5326,M010204,2026-01-19,
5326,M010532,2025-12-29,
5326,M010532,2026-01-05,
5326,M010532,2026-01-12,
5326,M010532,2026-01-19,
5326,M013477,2025-12-29,
5326,M013477,2026-01-05,
5326,M013477,2026-01-12,
5326,M013477,2026-01-19,
5326,M010208,2025-12-29,
5326,M010208,2026-01-05,
5326,M010208,2026-01-12,
5326,M010208,2026-01-19,
5326,M010771,2025-12-29,
5326,M010771,2026-01-05,
5326,M010771,2026-01-12,
5326,M010771,2026-01-19,
5326,M009371,2025-12-29,
5326,M009371,2026-01-05,
5326,M009371,2026-01-12,
5326,M009371,2026-01-19,
5495,M009050,2025-12-29,
5495,M009050,2026-01-05,
5495,M009050,2026-01-12,
5495,M009050,2026-01-19,
5495,M012860,2025-12-29,
5495,M012860,2026-01-05,
5495,M012860,2026-01-12,
5495,M012860,2026-01-19,
5495,M013962,2025-12-29,
5495,M013962,2026-01-05,
5495,M013962,2026-01-12,
5495,M013962,2026-01-19,
5495,M013477,2025-12-29,
5495,M013477,2026-01-05,
5495,M013477,2026-01-12,
5495,M013477,2026-01-19,
5495,M010082,2025-12-29,
5495,M010082,2026-01-05,
5495,M010082,2026-01-12,
5495,M010082,2026-01-19,
5495,M009518,2025-12-29,
5495,M009518,2026-01-05,
5495,M009518,2026-01-12,
5495,M009518,2026-01-19,
5495,M009371,2025-12-29,
5495,M009371,2026-01-05,
5495,M009371,2026-01-12,
5495,M009371,2026-01-19,
5495,M016641,2025-12-29,
5495,M016641,2026-01-05,
5495,M016641,2026-01-12,
5495,M016641,2026-01-19,
5495,M010453,2025-12-29,
5495,M010453,2026-01-05,
5495,M010453,2026-01-12,
5495,M010453,2026-01-19,
5495,M016311,2025-12-29,
5495,M016311,2026-01-05,
5495,M016311,2026-01-12,
5495,M016311,2026-01-19,
5495,M012115,2025-12-29,
5495,M012115,2026-01-05,
5495,M012115,2026-01-12,
5495,M012115,2026-01-19,
5495,M010253,2025-12-29,
5495,M010253,2026-01-05,
5495,M010253,2026-01-12,
5495,M010253,2026-01-19,
5495,M011075,2025-12-29,
5495,M011075,2026-01-05,
5495,M011075,2026-01-12,
5495,M011075,2026-01-19,
5528,M010788,2025-12-29,
5528,M010788,2026-01-05,
5528,M010788,2026-01-12,
5528,M010788,2026-01-19,
5528,M012665,2025-12-29,
5528,M012665,2026-01-05,
5528,M012665,2026-01-12,
5528,M012665,2026-01-19,
5528,M013220,2025-12-29,
5528,M013220,2026-01-05,
5528,M013220,2026-01-12,
5528,M013220,2026-01-19,
5528,M010132,2025-12-29,
5528,M010132,2026-01-05,
5528,M010132,2026-01-12,
5528,M010132,2026-01-19,
5528,M010862,2025-12-29,
5528,M010862,2026-01-05,
5528,M010862,2026-01-12,
5528,M010862,2026-01-19,
5528,M009594,2025-12-29,
5528,M009594,2026-01-05,
5528,M009594,2026-01-12,
5528,M009594,2026-01-19,
5528,M009898,2025-12-29,
5528,M009898,2026-01-05,
5528,M009898,2026-01-12,
5528,M009898,2026-01-19,
5528,M010253,2025-12-29,
5528,M010253,2026-01-05,
5528,M010253,2026-01-12,
5528,M010253,2026-01-19,
5528,M011075,2025-12-29,
5528,M011075,2026-01-05,
5528,M011075,2026-01-12,
5528,M011075,2026-01-19,
5528,M009072,2025-12-29,
5528,M009072,2026-01-05,
5528,M009072,2026-01-12,
5528,M009072,2026-01-19,
5528,M010676,2025-12-29,
5528,M010676,2026-01-05,
5528,M010676,2026-01-12,
5528,M010676,2026-01-19,
5587,M010882,2025-12-29,
5587,M010882,2026-01-05,
5587,M010882,2026-01-12,
5587,M010882,2026-01-19,
5587,M012706,2025-12-29,
5587,M012706,2026-01-05,
5587,M012706,2026-01-12,
5587,M012706,2026-01-19,
5587,M011086,2025-12-29,
5587,M011086,2026-01-05,
5587,M011086,2026-01-12,
5587,M011086,2026-01-19,
5587,M013459,2025-12-29,
5587,M013459,2026-01-05,
5587,M013459,2026-01-12,
5587,M013459,2026-01-19,
5587,M009648,2025-12-29,
5587,M009648,2026-01-05,
5587,M009648,2026-01-12,
5587,M009648,2026-01-19,
5587,M014771,2025-12-29,
5587,M014771,2026-01-05,
5587,M014771,2026-01-12,
5587,M014771,2026-01-19,
5587,M011075,2025-12-29,
5587,M011075,2026-01-05,
5587,M011075,2026-01-12,
5587,M011075,2026-01-19,
5587,M010204,2025-12-29,
5587,M010204,2026-01-05,
5587,M010204,2026-01-12,
5587,M010204,2026-01-19,
5587,M010676,2025-12-29,
5587,M010676,2026-01-05,
5587,M010676,2026-01-12,
5587,M010676,2026-01-19,
5587,M014013,2025-12-29,
5587,M014013,2026-01-05,
5587,M014013,2026-01-12,
5587,M014013,2026-01-19,
5587,M013086,2025-12-29,
5587,M013086,2026-01-05,
5587,M013086,2026-01-12,
5587,M013086,2026-01-19,
5587,M010208,2025-12-29,
5587,M010208,2026-01-05,
5587,M010208,2026-01-12,
5587,M010208,2026-01-19,
5587,M009371,2025-12-29,
5587,M009371,2026-01-05,
5587,M009371,2026-01-12,
5587,M009371,2026-01-19,
5587,M009284,2025-12-29,
5587,M009284,2026-01-05,
5587,M009284,2026-01-12,
5587,M009284,2026-01-19,
5698,M010882,2025-12-29,
5698,M010882,2026-01-05,
5698,M010882,2026-01-12,
5698,M010882,2026-01-19,
5698,M009284,2025-12-29,
5698,M009284,2026-01-05,
5698,M009284,2026-01-12,
5698,M009284,2026-01-19,
5698,M016311,2025-12-29,
5698,M016311,2026-01-05,
5698,M016311,2026-01-12,
5698,M016311,2026-01-19,
5698,M013962,2025-12-29,
5698,M013962,2026-01-05,
5698,M013962,2026-01-12,
5698,M013962,2026-01-19,
5698,M014771,2025-12-29,
5698,M014771,2026-01-05,
5698,M014771,2026-01-12,
5698,M014771,2026-01-19,
5698,M010200,2025-12-29,
5698,M010200,2026-01-05,
5698,M010200,2026-01-12,
5698,M010200,2026-01-19,
5698,M010075,2025-12-29,
5698,M010075,2026-01-05,
5698,M010075,2026-01-12,
5698,M010075,2026-01-19,
5865,M010676,2025-12-29,
5865,M010676,2026-01-05,
5865,M010676,2026-01-12,
5865,M010676,2026-01-19,
5865,M010771,2025-12-29,
5865,M010771,2026-01-05,
5865,M010771,2026-01-12,
5865,M010771,2026-01-19,
5865,M009651,2025-12-29,
5865,M009651,2026-01-05,
5865,M009651,2026-01-12,
5865,M009651,2026-01-19,
5865,M014013,2025-12-29,
5865,M014013,2026-01-05,
5865,M014013,2026-01-12,
5865,M014013,2026-01-19,
5865,M016311,2025-12-29,
5865,M016311,2026-01-05,
5865,M016311,2026-01-12,
5865,M016311,2026-01-19,
5865,M010075,2025-12-29,
5865,M010075,2026-01-05,
5865,M010075,2026-01-12,
5865,M010075,2026-01-19,
5865,M010132,2025-12-29,
5865,M010132,2026-01-05,
5865,M010132,2026-01-12,
5865,M010132,2026-01-19,
5865,M009284,2025-12-29,
5865,M009284,2026-01-05,
5865,M009284,2026-01-12,
5865,M009284,2026-01-19,
5865,M013477,2025-12-29,
5865,M013477,2026-01-05,
5865,M013477,2026-01-12,
5865,M013477,2026-01-19,
5865,M009970,2025-12-29,
5865,M009970,2026-01-05,
5865,M009970,2026-01-12,
5865,M009970,2026-01-19,
5865,M012860,2025-12-29,
5865,M012860,2026-01-05,
5865,M012860,2026-01-12,
5865,M012860,2026-01-19,
5865,M010208,2025-12-29,
5865,M010208,2026-01-05,
5865,M010208,2026-01-12,
5865,M010208,2026-01-19,
5865,M011339,2025-12-29,
5865,M011339,2026-01-05,
5865,M011339,2026-01-12,
5865,M011339,2026-01-19,
5865,M009364,2025-12-29,
5865,M009364,2026-01-05,
5865,M009364,2026-01-12,
5865,M009364,2026-01-19,
5865,M010453,2025-12-29,
5865,M010453,2026-01-05,
5865,M010453,2026-01-12,
5865,M010453,2026-01-19,
5865,M013220,2025-12-29,
5865,M013220,2026-01-05,
5865,M013220,2026-01-12,
5865,M013220,2026-01-19,
5865,M010868,2025-12-29,
5865,M010868,2026-01-05,
5865,M010868,2026-01-12,
5865,M010868,2026-01-19,
5865,M016350,2025-12-29,
5865,M016350,2026-01-05,
5865,M016350,2026-01-12,
5865,M016350,2026-01-19,
5865,M010079,2025-12-29,
5865,M010079,2026-01-05,
5865,M010079,2026-01-12,
5865,M010079,2026-01-19,
5896,M010200,2025-12-29,
5896,M010200,2026-01-05,
5896,M010200,2026-01-12,
5896,M010200,2026-01-19,
5896,M009284,2025-12-29,
5896,M009284,2026-01-05,
5896,M009284,2026-01-12,
5896,M009284,2026-01-19,
5896,M012665,2025-12-29,
5896,M012665,2026-01-05,
5896,M012665,2026-01-12,
5896,M012665,2026-01-19,
5896,M010253,2025-12-29,
5896,M010253,2026-01-05,
5896,M010253,2026-01-12,
5896,M010253,2026-01-19,
5896,M011232,2025-12-29,
5896,M011232,2026-01-05,
5896,M011232,2026-01-12,
5896,M011232,2026-01-19,
5896,M011086,2025-12-29,
5896,M011086,2026-01-05,
5896,M011086,2026-01-12,
5896,M011086,2026-01-19,
5896,M010453,2025-12-29,
5896,M010453,2026-01-05,
5896,M010453,2026-01-12,
5896,M010453,2026-01-19,
5896,M011075,2025-12-29,
5896,M011075,2026-01-05,
5896,M011075,2026-01-12,
5896,M011075,2026-01-19,
5896,M012706,2025-12-29,
5896,M012706,2026-01-05,
5896,M012706,2026-01-12,
5896,M012706,2026-01-19,
5896,M013459,2025-12-29,
5896,M013459,2026-01-05,
5896,M013459,2026-01-12,
5896,M013459,2026-01-19,
5896,M009970,2025-12-29,
5896,M009970,2026-01-05,
5896,M009970,2026-01-12,
5896,M009970,2026-01-19,
5896,M013477,2025-12-29,
5896,M013477,2026-01-05,
5896,M013477,2026-01-12,
5896,M013477,2026-01-19,
5896,M014013,2025-12-29,
5896,M014013,2026-01-05,
5896,M014013,2026-01-12,
5896,M014013,2026-01-19,
5896,M010208,2025-12-29,
5896,M010208,2026-01-05,
5896,M010208,2026-01-12,
5896,M010208,2026-01-19,
5896,M010882,2025-12-29,
5896,M010882,2026-01-05,
5896,M010882,2026-01-12,
5896,M010882,2026-01-19,
5896,M010132,2025-12-29,
5896,M010132,2026-01-05,
5896,M010132,2026-01-12,
5896,M010132,2026-01-19,
5896,M009651,2025-12-29,
5896,M009651,2026-01-05,
5896,M009651,2026-01-12,
5896,M009651,2026-01-19,
5896,M009518,2025-12-29,
5896,M009518,2026-01-05,
5896,M009518,2026-01-12,
5896,M009518,2026-01-19,
5896,M010038,2025-12-29,
5896,M010038,2026-01-05,
5896,M010038,2026-01-12,
5896,M010038,2026-01-19,
5951,M009518,2025-12-29,
5951,M009518,2026-01-05,
5951,M009518,2026-01-12,
5951,M009518,2026-01-19,
5951,M016311,2025-12-29,
5951,M016311,2026-01-05,
5951,M016311,2026-01-12,
5951,M016311,2026-01-19,
5951,M014771,2025-12-29,
5951,M014771,2026-01-05,
5951,M014771,2026-01-12,
5951,M014771,2026-01-19,
5951,M012665,2025-12-29,
5951,M012665,2026-01-05,
5951,M012665,2026-01-12,
5951,M012665,2026-01-19,
5951,M009284,2025-12-29,
5951,M009284,2026-01-05,
5951,M009284,2026-01-12,
5951,M009284,2026-01-19,
5951,M009970,2025-12-29,
5951,M009970,2026-01-05,
5951,M009970,2026-01-12,
5951,M009970,2026-01-19,
5951,M013962,2025-12-29,
5951,M013962,2026-01-05,
5951,M013962,2026-01-12,
5951,M013962,2026-01-19,
5951,M010532,2025-12-29,
5951,M010532,2026-01-05,
5951,M010532,2026-01-12,
5951,M010532,2026-01-19,
5951,M010132,2025-12-29,
5951,M010132,2026-01-05,
5951,M010132,2026-01-12,
5951,M010132,2026-01-19,
5951,M009050,2025-12-29,
5951,M009050,2026-01-05,
5951,M009050,2026-01-12,
5951,M009050,2026-01-19,
5951,M009364,2025-12-29,
5951,M009364,2026-01-05,
5951,M009364,2026-01-12,
5951,M009364,2026-01-19,
5951,M010676,2025-12-29,
5951,M010676,2026-01-05,
5951,M010676,2026-01-12,
5951,M010676,2026-01-19,
5962,M009970,2025-12-29,
5962,M009970,2026-01-05,
5962,M009970,2026-01-12,
5962,M009970,2026-01-19,
5962,M010200,2025-12-29,
5962,M010200,2026-01-05,
5962,M010200,2026-01-12,
5962,M010200,2026-01-19,
5962,M010532,2025-12-29,
5962,M010532,2026-01-05,
5962,M010532,2026-01-12,
5962,M010532,2026-01-19,
5962,M010868,2025-12-29,
5962,M010868,2026-01-05,
5962,M010868,2026-01-12,
5962,M010868,2026-01-19,
5962,M009371,2025-12-29,
5962,M009371,2026-01-05,
5962,M009371,2026-01-12,
5962,M009371,2026-01-19,
5962,M010075,2025-12-29,
5962,M010075,2026-01-05,
5962,M010075,2026-01-12,
5962,M010075,2026-01-19,
5962,M010771,2025-12-29,
5962,M010771,2026-01-05,
5962,M010771,2026-01-12,
5962,M010771,2026-01-19,
5962,M010862,2025-12-29,
5962,M010862,2026-01-05,
5962,M010862,2026-01-12,
5962,M010862,2026-01-19,
5962,M009594,2025-12-29,
5962,M009594,2026-01-05,
5962,M009594,2026-01-12,
5962,M009594,2026-01-19,
5962,M009364,2025-12-29,
5962,M009364,2026-01-05,
5962,M009364,2026-01-12,
5962,M009364,2026-01-19,
5962,M010788,2025-12-29,
5962,M010788,2026-01-05,
5962,M010788,2026-01-12,
5962,M010788,2026-01-19,
5962,M009648,2025-12-29,
5962,M009648,2026-01-05,
5962,M009648,2026-01-12,
5962,M009648,2026-01-19,
5962,M010253,2025-12-29,
5962,M010253,2026-01-05,
5962,M010253,2026-01-12,
5962,M010253,2026-01-19,
5962,M009050,2025-12-29,
5962,M009050,2026-01-05,
5962,M009050,2026-01-12,
5962,M009050,2026-01-19,
5962,M016311,2025-12-29,
5962,M016311,2026-01-05,
5962,M016311,2026-01-12,
5962,M016311,2026-01-19,
5962,M013294,2025-12-29,
5962,M013294,2026-01-05,
5962,M013294,2026-01-12,
5962,M013294,2026-01-19,
6176,M013962,2025-12-29,
6176,M013962,2026-01-05,
6176,M013962,2026-01-12,
6176,M013962,2026-01-19,
6176,M010132,2025-12-29,
6176,M010132,2026-01-05,
6176,M010132,2026-01-12,
6176,M010132,2026-01-19,
6176,M013477,2025-12-29,
6176,M013477,2026-01-05,
6176,M013477,2026-01-12,
6176,M013477,2026-01-19,
6176,M011232,2025-12-29,
6176,M011232,2026-01-05,
6176,M011232,2026-01-12,
6176,M011232,2026-01-19,
6176,M016641,2025-12-29,
6176,M016641,2026-01-05,
6176,M016641,2026-01-12,
6176,M016641,2026-01-19,
6176,M010788,2025-12-29,
6176,M010788,2026-01-05,
6176,M010788,2026-01-12,
6176,M010788,2026-01-19,
6176,M010038,2025-12-29,
6176,M010038,2026-01-05,
6176,M010038,2026-01-12,
6176,M010038,2026-01-19,
6176,M010082,2025-12-29,
6176,M010082,2026-01-05,
6176,M010082,2026-01-12,
6176,M010082,2026-01-19,
6176,M009072,2025-12-29,
6176,M009072,2026-01-05,
6176,M009072,2026-01-12,
6176,M009072,2026-01-19,
6176,M009594,2025-12-29,
6176,M009594,2026-01-05,
6176,M009594,2026-01-12,
6176,M009594,2026-01-19,
6203,M013220,2025-12-29,
6203,M013220,2026-01-05,
6203,M013220,2026-01-12,
6203,M013220,2026-01-19,
6203,M011339,2025-12-29,
6203,M011339,2026-01-05,
6203,M011339,2026-01-12,
6203,M011339,2026-01-19,
6203,M012706,2025-12-29,
6203,M012706,2026-01-05,
6203,M012706,2026-01-12,
6203,M012706,2026-01-19,
6203,M012665,2025-12-29,
6203,M012665,2026-01-05,
6203,M012665,2026-01-12,
6203,M012665,2026-01-19,
6203,M009284,2025-12-29,
6203,M009284,2026-01-05,
6203,M009284,2026-01-12,
6203,M009284,2026-01-19,
6203,M009648,2025-12-29,
6203,M009648,2026-01-05,
6203,M009648,2026-01-12,
6203,M009648,2026-01-19,
6203,M013477,2025-12-29,
6203,M013477,2026-01-05,
6203,M013477,2026-01-12,
6203,M013477,2026-01-19,
6203,M011232,2025-12-29,
6203,M011232,2026-01-05,
6203,M011232,2026-01-12,
6203,M011232,2026-01-19,
6203,M013294,2025-12-29,
6203,M013294,2026-01-05,
6203,M013294,2026-01-12,
6203,M013294,2026-01-19,
6203,M010208,2025-12-29,
6203,M010208,2026-01-05,
6203,M010208,2026-01-12,
6203,M010208,2026-01-19,
6203,M010862,2025-12-29,
6203,M010862,2026-01-05,
6203,M010862,2026-01-12,
6203,M010862,2026-01-19,
6282,M010788,2025-12-29,
6282,M010788,2026-01-05,
6282,M010788,2026-01-12,
6282,M010788,2026-01-19,
6282,M009651,2025-12-29,
6282,M009651,2026-01-05,
6282,M009651,2026-01-12,
6282,M009651,2026-01-19,
6282,M009072,2025-12-29,
6282,M009072,2026-01-05,
6282,M009072,2026-01-12,
6282,M009072,2026-01-19,
6282,M009648,2025-12-29,
6282,M009648,2026-01-05,
6282,M009648,2026-01-12,
6282,M009648,2026-01-19,
6282,M010079,2025-12-29,
6282,M010079,2026-01-05,
6282,M010079,2026-01-12,
6282,M010079,2026-01-19,
6282,M010771,2025-12-29,
6282,M010771,2026-01-05,
6282,M010771,2026-01-12,
6282,M010771,2026-01-19,
6282,M013477,2025-12-29,
6282,M013477,2026-01-05,
6282,M013477,2026-01-12,
6282,M013477,2026-01-19,
6282,M010208,2025-12-29,
6282,M010208,2026-01-05,
6282,M010208,2026-01-12,
6282,M010208,2026-01-19,
6282,M013459,2025-12-29,
6282,M013459,2026-01-05,
6282,M013459,2026-01-12,
6282,M013459,2026-01-19,
6282,M013086,2025-12-29,
6282,M013086,2026-01-05,
6282,M013086,2026-01-12,
6282,M013086,2026-01-19,
6519,M010453,2025-12-29,
6519,M010453,2026-01-05,
6519,M010453,2026-01-12,
6519,M010453,2026-01-19,
6519,M013220,2025-12-29,
6519,M013220,2026-01-05,
6519,M013220,2026-01-12,
6519,M013220,2026-01-19,
6519,M009651,2025-12-29,
6519,M009651,2026-01-05,
6519,M009651,2026-01-12,
6519,M009651,2026-01-19,
6519,M010253,2025-12-29,
6519,M010253,2026-01-05,
6519,M010253,2026-01-12,
6519,M010253,2026-01-19,
6519,M011232,2025-12-29,
6519,M011232,2026-01-05,
6519,M011232,2026-01-12,
6519,M011232,2026-01-19,
6519,M009594,2025-12-29,
6519,M009594,2026-01-05,
6519,M009594,2026-01-12,
6519,M009594,2026-01-19,
6519,M009364,2025-12-29,
6519,M009364,2026-01-05,
6519,M009364,2026-01-12,
6519,M009364,2026-01-19,
6519,M010082,2025-12-29,
6519,M010082,2026-01-05,
6519,M010082,2026-01-12,
6519,M010082,2026-01-19,
6532,M010453,2025-12-29,
6532,M010453,2026-01-05,
6532,M010453,2026-01-12,
6532,M010453,2026-01-19,
6532,M009630,2025-12-29,
6532,M009630,2026-01-05,
6532,M009630,2026-01-12,
6532,M009630,2026-01-19,
6532,M009648,2025-12-29,
6532,M009648,2026-01-05,
6532,M009648,2026-01-12,
6532,M009648,2026-01-19,
6532,M012706,2025-12-29,
6532,M012706,2026-01-05,
6532,M012706,2026-01-12,
6532,M012706,2026-01-19,
6532,M013086,2025-12-29,
6532,M013086,2026-01-05,
6532,M013086,2026-01-12,
6532,M013086,2026-01-19,
6532,M010038,2025-12-29,
6532,M010038,2026-01-05,
6532,M010038,2026-01-12,
6532,M010038,2026-01-19,
6532,M009898,2025-12-29,
6532,M009898,2026-01-05,
6532,M009898,2026-01-12,
6532,M009898,2026-01-19,
6532,M009542,2025-12-29,
6532,M009542,2026-01-05,
6532,M009542,2026-01-12,
6532,M009542,2026-01-19,
6532,M010184,2025-12-29,
6532,M010184,2026-01-05,
6532,M010184,2026-01-12,
6532,M010184,2026-01-19,
6532,M013962,2025-12-29,
6532,M013962,2026-01-05,
6532,M013962,2026-01-12,
6532,M013962,2026-01-19,
6532,M010132,2025-12-29,
6532,M010132,2026-01-05,
6532,M010132,2026-01-12,
6532,M010132,2026-01-19,
6532,M013294,2025-12-29,
6532,M013294,2026-01-05,
6532,M013294,2026-01-12,
6532,M013294,2026-01-19,
6532,M010253,2025-12-29,
6532,M010253,2026-01-05,
6532,M010253,2026-01-12,
6532,M010253,2026-01-19,
6538,M010453,2025-12-29,
6538,M010453,2026-01-05,
6538,M010453,2026-01-12,
6538,M010453,2026-01-19,
6538,M010184,2025-12-29,
6538,M010184,2026-01-05,
6538,M010184,2026-01-12,
6538,M010184,2026-01-19,
6538,M010532,2025-12-29,
6538,M010532,2026-01-05,
6538,M010532,2026-01-12,
6538,M010532,2026-01-19,
6538,M009364,2025-12-29,
6538,M009364,2026-01-05,
6538,M009364,2026-01-12,
6538,M009364,2026-01-19,
6538,M009970,2025-12-29,
6538,M009970,2026-01-05,
6538,M009970,2026-01-12,
6538,M009970,2026-01-19,
6538,M010132,2025-12-29,
6538,M010132,2026-01-05,
6538,M010132,2026-01-12,
6538,M010132,2026-01-19,
6538,M014013,2025-12-29,
6538,M014013,2026-01-05,
6538,M014013,2026-01-12,
6538,M014013,2026-01-19,
6538,M009284,2025-12-29,
6538,M009284,2026-01-05,
6538,M009284,2026-01-12,
6538,M009284,2026-01-19,
6538,M011339,2025-12-29,
6538,M011339,2026-01-05,
6538,M011339,2026-01-12,
6538,M011339,2026-01-19,
6538,M012665,2025-12-29,
6538,M012665,2026-01-05,
6538,M012665,2026-01-12,
6538,M012665,2026-01-19,
6605,M012860,2025-12-29,
6605,M012860,2026-01-05,
6605,M012860,2026-01-12,
6605,M012860,2026-01-19,
6605,M011086,2025-12-29,
6605,M011086,2026-01-05,
6605,M011086,2026-01-12,
6605,M011086,2026-01-19,
6605,M009970,2025-12-29,
6605,M009970,2026-01-05,
6605,M009970,2026-01-12,
6605,M009970,2026-01-19,
6605,M011339,2025-12-29,
6605,M011339,2026-01-05,
6605,M011339,2026-01-12,
6605,M011339,2026-01-19,
6605,M010132,2025-12-29,
6605,M010132,2026-01-05,
6605,M010132,2026-01-12,
6605,M010132,2026-01-19,
6605,M010868,2025-12-29,
6605,M010868,2026-01-05,
6605,M010868,2026-01-12,
6605,M010868,2026-01-19,
6605,M013459,2025-12-29,
6605,M013459,2026-01-05,
6605,M013459,2026-01-12,
6605,M013459,2026-01-19,
6686,M009072,2025-12-29,
6686,M009072,2026-01-05,
6686,M009072,2026-01-12,
6686,M009072,2026-01-19,
6686,M010862,2025-12-29,
6686,M010862,2026-01-05,
6686,M010862,2026-01-12,
6686,M010862,2026-01-19,
6686,M013962,2025-12-29,
6686,M013962,2026-01-05,
6686,M013962,2026-01-12,
6686,M013962,2026-01-19,
6686,M011086,2025-12-29,
6686,M011086,2026-01-05,
6686,M011086,2026-01-12,
6686,M011086,2026-01-19,
6686,M014771,2025-12-29,
6686,M014771,2026-01-05,
6686,M014771,2026-01-12,
6686,M014771,2026-01-19,
6686,M014013,2025-12-29,
6686,M014013,2026-01-05,
6686,M014013,2026-01-12,
6686,M014013,2026-01-19,
6686,M010038,2025-12-29,
6686,M010038,2026-01-05,
6686,M010038,2026-01-12,
6686,M010038,2026-01-19,
6686,M010253,2025-12-29,
6686,M010253,2026-01-05,
6686,M010253,2026-01-12,
6686,M010253,2026-01-19,
6686,M010200,2025-12-29,
6686,M010200,2026-01-05,
6686,M010200,2026-01-12,
6686,M010200,2026-01-19,
6686,M010788,2025-12-29,
6686,M010788,2026-01-05,
6686,M010788,2026-01-12,
6686,M010788,2026-01-19,
6701,M013220,2025-12-29,
6701,M013220,2026-01-05,
6701,M013220,2026-01-12,
6701,M013220,2026-01-19,
6701,M011339,2025-12-29,
6701,M011339,2026-01-05,
6701,M011339,2026-01-12,
6701,M011339,2026-01-19,
6701,M012860,2025-12-29,
6701,M012860,2026-01-05,
6701,M012860,2026-01-12,
6701,M012860,2026-01-19,
6701,M010208,2025-12-29,
6701,M010208,2026-01-05,
6701,M010208,2026-01-12,
6701,M010208,2026-01-19,
6701,M011232,2025-12-29,
6701,M011232,2026-01-05,
6701,M011232,2026-01-12,
6701,M011232,2026-01-19,
6701,M014013,2025-12-29,
6701,M014013,2026-01-05,
6701,M014013,2026-01-12,
6701,M014013,2026-01-19,
6701,M012665,2025-12-29,
6701,M012665,2026-01-05,
6701,M012665,2026-01-12,
6701,M012665,2026-01-19,
6701,M010771,2025-12-29,
6701,M010771,2026-01-05,
6701,M010771,2026-01-12,
6701,M010771,2026-01-19,
6701,M010038,2025-12-29,
6701,M010038,2026-01-05,
6701,M010038,2026-01-12,
6701,M010038,2026-01-19,
6701,M010200,2025-12-29,
6701,M010200,2026-01-05,
6701,M010200,2026-01-12,
6701,M010200,2026-01-19,
6701,M009050,2025-12-29,
6701,M009050,2026-01-05,
6701,M009050,2026-01-12,
6701,M009050,2026-01-19,
6701,M009970,2025-12-29,
6701,M009970,2026-01-05,
6701,M009970,2026-01-12,
6701,M009970,2026-01-19,
6701,M010082,2025-12-29,
6701,M010082,2026-01-05,
6701,M010082,2026-01-12,
6701,M010082,2026-01-19,
6734,M013962,2025-12-29,
6734,M013962,2026-01-05,
6734,M013962,2026-01-12,
6734,M013962,2026-01-19,
6734,M012115,2025-12-29,
6734,M012115,2026-01-05,
6734,M012115,2026-01-12,
6734,M012115,2026-01-19,
6734,M010868,2025-12-29,
6734,M010868,2026-01-05,
6734,M010868,2026-01-12,
6734,M010868,2026-01-19,
6734,M010079,2025-12-29,
6734,M010079,2026-01-05,
6734,M010079,2026-01-12,
6734,M010079,2026-01-19,
6734,M016350,2025-12-29,
6734,M016350,2026-01-05,
6734,M016350,2026-01-12,
6734,M016350,2026-01-19,
6734,M009651,2025-12-29,
6734,M009651,2026-01-05,
6734,M009651,2026-01-12,
6734,M009651,2026-01-19,
6734,M010453,2025-12-29,
6734,M010453,2026-01-05,
6734,M010453,2026-01-12,
6734,M010453,2026-01-19,
6734,M014013,2025-12-29,
6734,M014013,2026-01-05,
6734,M014013,2026-01-12,
6734,M014013,2026-01-19,
6734,M011075,2025-12-29,
6734,M011075,2026-01-05,
6734,M011075,2026-01-12,
6734,M011075,2026-01-19,
6734,M009072,2025-12-29,
6734,M009072,2026-01-05,
6734,M009072,2026-01-12,
6734,M009072,2026-01-19,
6734,M010075,2025-12-29,
6734,M010075,2026-01-05,
6734,M010075,2026-01-12,
6734,M010075,2026-01-19,
6734,M010082,2025-12-29,
6734,M010082,2026-01-05,
6734,M010082,2026-01-12,
6734,M010082,2026-01-19,
6734,M012860,2025-12-29,
6734,M012860,2026-01-05,
6734,M012860,2026-01-12,
6734,M012860,2026-01-19,
6734,M010253,2025-12-29,
6734,M010253,2026-01-05,
6734,M010253,2026-01-12,
6734,M010253,2026-01-19,
6734,M012665,2025-12-29,
6734,M012665,2026-01-05,
6734,M012665,2026-01-12,
6734,M012665,2026-01-19,
6734,M009898,2025-12-29,
6734,M009898,2026-01-05,
6734,M009898,2026-01-12,
6734,M009898,2026-01-19,
6734,M010038,2025-12-29,
6734,M010038,2026-01-05,
6734,M010038,2026-01-12,
6734,M010038,2026-01-19,
6734,M014771,2025-12-29,
6734,M014771,2026-01-05,
6734,M014771,2026-01-12,
6734,M014771,2026-01-19,
6734,M012706,2025-12-29,
6734,M012706,2026-01-05,
6734,M012706,2026-01-12,
6734,M012706,2026-01-19,
6734,M010862,2025-12-29,
6734,M010862,2026-01-05,
6734,M010862,2026-01-12,
6734,M010862,2026-01-19,
6734,M010771,2025-12-29,
6734,M010771,2026-01-05,
6734,M010771,2026-01-12,
6734,M010771,2026-01-19,
6734,M009284,2025-12-29,
6734,M009284,2026-01-05,
6734,M009284,2026-01-12,
6734,M009284,2026-01-19,
6734,M010208,2025-12-29,
6734,M010208,2026-01-05,
6734,M010208,2026-01-12,
6734,M010208,2026-01-19,
6734,M009970,2025-12-29,
6734,M009970,2026-01-05,
6734,M009970,2026-01-12,
6734,M009970,2026-01-19,
6734,M009364,2025-12-29,
6734,M009364,2026-01-05,
6734,M009364,2026-01-12,
6734,M009364,2026-01-19,
6734,M013477,2025-12-29,
6734,M013477,2026-01-05,
6734,M013477,2026-01-12,
6734,M013477,2026-01-19,
6734,M010788,2025-12-29,
6734,M010788,2026-01-05,
6734,M010788,2026-01-12,
6734,M010788,2026-01-19,
6772,M010771,2025-12-29,
6772,M010771,2026-01-05,
6772,M010771,2026-01-12,
6772,M010771,2026-01-19,
6772,M010676,2025-12-29,
6772,M010676,2026-01-05,
6772,M010676,2026-01-12,
6772,M010676,2026-01-19,
6772,M009542,2025-12-29,
6772,M009542,2026-01-05,
6772,M009542,2026-01-12,
6772,M009542,2026-01-19,
6772,M009518,2025-12-29,
6772,M009518,2026-01-05,
6772,M009518,2026-01-12,
6772,M009518,2026-01-19,
6772,M012706,2025-12-29,
6772,M012706,2026-01-05,
6772,M012706,2026-01-12,
6772,M012706,2026-01-19,
6772,M010453,2025-12-29,
6772,M010453,2026-01-05,
6772,M010453,2026-01-12,
6772,M010453,2026-01-19,
6772,M009648,2025-12-29,
6772,M009648,2026-01-05,
6772,M009648,2026-01-12,
6772,M009648,2026-01-19,
6772,M010882,2025-12-29,
6772,M010882,2026-01-05,
6772,M010882,2026-01-12,
6772,M010882,2026-01-19,
6772,M009651,2025-12-29,
6772,M009651,2026-01-05,
6772,M009651,2026-01-12,
6772,M009651,2026-01-19,
6772,M010200,2025-12-29,
6772,M010200,2026-01-05,
6772,M010200,2026-01-12,
6772,M010200,2026-01-19,
6772,M016350,2025-12-29,
6772,M016350,2026-01-05,
6772,M016350,2026-01-12,
6772,M016350,2026-01-19,
6772,M012860,2025-12-29,
6772,M012860,2026-01-05,
6772,M012860,2026-01-12,
6772,M012860,2026-01-19,
6772,M013459,2025-12-29,
6772,M013459,2026-01-05,
6772,M013459,2026-01-12,
6772,M013459,2026-01-19,
6772,M010868,2025-12-29,
6772,M010868,2026-01-05,
6772,M010868,2026-01-12,
6772,M010868,2026-01-19,
6772,M009630,2025-12-29,
6772,M009630,2026-01-05,
6772,M009630,2026-01-12,
6772,M009630,2026-01-19,
6772,M010038,2025-12-29,
6772,M010038,2026-01-05,
6772,M010038,2026-01-12,
6772,M010038,2026-01-19,
6772,M011232,2025-12-29,
6772,M011232,2026-01-05,
6772,M011232,2026-01-12,
6772,M011232,2026-01-19,
6772,M010075,2025-12-29,
6772,M010075,2026-01-05,
6772,M010075,2026-01-12,
6772,M010075,2026-01-19,
6772,M016641,2025-12-29,
6772,M016641,2026-01-05,
6772,M016641,2026-01-12,
6772,M016641,2026-01-19,
6772,M010532,2025-12-29,
6772,M010532,2026-01-05,
6772,M010532,2026-01-12,
6772,M010532,2026-01-19,
6805,M009364,2025-12-29,
6805,M009364,2026-01-05,
6805,M009364,2026-01-12,
6805,M009364,2026-01-19,
6805,M013459,2025-12-29,
6805,M013459,2026-01-05,
6805,M013459,2026-01-12,
6805,M013459,2026-01-19,
6805,M012706,2025-12-29,
6805,M012706,2026-01-05,
6805,M012706,2026-01-12,
6805,M012706,2026-01-19,
6805,M010132,2025-12-29,
6805,M010132,2026-01-05,
6805,M010132,2026-01-12,
6805,M010132,2026-01-19,
6805,M011339,2025-12-29,
6805,M011339,2026-01-05,
6805,M011339,2026-01-12,
6805,M011339,2026-01-19,
6805,M010038,2025-12-29,
6805,M010038,2026-01-05,
6805,M010038,2026-01-12,
6805,M010038,2026-01-19,
6805,M014013,2025-12-29,
6805,M014013,2026-01-05,
6805,M014013,2026-01-12,
6805,M014013,2026-01-19,
6805,M009594,2025-12-29,
6805,M009594,2026-01-05,
6805,M009594,2026-01-12,
6805,M009594,2026-01-19,
6805,M011086,2025-12-29,
6805,M011086,2026-01-05,
6805,M011086,2026-01-12,
6805,M011086,2026-01-19,
6805,M009648,2025-12-29,
6805,M009648,2026-01-05,
6805,M009648,2026-01-12,
6805,M009648,2026-01-19,
6805,M016641,2025-12-29,
6805,M016641,2026-01-05,
6805,M016641,2026-01-12,
6805,M016641,2026-01-19,
6805,M009542,2025-12-29,
6805,M009542,2026-01-05,
6805,M009542,2026-01-12,
6805,M009542,2026-01-19,
6805,M012665,2025-12-29,
6805,M012665,2026-01-05,
6805,M012665,2026-01-12,
6805,M012665,2026-01-19,
6805,M010862,2025-12-29,
6805,M010862,2026-01-05,
6805,M010862,2026-01-12,
6805,M010862,2026-01-19,
6805,M009284,2025-12-29,
6805,M009284,2026-01-05,
6805,M009284,2026-01-12,
6805,M009284,2026-01-19,
6806,M013962,2025-12-29,
6806,M013962,2026-01-05,
6806,M013962,2026-01-12,
6806,M013962,2026-01-19,
6806,M009050,2025-12-29,
6806,M009050,2026-01-05,
6806,M009050,2026-01-12,
6806,M009050,2026-01-19,
6806,M010453,2025-12-29,
6806,M010453,2026-01-05,
6806,M010453,2026-01-12,
6806,M010453,2026-01-19,
6806,M009651,2025-12-29,
6806,M009651,2026-01-05,
6806,M009651,2026-01-12,
6806,M009651,2026-01-19,
6806,M009542,2025-12-29,
6806,M009542,2026-01-05,
6806,M009542,2026-01-12,
6806,M009542,2026-01-19,
6806,M012115,2025-12-29,
6806,M012115,2026-01-05,
6806,M012115,2026-01-12,
6806,M012115,2026-01-19,
6806,M010788,2025-12-29,
6806,M010788,2026-01-05,
6806,M010788,2026-01-12,
6806,M010788,2026-01-19,
6806,M009284,2025-12-29,
6806,M009284,2026-01-05,
6806,M009284,2026-01-12,
6806,M009284,2026-01-19,
6806,M010253,2025-12-29,
6806,M010253,2026-01-05,
6806,M010253,2026-01-12,
6806,M010253,2026-01-19,
6806,M014771,2025-12-29,
6806,M014771,2026-01-05,
6806,M014771,2026-01-12,
6806,M014771,2026-01-19,
6806,M009898,2025-12-29,
6806,M009898,2026-01-05,
6806,M009898,2026-01-12,
6806,M009898,2026-01-19,
6806,M011339,2025-12-29,
6806,M011339,2026-01-05,
6806,M011339,2026-01-12,
6806,M011339,2026-01-19,
6806,M010532,2025-12-29,
6806,M010532,2026-01-05,
6806,M010532,2026-01-12,
6806,M010532,2026-01-19,
6806,M012665,2025-12-29,
6806,M012665,2026-01-05,
6806,M012665,2026-01-12,
6806,M012665,2026-01-19,
6806,M010200,2025-12-29,
6806,M010200,2026-01-05,
6806,M010200,2026-01-12,
6806,M010200,2026-01-19,
6806,M010868,2025-12-29,
6806,M010868,2026-01-05,
6806,M010868,2026-01-12,
6806,M010868,2026-01-19,
6806,M013086,2025-12-29,
6806,M013086,2026-01-05,
6806,M013086,2026-01-12,
6806,M013086,2026-01-19,
7167,M010200,2025-12-29,
7167,M010200,2026-01-05,
7167,M010200,2026-01-12,
7167,M010200,2026-01-19,
7167,M014013,2025-12-29,
7167,M014013,2026-01-05,
7167,M014013,2026-01-12,
7167,M014013,2026-01-19,
7167,M010453,2025-12-29,
7167,M010453,2026-01-05,
7167,M010453,2026-01-12,
7167,M010453,2026-01-19,
7167,M010788,2025-12-29,
7167,M010788,2026-01-05,
7167,M010788,2026-01-12,
7167,M010788,2026-01-19,
7167,M010132,2025-12-29,
7167,M010132,2026-01-05,
7167,M010132,2026-01-12,
7167,M010132,2026-01-19,
7167,M012665,2025-12-29,
7167,M012665,2026-01-05,
7167,M012665,2026-01-12,
7167,M012665,2026-01-19,
7167,M010676,2025-12-29,
7167,M010676,2026-01-05,
7167,M010676,2026-01-12,
7167,M010676,2026-01-19,
7167,M014771,2025-12-29,
7167,M014771,2026-01-05,
7167,M014771,2026-01-12,
7167,M014771,2026-01-19,
7167,M012860,2025-12-29,
7167,M012860,2026-01-05,
7167,M012860,2026-01-12,
7167,M012860,2026-01-19,
7167,M016641,2025-12-29,
7167,M016641,2026-01-05,
7167,M016641,2026-01-12,
7167,M016641,2026-01-19,
7167,M010771,2025-12-29,
7167,M010771,2026-01-05,
7167,M010771,2026-01-12,
7167,M010771,2026-01-19,
7167,M009542,2025-12-29,
7167,M009542,2026-01-05,
7167,M009542,2026-01-12,
7167,M009542,2026-01-19,
7167,M010862,2025-12-29,
7167,M010862,2026-01-05,
7167,M010862,2026-01-12,
7167,M010862,2026-01-19,
7167,M012115,2025-12-29,
7167,M012115,2026-01-05,
7167,M012115,2026-01-12,
7167,M012115,2026-01-19,
7167,M009072,2025-12-29,
7167,M009072,2026-01-05,
7167,M009072,2026-01-12,
7167,M009072,2026-01-19,
7263,M009630,2025-12-29,
7263,M009630,2026-01-05,
7263,M009630,2026-01-12,
7263,M009630,2026-01-19,
7263,M013477,2025-12-29,
7263,M013477,2026-01-05,
7263,M013477,2026-01-12,
7263,M013477,2026-01-19,
7263,M013086,2025-12-29,
7263,M013086,2026-01-05,
7263,M013086,2026-01-12,
7263,M013086,2026-01-19,
7263,M009364,2025-12-29,
7263,M009364,2026-01-05,
7263,M009364,2026-01-12,
7263,M009364,2026-01-19,
7263,M012115,2025-12-29,
7263,M012115,2026-01-05,
7263,M012115,2026-01-12,
7263,M012115,2026-01-19,
7263,M013459,2025-12-29,
7263,M013459,2026-01-05,
7263,M013459,2026-01-12,
7263,M013459,2026-01-19,
7263,M009284,2025-12-29,
7263,M009284,2026-01-05,
7263,M009284,2026-01-12,
7263,M009284,2026-01-19,
7263,M010868,2025-12-29,
7263,M010868,2026-01-05,
7263,M010868,2026-01-12,
7263,M010868,2026-01-19,
7263,M012860,2025-12-29,
7263,M012860,2026-01-05,
7263,M012860,2026-01-12,
7263,M012860,2026-01-19,
7263,M009542,2025-12-29,
7263,M009542,2026-01-05,
7263,M009542,2026-01-12,
7263,M009542,2026-01-19,
7263,M010862,2025-12-29,
7263,M010862,2026-01-05,
7263,M010862,2026-01-12,
7263,M010862,2026-01-19,
7263,M009898,2025-12-29,
7263,M009898,2026-01-05,
7263,M009898,2026-01-12,
7263,M009898,2026-01-19,
7263,M009072,2025-12-29,
7263,M009072,2026-01-05,
7263,M009072,2026-01-12,
7263,M009072,2026-01-19,
7263,M010532,2025-12-29,
7263,M010532,2026-01-05,
7263,M010532,2026-01-12,
7263,M010532,2026-01-19,
7414,M010532,2025-12-29,
7414,M010532,2026-01-05,
7414,M010532,2026-01-12,
7414,M010532,2026-01-19,
7414,M009630,2025-12-29,
7414,M009630,2026-01-05,
7414,M009630,2026-01-12,
7414,M009630,2026-01-19,
7414,M010200,2025-12-29,
7414,M010200,2026-01-05,
7414,M010200,2026-01-12,
7414,M010200,2026-01-19,
7414,M010038,2025-12-29,
7414,M010038,2026-01-05,
7414,M010038,2026-01-12,
7414,M010038,2026-01-19,
7414,M014013,2025-12-29,
7414,M014013,2026-01-05,
7414,M014013,2026-01-12,
7414,M014013,2026-01-19,
7414,M013220,2025-12-29,
7414,M013220,2026-01-05,
7414,M013220,2026-01-12,
7414,M013220,2026-01-19,
7414,M009970,2025-12-29,
7414,M009970,2026-01-05,
7414,M009970,2026-01-12,
7414,M009970,2026-01-19,
7414,M012115,2025-12-29,
7414,M012115,2026-01-05,
7414,M012115,2026-01-12,
7414,M012115,2026-01-19,
7414,M010453,2025-12-29,
7414,M010453,2026-01-05,
7414,M010453,2026-01-12,
7414,M010453,2026-01-19,
7559,M012706,2025-12-29,
7559,M012706,2026-01-05,
7559,M012706,2026-01-12,
7559,M012706,2026-01-19,
7559,M009050,2025-12-29,
7559,M009050,2026-01-05,
7559,M009050,2026-01-12,
7559,M009050,2026-01-19,
7559,M016641,2025-12-29,
7559,M016641,2026-01-05,
7559,M016641,2026-01-12,
7559,M016641,2026-01-19,
7559,M011086,2025-12-29,
7559,M011086,2026-01-05,
7559,M011086,2026-01-12,
7559,M011086,2026-01-19,
7559,M010862,2025-12-29,
7559,M010862,2026-01-05,
7559,M010862,2026-01-12,
7559,M010862,2026-01-19,
7559,M012115,2025-12-29,
7559,M012115,2026-01-05,
7559,M012115,2026-01-12,
7559,M012115,2026-01-19,
7559,M009898,2025-12-29,
7559,M009898,2026-01-05,
7559,M009898,2026-01-12,
7559,M009898,2026-01-19,
7559,M009284,2025-12-29,
7559,M009284,2026-01-05,
7559,M009284,2026-01-12,
7559,M009284,2026-01-19,
7559,M010253,2025-12-29,
7559,M010253,2026-01-05,
7559,M010253,2026-01-12,
7559,M010253,2026-01-19,
7559,M009594,2025-12-29,
7559,M009594,2026-01-05,
7559,M009594,2026-01-12,
7559,M009594,2026-01-19,
7559,M010208,2025-12-29,
7559,M010208,2026-01-05,
7559,M010208,2026-01-12,
7559,M010208,2026-01-19,
7559,M009542,2025-12-29,
7559,M009542,2026-01-05,
7559,M009542,2026-01-12,
7559,M009542,2026-01-19,
7559,M010868,2025-12-29,
7559,M010868,2026-01-05,
7559,M010868,2026-01-12,
7559,M010868,2026-01-19,
7559,M009630,2025-12-29,
7559,M009630,2026-01-05,
7559,M009630,2026-01-12,
7559,M009630,2026-01-19,
7559,M010788,2025-12-29,
7559,M010788,2026-01-05,
7559,M010788,2026-01-12,
7559,M010788,2026-01-19,
7559,M009364,2025-12-29,
7559,M009364,2026-01-05,
7559,M009364,2026-01-12,
7559,M009364,2026-01-19,
8591,M010184,2025-12-29,
8591,M010184,2026-01-05,
8591,M010184,2026-01-12,
8591,M010184,2026-01-19,
8591,M012860,2025-12-29,
8591,M012860,2026-01-05,
8591,M012860,2026-01-12,
8591,M012860,2026-01-19,
8591,M010788,2025-12-29,
8591,M010788,2026-01-05,
8591,M010788,2026-01-12,
8591,M010788,2026-01-19,
8591,M011339,2025-12-29,
8591,M011339,2026-01-05,
8591,M011339,2026-01-12,
8591,M011339,2026-01-19,
8591,M011232,2025-12-29,
8591,M011232,2026-01-05,
8591,M011232,2026-01-12,
8591,M011232,2026-01-19,
8591,M010082,2025-12-29,
8591,M010082,2026-01-05,
8591,M010082,2026-01-12,
8591,M010082,2026-01-19,
8591,M010208,2025-12-29,
8591,M010208,2026-01-05,
8591,M010208,2026-01-12,
8591,M010208,2026-01-19,
8591,M010676,2025-12-29,
8591,M010676,2026-01-05,
8591,M010676,2026-01-12,
8591,M010676,2026-01-19,
8591,M009072,2025-12-29,
8591,M009072,2026-01-05,
8591,M009072,2026-01-12,
8591,M009072,2026-01-19,
8612,M012115,2025-12-29,
8612,M012115,2026-01-05,
8612,M012115,2026-01-12,
8612,M012115,2026-01-19,
8612,M013086,2025-12-29,
8612,M013086,2026-01-05,
8612,M013086,2026-01-12,
8612,M013086,2026-01-19,
8612,M014771,2025-12-29,
8612,M014771,2026-01-05,
8612,M014771,2026-01-12,
8612,M014771,2026-01-19,
8612,M009630,2025-12-29,
8612,M009630,2026-01-05,
8612,M009630,2026-01-12,
8612,M009630,2026-01-19,
8612,M009542,2025-12-29,
8612,M009542,2026-01-05,
8612,M009542,2026-01-12,
8612,M009542,2026-01-19,
8612,M009050,2025-12-29,
8612,M009050,2026-01-05,
8612,M009050,2026-01-12,
8612,M009050,2026-01-19,
8612,M013294,2025-12-29,
8612,M013294,2026-01-05,
8612,M013294,2026-01-12,
8612,M013294,2026-01-19,
8612,M010453,2025-12-29,
8612,M010453,2026-01-05,
8612,M010453,2026-01-12,
8612,M010453,2026-01-19,
8612,M013459,2025-12-29,
8612,M013459,2026-01-05,
8612,M013459,2026-01-12,
8612,M013459,2026-01-19,
8612,M010532,2025-12-29,
8612,M010532,2026-01-05,
8612,M010532,2026-01-12,
8612,M010532,2026-01-19,
8612,M011086,2025-12-29,
8612,M011086,2026-01-05,
8612,M011086,2026-01-12,
8612,M011086,2026-01-19,
8633,M014013,2025-12-29,
8633,M014013,2026-01-05,
8633,M014013,2026-01-12,
8633,M014013,2026-01-19,
8633,M013962,2025-12-29,
8633,M013962,2026-01-05,
8633,M013962,2026-01-12,
8633,M013962,2026-01-19,
8633,M012860,2025-12-29,
8633,M012860,2026-01-05,
8633,M012860,2026-01-12,
8633,M012860,2026-01-19,
8633,M009898,2025-12-29,
8633,M009898,2026-01-05,
8633,M009898,2026-01-12,
8633,M009898,2026-01-19,
8633,M009970,2025-12-29,
8633,M009970,2026-01-05,
8633,M009970,2026-01-12,
8633,M009970,2026-01-19,
8633,M010184,2025-12-29,
8633,M010184,2026-01-05,
8633,M010184,2026-01-12,
8633,M010184,2026-01-19,
8633,M009284,2025-12-29,
8633,M009284,2026-01-05,
8633,M009284,2026-01-12,
8633,M009284,2026-01-19,
8633,M009542,2025-12-29,
8633,M009542,2026-01-05,
8633,M009542,2026-01-12,
8633,M009542,2026-01-19,
8633,M012706,2025-12-29,
8633,M012706,2026-01-05,
8633,M012706,2026-01-12,
8633,M012706,2026-01-19,
8633,M012665,2025-12-29,
8633,M012665,2026-01-05,
8633,M012665,2026-01-12,
8633,M012665,2026-01-19,
8633,M010253,2025-12-29,
8633,M010253,2026-01-05,
8633,M010253,2026-01-12,
8633,M010253,2026-01-19,
8633,M010868,2025-12-29,
8633,M010868,2026-01-05,
8633,M010868,2026-01-12,
8633,M010868,2026-01-19,
8633,M010200,2025-12-29,
8633,M010200,2026-01-05,
8633,M010200,2026-01-12,
8633,M010200,2026-01-19,
8633,M010082,2025-12-29,
8633,M010082,2026-01-05,
8633,M010082,2026-01-12,
8633,M010082,2026-01-19,
8863,M016641,2025-12-29,
8863,M016641,2026-01-05,
8863,M016641,2026-01-12,
8863,M016641,2026-01-19,
8863,M011086,2025-12-29,
8863,M011086,2026-01-05,
8863,M011086,2026-01-12,
8863,M011086,2026-01-19,
8863,M009364,2025-12-29,
8863,M009364,2026-01-05,
8863,M009364,2026-01-12,
8863,M009364,2026-01-19,
8863,M010862,2025-12-29,
8863,M010862,2026-01-05,
8863,M010862,2026-01-12,
8863,M010862,2026-01-19,
8863,M009630,2025-12-29,
8863,M009630,2026-01-05,
8863,M009630,2026-01-12,
8863,M009630,2026-01-19,
8863,M010253,2025-12-29,
8863,M010253,2026-01-05,
8863,M010253,2026-01-12,
8863,M010253,2026-01-19,
8863,M012860,2025-12-29,
8863,M012860,2026-01-05,
8863,M012860,2026-01-12,
8863,M012860,2026-01-19,
8863,M009072,2025-12-29,
8863,M009072,2026-01-05,
8863,M009072,2026-01-12,
8863,M009072,2026-01-19,
8863,M010453,2025-12-29,
8863,M010453,2026-01-05,
8863,M010453,2026-01-12,
8863,M010453,2026-01-19,
9431,M009542,2025-12-29,
9431,M009542,2026-01-05,
9431,M009542,2026-01-12,
9431,M009542,2026-01-19,
9431,M009630,2025-12-29,
9431,M009630,2026-01-05,
9431,M009630,2026-01-12,
9431,M009630,2026-01-19,
9431,M010253,2025-12-29,
9431,M010253,2026-01-05,
9431,M010253,2026-01-12,
9431,M010253,2026-01-19,
9431,M010082,2025-12-29,
9431,M010082,2026-01-05,
9431,M010082,2026-01-12,
9431,M010082,2026-01-19,
9431,M009648,2025-12-29,
9431,M009648,2026-01-05,
9431,M009648,2026-01-12,
9431,M009648,2026-01-19,
9431,M010771,2025-12-29,
9431,M010771,2026-01-05,
9431,M010771,2026-01-12,
9431,M010771,2026-01-19,
9431,M011086,2025-12-29,
9431,M011086,2026-01-05,
9431,M011086,2026-01-12,
9431,M011086,2026-01-19,
9431,M010079,2025-12-29,
9431,M010079,2026-01-05,
9431,M010079,2026-01-12,
9431,M010079,2026-01-19,
9431,M013459,2025-12-29,
9431,M013459,2026-01-05,
9431,M013459,2026-01-12,
9431,M013459,2026-01-19,
9431,M010868,2025-12-29,
9431,M010868,2026-01-05,
9431,M010868,2026-01-12,
9431,M010868,2026-01-19,
9431,M010788,2025-12-29,
9431,M010788,2026-01-05,
9431,M010788,2026-01-12,
9431,M010788,2026-01-19,
9431,M013220,2025-12-29,
9431,M013220,2026-01-05,
9431,M013220,2026-01-12,
9431,M013220,2026-01-19,
9431,M011232,2025-12-29,
9431,M011232,2026-01-05,
9431,M011232,2026-01-12,
9431,M011232,2026-01-19,
9570,M010184,2025-12-29,
9570,M010184,2026-01-05,
9570,M010184,2026-01-12,
9570,M010184,2026-01-19,
9570,M012115,2025-12-29,
9570,M012115,2026-01-05,
9570,M012115,2026-01-12,
9570,M012115,2026-01-19,
9570,M013459,2025-12-29,
9570,M013459,2026-01-05,
9570,M013459,2026-01-12,
9570,M013459,2026-01-19,
9570,M010079,2025-12-29,
9570,M010079,2026-01-05,
9570,M010079,2026-01-12,
9570,M010079,2026-01-19,
9570,M013220,2025-12-29,
9570,M013220,2026-01-05,
9570,M013220,2026-01-12,
9570,M013220,2026-01-19,
9570,M012706,2025-12-29,
9570,M012706,2026-01-05,
9570,M012706,2026-01-12,
9570,M012706,2026-01-19,
9570,M010868,2025-12-29,
9570,M010868,2026-01-05,
9570,M010868,2026-01-12,
9570,M010868,2026-01-19,
9570,M014771,2025-12-29,
9570,M014771,2026-01-05,
9570,M014771,2026-01-12,
9570,M014771,2026-01-19,
9570,M010771,2025-12-29,
9570,M010771,2026-01-05,
9570,M010771,2026-01-12,
9570,M010771,2026-01-19,
9570,M013477,2025-12-29,
9570,M013477,2026-01-05,
9570,M013477,2026-01-12,
9570,M013477,2026-01-19,
9570,M010676,2025-12-29,
9570,M010676,2026-01-05,
9570,M010676,2026-01-12,
9570,M010676,2026-01-19,
9570,M016641,2025-12-29,
9570,M016641,2026-01-05,
9570,M016641,2026-01-12,
9570,M016641,2026-01-19,
9570,M010082,2025-12-29,
9570,M010082,2026-01-05,
9570,M010082,2026-01-12,
9570,M010082,2026-01-19,
9740,M009072,2025-12-29,
9740,M009072,2026-01-05,
9740,M009072,2026-01-12,
9740,M009072,2026-01-19,
9740,M009630,2025-12-29,
9740,M009630,2026-01-05,
9740,M009630,2026-01-12,
9740,M009630,2026-01-19,
9740,M010082,2025-12-29,
9740,M010082,2026-01-05,
9740,M010082,2026-01-12,
9740,M010082,2026-01-19,
9740,M013459,2025-12-29,
9740,M013459,2026-01-05,
9740,M013459,2026-01-12,
9740,M013459,2026-01-19,
9740,M009284,2025-12-29,
9740,M009284,2026-01-05,
9740,M009284,2026-01-12,
9740,M009284,2026-01-19,
9740,M009542,2025-12-29,
9740,M009542,2026-01-05,
9740,M009542,2026-01-12,
9740,M009542,2026-01-19,
9740,M010862,2025-12-29,
9740,M010862,2026-01-05,
9740,M010862,2026-01-12,
9740,M010862,2026-01-19,
9740,M009651,2025-12-29,
9740,M009651,2026-01-05,
9740,M009651,2026-01-12,
9740,M009651,2026-01-19,
9740,M013294,2025-12-29,
9740,M013294,2026-01-05,
9740,M013294,2026-01-12,
9740,M013294,2026-01-19,
9740,M010200,2025-12-29,
9740,M010200,2026-01-05,
9740,M010200,2026-01-12,
9740,M010200,2026-01-19,
9879,M009898,2025-12-29,
9879,M009898,2026-01-05,
9879,M009898,2026-01-12,
9879,M009898,2026-01-19,
9879,M010204,2025-12-29,
9879,M010204,2026-01-05,
9879,M010204,2026-01-12,
9879,M010204,2026-01-19,
9879,M009050,2025-12-29,
9879,M009050,2026-01-05,
9879,M009050,2026-01-12,
9879,M009050,2026-01-19,
9879,M010184,2025-12-29,
9879,M010184,2026-01-05,
9879,M010184,2026-01-12,
9879,M010184,2026-01-19,
9879,M010788,2025-12-29,
9879,M010788,2026-01-05,
9879,M010788,2026-01-12,
9879,M010788,2026-01-19,
9879,M011232,2025-12-29,
9879,M011232,2026-01-05,
9879,M011232,2026-01-12,
9879,M011232,2026-01-19,
9879,M012665,2025-12-29,
9879,M012665,2026-01-05,
9879,M012665,2026-01-12,
9879,M012665,2026-01-19,
9879,M009371,2025-12-29,
9879,M009371,2026-01-05,
9879,M009371,2026-01-12,
9879,M009371,2026-01-19,
9879,M009594,2025-12-29,
9879,M009594,2026-01-05,
9879,M009594,2026-01-12,
9879,M009594,2026-01-19,
9879,M009364,2025-12-29,
9879,M009364,2026-01-05,
9879,M009364,2026-01-12,
9879,M009364,2026-01-19,
9879,M009518,2025-12-29,
9879,M009518,2026-01-05,
9879,M009518,2026-01-12,
9879,M009518,2026-01-19,
9879,M010208,2025-12-29,
9879,M010208,2026-01-05,
9879,M010208,2026-01-12,
9879,M010208,2026-01-19,
9879,M009648,2025-12-29,
9879,M009648,2026-01-05,
9879,M009648,2026-01-12,
9879,M009648,2026-01-19,
9879,M012706,2025-12-29,
9879,M012706,2026-01-05,
9879,M012706,2026-01-12,
9879,M012706,2026-01-19,
9879,M012115,2025-12-29,
9879,M012115,2026-01-05,
9879,M012115,2026-01-12,
9879,M012115,2026-01-19,
9879,M016641,2025-12-29,
9879,M016641,2026-01-05,
9879,M016641,2026-01-12,
9879,M016641,2026-01-19,
9879,M010079,2025-12-29,
9879,M010079,2026-01-05,
9879,M010079,2026-01-12,
9879,M010079,2026-01-19,
9879,M009970,2025-12-29,
9879,M009970,2026-01-05,
9879,M009970,2026-01-12,
9879,M009970,2026-01-19,
9879,M013962,2025-12-29,
9879,M013962,2026-01-05,
9879,M013962,2026-01-12,
9879,M013962,2026-01-19,
9879,M009651,2025-12-29,
9879,M009651,2026-01-05,
9879,M009651,2026-01-12,
9879,M009651,2026-01-19,
9879,M013294,2025-12-29,
9879,M013294,2026-01-05,
9879,M013294,2026-01-12,
9879,M013294,2026-01-19,
9879,M014013,2025-12-29,
9879,M014013,2026-01-05,
9879,M014013,2026-01-12,
9879,M014013,2026-01-19,
9879,M009542,2025-12-29,
9879,M009542,2026-01-05,
9879,M009542,2026-01-12,
9879,M009542,2026-01-19,
9879,M010453,2025-12-29,
9879,M010453,2026-01-05,
9879,M010453,2026-01-12,
9879,M010453,2026-01-19,
9879,M011075,2025-12-29,
9879,M011075,2026-01-05,
9879,M011075,2026-01-12,
9879,M011075,2026-01-19,
9879,M010075,2025-12-29,
9879,M010075,2026-01-05,
9879,M010075,2026-01-12,
9879,M010075,2026-01-19,
9879,M013220,2025-12-29,
9879,M013220,2026-01-05,
9879,M013220,2026-01-12,
9879,M013220,2026-01-19,
9879,M009630,2025-12-29,
9879,M009630,2026-01-05,
9879,M009630,2026-01-12,
9879,M009630,2026-01-19,
10196,M010204,2025-12-29,
10196,M010204,2026-01-05,
10196,M010204,2026-01-12,
10196,M010204,2026-01-19,
10196,M014771,2025-12-29,
10196,M014771,2026-01-05,
10196,M014771,2026-01-12,
10196,M014771,2026-01-19,
10196,M010771,2025-12-29,
10196,M010771,2026-01-05,
10196,M010771,2026-01-12,
10196,M010771,2026-01-19,
10196,M010082,2025-12-29,
10196,M010082,2026-01-05,
10196,M010082,2026-01-12,
10196,M010082,2026-01-19,
10196,M009648,2025-12-29,
10196,M009648,2026-01-05,
10196,M009648,2026-01-12,
10196,M009648,2026-01-19,
10196,M013477,2025-12-29,
10196,M013477,2026-01-05,
10196,M013477,2026-01-12,
10196,M013477,2026-01-19,
10196,M009371,2025-12-29,
10196,M009371,2026-01-05,
10196,M009371,2026-01-12,
10196,M009371,2026-01-19,
10196,M011075,2025-12-29,
10196,M011075,2026-01-05,
10196,M011075,2026-01-12,
10196,M011075,2026-01-19,
10196,M010532,2025-12-29,
10196,M010532,2026-01-05,
10196,M010532,2026-01-12,
10196,M010532,2026-01-19,
10196,M009518,2025-12-29,
10196,M009518,2026-01-05,
10196,M009518,2026-01-12,
10196,M009518,2026-01-19,
10196,M010208,2025-12-29,
10196,M010208,2026-01-05,
10196,M010208,2026-01-12,
10196,M010208,2026-01-19,
10196,M012706,2025-12-29,
10196,M012706,2026-01-05,
10196,M012706,2026-01-12,
10196,M012706,2026-01-19,
10196,M010882,2025-12-29,
10196,M010882,2026-01-05,
10196,M010882,2026-01-12,
10196,M010882,2026-01-19,
10196,M010200,2025-12-29,
10196,M010200,2026-01-05,
10196,M010200,2026-01-12,
10196,M010200,2026-01-19,
10196,M012115,2025-12-29,
10196,M012115,2026-01-05,
10196,M012115,2026-01-12,
10196,M012115,2026-01-19,
10196,M016641,2025-12-29,
10196,M016641,2026-01-05,
10196,M016641,2026-01-12,
10196,M016641,2026-01-19,
10196,M016311,2025-12-29,
10196,M016311,2026-01-05,
10196,M016311,2026-01-12,
10196,M016311,2026-01-19,
10196,M010788,2025-12-29,
10196,M010788,2026-01-05,
10196,M010788,2026-01-12,
10196,M010788,2026-01-19,
10196,M010038,2025-12-29,
10196,M010038,2026-01-05,
10196,M010038,2026-01-12,
10196,M010038,2026-01-19,
10196,M010132,2025-12-29,
10196,M010132,2026-01-05,
10196,M010132,2026-01-12,
10196,M010132,2026-01-19,
10196,M010075,2025-12-29,
10196,M010075,2026-01-05,
10196,M010075,2026-01-12,
10196,M010075,2026-01-19,
10196,M010862,2025-12-29,
10196,M010862,2026-01-05,
10196,M010862,2026-01-12,
10196,M010862,2026-01-19,
10196,M010676,2025-12-29,
10196,M010676,2026-01-05,
10196,M010676,2026-01-12,
10196,M010676,2026-01-19,
10196,M013962,2025-12-29,
10196,M013962,2026-01-05,
10196,M013962,2026-01-12,
10196,M013962,2026-01-19,
10196,M009970,2025-12-29,
10196,M009970,2026-01-05,
10196,M009970,2026-01-12,
10196,M009970,2026-01-19,
10196,M013220,2025-12-29,
10196,M013220,2026-01-05,
10196,M013220,2026-01-12,
10196,M013220,2026-01-19,
10196,M011339,2025-12-29,
10196,M011339,2026-01-05,
10196,M011339,2026-01-12,
10196,M011339,2026-01-19,
10196,M010453,2025-12-29,
10196,M010453,2026-01-05,
10196,M010453,2026-01-12,
10196,M010453,2026-01-19,
10196,M009651,2025-12-29,
10196,M009651,2026-01-05,
10196,M009651,2026-01-12,
10196,M009651,2026-01-19,
10196,M010079,2025-12-29,
10196,M010079,2026-01-05,
10196,M010079,2026-01-12,
10196,M010079,2026-01-19,
10196,M011086,2025-12-29,
10196,M011086,2026-01-05,
10196,M011086,2026-01-12,
10196,M011086,2026-01-19,
10196,M010868,2025-12-29,
10196,M010868,2026-01-05,
10196,M010868,2026-01-12,
10196,M010868,2026-01-19,
10196,M010253,2025-12-29,
10196,M010253,2026-01-05,
10196,M010253,2026-01-12,
10196,M010253,2026-01-19,
10243,M010075,2025-12-29,
10243,M010075,2026-01-05,
10243,M010075,2026-01-12,
10243,M010075,2026-01-19,
10243,M010862,2025-12-29,
10243,M010862,2026-01-05,
10243,M010862,2026-01-12,
10243,M010862,2026-01-19,
10243,M010868,2025-12-29,
10243,M010868,2026-01-05,
10243,M010868,2026-01-12,
10243,M010868,2026-01-19,
10243,M009050,2025-12-29,
10243,M009050,2026-01-05,
10243,M009050,2026-01-12,
10243,M009050,2026-01-19,
10243,M011086,2025-12-29,
10243,M011086,2026-01-05,
10243,M011086,2026-01-12,
10243,M011086,2026-01-19,
10243,M010038,2025-12-29,
10243,M010038,2026-01-05,
10243,M010038,2026-01-12,
10243,M010038,2026-01-19,
10243,M010788,2025-12-29,
10243,M010788,2026-01-05,
10243,M010788,2026-01-12,
10243,M010788,2026-01-19,
10243,M009284,2025-12-29,
10243,M009284,2026-01-05,
10243,M009284,2026-01-12,
10243,M009284,2026-01-19,
10243,M010532,2025-12-29,
10243,M010532,2026-01-05,
10243,M010532,2026-01-12,
10243,M010532,2026-01-19,
10243,M012115,2025-12-29,
10243,M012115,2026-01-05,
10243,M012115,2026-01-12,
10243,M012115,2026-01-19,
10243,M009542,2025-12-29,
10243,M009542,2026-01-05,
10243,M009542,2026-01-12,
10243,M009542,2026-01-19,
10243,M016350,2025-12-29,
10243,M016350,2026-01-05,
10243,M016350,2026-01-12,
10243,M016350,2026-01-19,
10243,M009648,2025-12-29,
10243,M009648,2026-01-05,
10243,M009648,2026-01-12,
10243,M009648,2026-01-19,
10243,M009594,2025-12-29,
10243,M009594,2026-01-05,
10243,M009594,2026-01-12,
10243,M009594,2026-01-19,
10243,M010253,2025-12-29,
10243,M010253,2026-01-05,
10243,M010253,2026-01-12,
10243,M010253,2026-01-19,
10243,M010082,2025-12-29,
10243,M010082,2026-01-05,
10243,M010082,2026-01-12,
10243,M010082,2026-01-19,
10243,M014771,2025-12-29,
10243,M014771,2026-01-05,
10243,M014771,2026-01-12,
10243,M014771,2026-01-19,
10243,M009651,2025-12-29,
10243,M009651,2026-01-05,
10243,M009651,2026-01-12,
10243,M009651,2026-01-19,
10243,M013459,2025-12-29,
10243,M013459,2026-01-05,
10243,M013459,2026-01-12,
10243,M013459,2026-01-19,
10243,M010208,2025-12-29,
10243,M010208,2026-01-05,
10243,M010208,2026-01-12,
10243,M010208,2026-01-19,
10374,M013962,2025-12-29,
10374,M013962,2026-01-05,
10374,M013962,2026-01-12,
10374,M013962,2026-01-19,
10374,M014771,2025-12-29,
10374,M014771,2026-01-05,
10374,M014771,2026-01-12,
10374,M014771,2026-01-19,
10374,M012706,2025-12-29,
10374,M012706,2026-01-05,
10374,M012706,2026-01-12,
10374,M012706,2026-01-19,
10374,M011232,2025-12-29,
10374,M011232,2026-01-05,
10374,M011232,2026-01-12,
10374,M011232,2026-01-19,
10374,M010532,2025-12-29,
10374,M010532,2026-01-05,
10374,M010532,2026-01-12,
10374,M010532,2026-01-19,
10374,M010862,2025-12-29,
10374,M010862,2026-01-05,
10374,M010862,2026-01-12,
10374,M010862,2026-01-19,
10374,M010868,2025-12-29,
10374,M010868,2026-01-05,
10374,M010868,2026-01-12,
10374,M010868,2026-01-19,
10374,M009651,2025-12-29,
10374,M009651,2026-01-05,
10374,M009651,2026-01-12,
10374,M009651,2026-01-19,
10374,M009542,2025-12-29,
10374,M009542,2026-01-05,
10374,M009542,2026-01-12,
10374,M009542,2026-01-19,
10581,M010038,2025-12-29,
10581,M010038,2026-01-05,
10581,M010038,2026-01-12,
10581,M010038,2026-01-19,
10581,M013962,2025-12-29,
10581,M013962,2026-01-05,
10581,M013962,2026-01-12,
10581,M013962,2026-01-19,
10581,M009072,2025-12-29,
10581,M009072,2026-01-05,
10581,M009072,2026-01-12,
10581,M009072,2026-01-19,
10581,M013477,2025-12-29,
10581,M013477,2026-01-05,
10581,M013477,2026-01-12,
10581,M013477,2026-01-19,
10581,M009651,2025-12-29,
10581,M009651,2026-01-05,
10581,M009651,2026-01-12,
10581,M009651,2026-01-19,
10581,M009970,2025-12-29,
10581,M009970,2026-01-05,
10581,M009970,2026-01-12,
10581,M009970,2026-01-19,
10581,M009364,2025-12-29,
10581,M009364,2026-01-05,
10581,M009364,2026-01-12,
10581,M009364,2026-01-19,
10581,M010208,2025-12-29,
10581,M010208,2026-01-05,
10581,M010208,2026-01-12,
10581,M010208,2026-01-19,
10581,M010868,2025-12-29,
10581,M010868,2026-01-05,
10581,M010868,2026-01-12,
10581,M010868,2026-01-19,
10581,M016641,2025-12-29,
10581,M016641,2026-01-05,
10581,M016641,2026-01-12,
10581,M016641,2026-01-19,
10581,M010253,2025-12-29,
10581,M010253,2026-01-05,
10581,M010253,2026-01-12,
10581,M010253,2026-01-19,
10581,M013459,2025-12-29,
10581,M013459,2026-01-05,
10581,M013459,2026-01-12,
10581,M013459,2026-01-19,
10674,M012665,2025-12-29,
10674,M012665,2026-01-05,
10674,M012665,2026-01-12,
10674,M012665,2026-01-19,
10674,M010862,2025-12-29,
10674,M010862,2026-01-05,
10674,M010862,2026-01-12,
10674,M010862,2026-01-19,
10674,M013086,2025-12-29,
10674,M013086,2026-01-05,
10674,M013086,2026-01-12,
10674,M013086,2026-01-19,
10674,M011086,2025-12-29,
10674,M011086,2026-01-05,
10674,M011086,2026-01-12,
10674,M011086,2026-01-19,
10674,M013477,2025-12-29,
10674,M013477,2026-01-05,
10674,M013477,2026-01-12,
10674,M013477,2026-01-19,
10674,M010208,2025-12-29,
10674,M010208,2026-01-05,
10674,M010208,2026-01-12,
10674,M010208,2026-01-19,
10674,M009651,2025-12-29,
10674,M009651,2026-01-05,
10674,M009651,2026-01-12,
10674,M009651,2026-01-19,
10674,M013294,2025-12-29,
10674,M013294,2026-01-05,
10674,M013294,2026-01-12,
10674,M013294,2026-01-19,
10674,M010771,2025-12-29,
10674,M010771,2026-01-05,
10674,M010771,2026-01-12,
10674,M010771,2026-01-19,
10674,M010788,2025-12-29,
10674,M010788,2026-01-05,
10674,M010788,2026-01-12,
10674,M010788,2026-01-19,
10674,M010079,2025-12-29,
10674,M010079,2026-01-05,
10674,M010079,2026-01-12,
10674,M010079,2026-01-19,
10674,M011339,2025-12-29,
10674,M011339,2026-01-05,
10674,M011339,2026-01-12,
10674,M011339,2026-01-19,
10674,M013459,2025-12-29,
10674,M013459,2026-01-05,
10674,M013459,2026-01-12,
10674,M013459,2026-01-19,
10674,M012860,2025-12-29,
10674,M012860,2026-01-05,
10674,M012860,2026-01-12,
10674,M012860,2026-01-19,
10733,M010771,2025-12-29,
10733,M010771,2026-01-05,
10733,M010771,2026-01-12,
10733,M010771,2026-01-19,
10733,M012706,2025-12-29,
10733,M012706,2026-01-05,
10733,M012706,2026-01-12,
10733,M012706,2026-01-19,
10733,M010038,2025-12-29,
10733,M010038,2026-01-05,
10733,M010038,2026-01-12,
10733,M010038,2026-01-19,
10733,M009970,2025-12-29,
10733,M009970,2026-01-05,
10733,M009970,2026-01-12,
10733,M009970,2026-01-19,
10733,M010200,2025-12-29,
10733,M010200,2026-01-05,
10733,M010200,2026-01-12,
10733,M010200,2026-01-19,
10733,M009651,2025-12-29,
10733,M009651,2026-01-05,
10733,M009651,2026-01-12,
10733,M009651,2026-01-19,
10733,M010788,2025-12-29,
10733,M010788,2026-01-05,
10733,M010788,2026-01-12,
10733,M010788,2026-01-19,
10733,M014013,2025-12-29,
10733,M014013,2026-01-05,
10733,M014013,2026-01-12,
10733,M014013,2026-01-19,
10733,M010208,2025-12-29,
10733,M010208,2026-01-05,
10733,M010208,2026-01-12,
10733,M010208,2026-01-19,
10733,M009364,2025-12-29,
10733,M009364,2026-01-05,
10733,M009364,2026-01-12,
10733,M009364,2026-01-19,
10749,M009651,2025-12-29,
10749,M009651,2026-01-05,
10749,M009651,2026-01-12,
10749,M009651,2026-01-19,
10749,M010253,2025-12-29,
10749,M010253,2026-01-05,
10749,M010253,2026-01-12,
10749,M010253,2026-01-19,
10749,M009542,2025-12-29,
10749,M009542,2026-01-05,
10749,M009542,2026-01-12,
10749,M009542,2026-01-19,
10749,M013962,2025-12-29,
10749,M013962,2026-01-05,
10749,M013962,2026-01-12,
10749,M013962,2026-01-19,
10749,M009594,2025-12-29,
10749,M009594,2026-01-05,
10749,M009594,2026-01-12,
10749,M009594,2026-01-19,
10749,M010038,2025-12-29,
10749,M010038,2026-01-05,
10749,M010038,2026-01-12,
10749,M010038,2026-01-19,
10749,M013086,2025-12-29,
10749,M013086,2026-01-05,
10749,M013086,2026-01-12,
10749,M013086,2026-01-19,
10749,M009898,2025-12-29,
10749,M009898,2026-01-05,
10749,M009898,2026-01-12,
10749,M009898,2026-01-19,
10955,M014013,2025-12-29,
10955,M014013,2026-01-05,
10955,M014013,2026-01-12,
10955,M014013,2026-01-19,
10955,M009898,2025-12-29,
10955,M009898,2026-01-05,
10955,M009898,2026-01-12,
10955,M009898,2026-01-19,
10955,M012115,2025-12-29,
10955,M012115,2026-01-05,
10955,M012115,2026-01-12,
10955,M012115,2026-01-19,
10955,M013477,2025-12-29,
10955,M013477,2026-01-05,
10955,M013477,2026-01-12,
10955,M013477,2026-01-19,
10955,M010200,2025-12-29,
10955,M010200,2026-01-05,
10955,M010200,2026-01-12,
10955,M010200,2026-01-19,
10955,M009050,2025-12-29,
10955,M009050,2026-01-05,
10955,M009050,2026-01-12,
10955,M009050,2026-01-19,
10955,M012665,2025-12-29,
10955,M012665,2026-01-05,
10955,M012665,2026-01-12,
10955,M012665,2026-01-19,
10955,M013962,2025-12-29,
10955,M013962,2026-01-05,
10955,M013962,2026-01-12,
10955,M013962,2026-01-19,
10955,M010208,2025-12-29,
10955,M010208,2026-01-05,
10955,M010208,2026-01-12,
10955,M010208,2026-01-19,
10955,M010253,2025-12-29,
10955,M010253,2026-01-05,
10955,M010253,2026-01-12,
10955,M010253,2026-01-19,
11332,M014013,2025-12-29,
11332,M014013,2026-01-05,
11332,M014013,2026-01-12,
11332,M014013,2026-01-19,
11332,M009050,2025-12-29,
11332,M009050,2026-01-05,
11332,M009050,2026-01-12,
11332,M009050,2026-01-19,
11332,M013086,2025-12-29,
11332,M013086,2026-01-05,
11332,M013086,2026-01-12,
11332,M013086,2026-01-19,
11332,M010453,2025-12-29,
11332,M010453,2026-01-05,
11332,M010453,2026-01-12,
11332,M010453,2026-01-19,
11332,M010132,2025-12-29,
11332,M010132,2026-01-05,
11332,M010132,2026-01-12,
11332,M010132,2026-01-19,
11332,M012115,2025-12-29,
11332,M012115,2026-01-05,
11332,M012115,2026-01-12,
11332,M012115,2026-01-19,
11332,M012860,2025-12-29,
11332,M012860,2026-01-05,
11332,M012860,2026-01-12,
11332,M012860,2026-01-19,
11332,M012706,2025-12-29,
11332,M012706,2026-01-05,
11332,M012706,2026-01-12,
11332,M012706,2026-01-19,
11332,M010862,2025-12-29,
11332,M010862,2026-01-05,
11332,M010862,2026-01-12,
11332,M010862,2026-01-19,
11332,M010788,2025-12-29,
11332,M010788,2026-01-05,
11332,M010788,2026-01-12,
11332,M010788,2026-01-19,
11332,M010200,2025-12-29,
11332,M010200,2026-01-05,
11332,M010200,2026-01-12,
11332,M010200,2026-01-19,
11332,M009648,2025-12-29,
11332,M009648,2026-01-05,
11332,M009648,2026-01-12,
11332,M009648,2026-01-19,
11332,M010208,2025-12-29,
11332,M010208,2026-01-05,
11332,M010208,2026-01-12,
11332,M010208,2026-01-19,
11362,M010771,2025-12-29,
11362,M010771,2026-01-05,
11362,M010771,2026-01-12,
11362,M010771,2026-01-19,
11362,M010676,2025-12-29,
11362,M010676,2026-01-05,
11362,M010676,2026-01-12,
11362,M010676,2026-01-19,
11362,M010132,2025-12-29,
11362,M010132,2026-01-05,
11362,M010132,2026-01-12,
11362,M010132,2026-01-19,
11362,M010862,2025-12-29,
11362,M010862,2026-01-05,
11362,M010862,2026-01-12,
11362,M010862,2026-01-19,
11362,M009970,2025-12-29,
11362,M009970,2026-01-05,
11362,M009970,2026-01-12,
11362,M009970,2026-01-19,
11479,M010453,2025-12-29,
11479,M010453,2026-01-05,
11479,M010453,2026-01-12,
11479,M010453,2026-01-19,
11479,M009542,2025-12-29,
11479,M009542,2026-01-05,
11479,M009542,2026-01-12,
11479,M009542,2026-01-19,
11479,M013220,2025-12-29,
11479,M013220,2026-01-05,
11479,M013220,2026-01-12,
11479,M013220,2026-01-19,
11479,M010532,2025-12-29,
11479,M010532,2026-01-05,
11479,M010532,2026-01-12,
11479,M010532,2026-01-19,
11479,M010038,2025-12-29,
11479,M010038,2026-01-05,
11479,M010038,2026-01-12,
11479,M010038,2026-01-19,
11479,M014771,2025-12-29,
11479,M014771,2026-01-05,
11479,M014771,2026-01-12,
11479,M014771,2026-01-19,
11479,M009050,2025-12-29,
11479,M009050,2026-01-05,
11479,M009050,2026-01-12,
11479,M009050,2026-01-19,
11479,M009630,2025-12-29,
11479,M009630,2026-01-05,
11479,M009630,2026-01-12,
11479,M009630,2026-01-19,
11479,M009651,2025-12-29,
11479,M009651,2026-01-05,
11479,M009651,2026-01-12,
11479,M009651,2026-01-19,
11479,M012665,2025-12-29,
11479,M012665,2026-01-05,
11479,M012665,2026-01-12,
11479,M012665,2026-01-19,
11479,M009970,2025-12-29,
11479,M009970,2026-01-05,
11479,M009970,2026-01-12,
11479,M009970,2026-01-19,
11479,M010208,2025-12-29,
11479,M010208,2026-01-05,
11479,M010208,2026-01-12,
11479,M010208,2026-01-19,
11479,M011086,2025-12-29,
11479,M011086,2026-01-05,
11479,M011086,2026-01-12,
11479,M011086,2026-01-19,
11873,M009648,2025-12-29,
11873,M009648,2026-01-05,
11873,M009648,2026-01-12,
11873,M009648,2026-01-19,
11873,M010771,2025-12-29,
11873,M010771,2026-01-05,
11873,M010771,2026-01-12,
11873,M010771,2026-01-19,
11873,M009630,2025-12-29,
11873,M009630,2026-01-05,
11873,M009630,2026-01-12,
11873,M009630,2026-01-19,
11873,M013477,2025-12-29,
11873,M013477,2026-01-05,
11873,M013477,2026-01-12,
11873,M013477,2026-01-19,
11873,M013086,2025-12-29,
11873,M013086,2026-01-05,
11873,M013086,2026-01-12,
11873,M013086,2026-01-19,
11873,M010075,2025-12-29,
11873,M010075,2026-01-05,
11873,M010075,2026-01-12,
11873,M010075,2026-01-19,
11873,M010038,2025-12-29,
11873,M010038,2026-01-05,
11873,M010038,2026-01-12,
11873,M010038,2026-01-19,
11873,M009518,2025-12-29,
11873,M009518,2026-01-05,
11873,M009518,2026-01-12,
11873,M009518,2026-01-19,
11873,M009898,2025-12-29,
11873,M009898,2026-01-05,
11873,M009898,2026-01-12,
11873,M009898,2026-01-19,
11873,M013220,2025-12-29,
11873,M013220,2026-01-05,
11873,M013220,2026-01-12,
11873,M013220,2026-01-19,
11873,M012860,2025-12-29,
11873,M012860,2026-01-05,
11873,M012860,2026-01-12,
11873,M012860,2026-01-19,
11873,M010788,2025-12-29,
11873,M010788,2026-01-05,
11873,M010788,2026-01-12,
11873,M010788,2026-01-19,
11873,M011339,2025-12-29,
11873,M011339,2026-01-05,
11873,M011339,2026-01-12,
11873,M011339,2026-01-19,
11873,M010676,2025-12-29,
11873,M010676,2026-01-05,
11873,M010676,2026-01-12,
11873,M010676,2026-01-19,
11873,M011232,2025-12-29,
11873,M011232,2026-01-05,
11873,M011232,2026-01-12,
11873,M011232,2026-01-19,
11873,M010882,2025-12-29,
11873,M010882,2026-01-05,
11873,M010882,2026-01-12,
11873,M010882,2026-01-19,
11873,M013294,2025-12-29,
11873,M013294,2026-01-05,
11873,M013294,2026-01-12,
11873,M013294,2026-01-19,
11873,M012665,2025-12-29,
11873,M012665,2026-01-05,
11873,M012665,2026-01-12,
11873,M012665,2026-01-19,
11873,M010532,2025-12-29,
11873,M010532,2026-01-05,
11873,M010532,2026-01-12,
11873,M010532,2026-01-19,
11873,M010862,2025-12-29,
11873,M010862,2026-01-05,
11873,M010862,2026-01-12,
11873,M010862,2026-01-19,
11873,M016311,2025-12-29,
11873,M016311,2026-01-05,
11873,M016311,2026-01-12,
11873,M016311,2026-01-19,
11873,M010868,2025-12-29,
11873,M010868,2026-01-05,
11873,M010868,2026-01-12,
11873,M010868,2026-01-19,
11876,M013477,2025-12-29,
11876,M013477,2026-01-05,
11876,M013477,2026-01-12,
11876,M013477,2026-01-19,
11876,M010532,2025-12-29,
11876,M010532,2026-01-05,
11876,M010532,2026-01-12,
11876,M010532,2026-01-19,
11876,M009284,2025-12-29,
11876,M009284,2026-01-05,
11876,M009284,2026-01-12,
11876,M009284,2026-01-19,
11876,M016641,2025-12-29,
11876,M016641,2026-01-05,
11876,M016641,2026-01-12,
11876,M016641,2026-01-19,
11876,M013086,2025-12-29,
11876,M013086,2026-01-05,
11876,M013086,2026-01-12,
11876,M013086,2026-01-19,
11876,M010184,2025-12-29,
11876,M010184,2026-01-05,
11876,M010184,2026-01-12,
11876,M010184,2026-01-19,
11876,M012665,2025-12-29,
11876,M012665,2026-01-05,
11876,M012665,2026-01-12,
11876,M012665,2026-01-19,
11876,M009542,2025-12-29,
11876,M009542,2026-01-05,
11876,M009542,2026-01-12,
11876,M009542,2026-01-19,
11876,M009898,2025-12-29,
11876,M009898,2026-01-05,
11876,M009898,2026-01-12,
11876,M009898,2026-01-19,
11876,M010253,2025-12-29,
11876,M010253,2026-01-05,
11876,M010253,2026-01-12,
11876,M010253,2026-01-19,
11876,M009630,2025-12-29,
11876,M009630,2026-01-05,
11876,M009630,2026-01-12,
11876,M009630,2026-01-19,
11876,M011232,2025-12-29,
11876,M011232,2026-01-05,
11876,M011232,2026-01-12,
11876,M011232,2026-01-19,
11876,M009970,2025-12-29,
11876,M009970,2026-01-05,
11876,M009970,2026-01-12,
11876,M009970,2026-01-19,
11876,M013220,2025-12-29,
11876,M013220,2026-01-05,
11876,M013220,2026-01-12,
11876,M013220,2026-01-19,
11936,M009050,2025-12-29,
11936,M009050,2026-01-05,
11936,M009050,2026-01-12,
11936,M009050,2026-01-19,
11936,M009648,2025-12-29,
11936,M009648,2026-01-05,
11936,M009648,2026-01-12,
11936,M009648,2026-01-19,
11936,M010079,2025-12-29,
11936,M010079,2026-01-05,
11936,M010079,2026-01-12,
11936,M010079,2026-01-19,
11936,M010200,2025-12-29,
11936,M010200,2026-01-05,
11936,M010200,2026-01-12,
11936,M010200,2026-01-19,
11936,M013962,2025-12-29,
11936,M013962,2026-01-05,
11936,M013962,2026-01-12,
11936,M013962,2026-01-19,
11936,M009630,2025-12-29,
11936,M009630,2026-01-05,
11936,M009630,2026-01-12,
11936,M009630,2026-01-19,
11936,M010208,2025-12-29,
11936,M010208,2026-01-05,
11936,M010208,2026-01-12,
11936,M010208,2026-01-19,
11936,M010132,2025-12-29,
11936,M010132,2026-01-05,
11936,M010132,2026-01-12,
11936,M010132,2026-01-19,
11936,M009651,2025-12-29,
11936,M009651,2026-01-05,
11936,M009651,2026-01-12,
11936,M009651,2026-01-19,
11936,M010771,2025-12-29,
11936,M010771,2026-01-05,
11936,M010771,2026-01-12,
11936,M010771,2026-01-19,
11936,M012706,2025-12-29,
11936,M012706,2026-01-05,
11936,M012706,2026-01-12,
11936,M012706,2026-01-19,
11936,M013220,2025-12-29,
11936,M013220,2026-01-05,
11936,M013220,2026-01-12,
11936,M013220,2026-01-19,
11936,M010075,2025-12-29,
11936,M010075,2026-01-05,
11936,M010075,2026-01-12,
11936,M010075,2026-01-19,
11936,M009371,2025-12-29,
11936,M009371,2026-01-05,
11936,M009371,2026-01-12,
11936,M009371,2026-01-19,
11936,M010184,2025-12-29,
11936,M010184,2026-01-05,
11936,M010184,2026-01-12,
11936,M010184,2026-01-19,
11936,M009970,2025-12-29,
11936,M009970,2026-01-05,
11936,M009970,2026-01-12,
11936,M009970,2026-01-19,
11936,M010082,2025-12-29,
11936,M010082,2026-01-05,
11936,M010082,2026-01-12,
11936,M010082,2026-01-19,
11936,M014013,2025-12-29,
11936,M014013,2026-01-05,
11936,M014013,2026-01-12,
11936,M014013,2026-01-19,
11936,M009364,2025-12-29,
11936,M009364,2026-01-05,
11936,M009364,2026-01-12,
11936,M009364,2026-01-19,
11936,M009594,2025-12-29,
11936,M009594,2026-01-05,
11936,M009594,2026-01-12,
11936,M009594,2026-01-19,
12025,M011232,2025-12-29,
12025,M011232,2026-01-05,
12025,M011232,2026-01-12,
12025,M011232,2026-01-19,
12025,M009648,2025-12-29,
12025,M009648,2026-01-05,
12025,M009648,2026-01-12,
12025,M009648,2026-01-19,
12025,M009072,2025-12-29,
12025,M009072,2026-01-05,
12025,M009072,2026-01-12,
12025,M009072,2026-01-19,
12025,M012115,2025-12-29,
12025,M012115,2026-01-05,
12025,M012115,2026-01-12,
12025,M012115,2026-01-19,
12025,M010453,2025-12-29,
12025,M010453,2026-01-05,
12025,M010453,2026-01-12,
12025,M010453,2026-01-19,
12025,M009594,2025-12-29,
12025,M009594,2026-01-05,
12025,M009594,2026-01-12,
12025,M009594,2026-01-19,
12025,M013086,2025-12-29,
12025,M013086,2026-01-05,
12025,M013086,2026-01-12,
12025,M013086,2026-01-19,
12025,M009651,2025-12-29,
12025,M009651,2026-01-05,
12025,M009651,2026-01-12,
12025,M009651,2026-01-19,
12025,M013962,2025-12-29,
12025,M013962,2026-01-05,
12025,M013962,2026-01-12,
12025,M013962,2026-01-19,
12025,M010184,2025-12-29,
12025,M010184,2026-01-05,
12025,M010184,2026-01-12,
12025,M010184,2026-01-19,
12025,M010079,2025-12-29,
12025,M010079,2026-01-05,
12025,M010079,2026-01-12,
12025,M010079,2026-01-19,
12027,M012115,2025-12-29,
12027,M012115,2026-01-05,
12027,M012115,2026-01-12,
12027,M012115,2026-01-19,
12027,M009630,2025-12-29,
12027,M009630,2026-01-05,
12027,M009630,2026-01-12,
12027,M009630,2026-01-19,
12027,M010200,2025-12-29,
12027,M010200,2026-01-05,
12027,M010200,2026-01-12,
12027,M010200,2026-01-19,
12027,M010253,2025-12-29,
12027,M010253,2026-01-05,
12027,M010253,2026-01-12,
12027,M010253,2026-01-19,
12027,M010075,2025-12-29,
12027,M010075,2026-01-05,
12027,M010075,2026-01-12,
12027,M010075,2026-01-19,
12027,M014013,2025-12-29,
12027,M014013,2026-01-05,
12027,M014013,2026-01-12,
12027,M014013,2026-01-19,
12027,M013477,2025-12-29,
12027,M013477,2026-01-05,
12027,M013477,2026-01-12,
12027,M013477,2026-01-19,
12027,M012706,2025-12-29,
12027,M012706,2026-01-05,
12027,M012706,2026-01-12,
12027,M012706,2026-01-19,
12027,M010882,2025-12-29,
12027,M010882,2026-01-05,
12027,M010882,2026-01-12,
12027,M010882,2026-01-19,
12027,M013962,2025-12-29,
12027,M013962,2026-01-05,
12027,M013962,2026-01-12,
12027,M013962,2026-01-19,
12027,M010082,2025-12-29,
12027,M010082,2026-01-05,
12027,M010082,2026-01-12,
12027,M010082,2026-01-19,
12027,M011086,2025-12-29,
12027,M011086,2026-01-05,
12027,M011086,2026-01-12,
12027,M011086,2026-01-19,
12027,M009594,2025-12-29,
12027,M009594,2026-01-05,
12027,M009594,2026-01-12,
12027,M009594,2026-01-19,
12027,M011232,2025-12-29,
12027,M011232,2026-01-05,
12027,M011232,2026-01-12,
12027,M011232,2026-01-19,
12027,M016641,2025-12-29,
12027,M016641,2026-01-05,
12027,M016641,2026-01-12,
12027,M016641,2026-01-19,
12027,M009518,2025-12-29,
12027,M009518,2026-01-05,
12027,M009518,2026-01-12,
12027,M009518,2026-01-19,
12027,M009542,2025-12-29,
12027,M009542,2026-01-05,
12027,M009542,2026-01-12,
12027,M009542,2026-01-19,
12027,M010532,2025-12-29,
12027,M010532,2026-01-05,
12027,M010532,2026-01-12,
12027,M010532,2026-01-19,
12027,M012665,2025-12-29,
12027,M012665,2026-01-05,
12027,M012665,2026-01-12,
12027,M012665,2026-01-19,
12027,M010079,2025-12-29,
12027,M010079,2026-01-05,
12027,M010079,2026-01-12,
12027,M010079,2026-01-19,
12027,M012860,2025-12-29,
12027,M012860,2026-01-05,
12027,M012860,2026-01-12,
12027,M012860,2026-01-19,
12027,M009364,2025-12-29,
12027,M009364,2026-01-05,
12027,M009364,2026-01-12,
12027,M009364,2026-01-19,
12027,M010788,2025-12-29,
12027,M010788,2026-01-05,
12027,M010788,2026-01-12,
12027,M010788,2026-01-19,
12027,M013294,2025-12-29,
12027,M013294,2026-01-05,
12027,M013294,2026-01-12,
12027,M013294,2026-01-19,
12180,M009284,2025-12-29,
12180,M009284,2026-01-05,
12180,M009284,2026-01-12,
12180,M009284,2026-01-19,
12180,M016641,2025-12-29,
12180,M016641,2026-01-05,
12180,M016641,2026-01-12,
12180,M016641,2026-01-19,
12180,M013220,2025-12-29,
12180,M013220,2026-01-05,
12180,M013220,2026-01-12,
12180,M013220,2026-01-19,
12180,M010453,2025-12-29,
12180,M010453,2026-01-05,
12180,M010453,2026-01-12,
12180,M010453,2026-01-19,
12180,M012706,2025-12-29,
12180,M012706,2026-01-05,
12180,M012706,2026-01-12,
12180,M012706,2026-01-19,
12180,M011086,2025-12-29,
12180,M011086,2026-01-05,
12180,M011086,2026-01-12,
12180,M011086,2026-01-19,
12180,M010079,2025-12-29,
12180,M010079,2026-01-05,
12180,M010079,2026-01-12,
12180,M010079,2026-01-19,
12180,M013294,2025-12-29,
12180,M013294,2026-01-05,
12180,M013294,2026-01-12,
12180,M013294,2026-01-19,
12180,M012860,2025-12-29,
12180,M012860,2026-01-05,
12180,M012860,2026-01-12,
12180,M012860,2026-01-19,
12180,M011232,2025-12-29,
12180,M011232,2026-01-05,
12180,M011232,2026-01-12,
12180,M011232,2026-01-19,
12180,M009898,2025-12-29,
12180,M009898,2026-01-05,
12180,M009898,2026-01-12,
12180,M009898,2026-01-19,
12180,M010788,2025-12-29,
12180,M010788,2026-01-05,
12180,M010788,2026-01-12,
12180,M010788,2026-01-19,
12180,M009050,2025-12-29,
12180,M009050,2026-01-05,
12180,M009050,2026-01-12,
12180,M009050,2026-01-19,
12180,M013962,2025-12-29,
12180,M013962,2026-01-05,
12180,M013962,2026-01-12,
12180,M013962,2026-01-19,
12180,M009648,2025-12-29,
12180,M009648,2026-01-05,
12180,M009648,2026-01-12,
12180,M009648,2026-01-19,
12407,M010082,2025-12-29,
12407,M010082,2026-01-05,
12407,M010082,2026-01-12,
12407,M010082,2026-01-19,
12407,M010253,2025-12-29,
12407,M010253,2026-01-05,
12407,M010253,2026-01-12,
12407,M010253,2026-01-19,
12407,M013477,2025-12-29,
12407,M013477,2026-01-05,
12407,M013477,2026-01-12,
12407,M013477,2026-01-19,
12407,M009050,2025-12-29,
12407,M009050,2026-01-05,
12407,M009050,2026-01-12,
12407,M009050,2026-01-19,
12407,M009364,2025-12-29,
12407,M009364,2026-01-05,
12407,M009364,2026-01-12,
12407,M009364,2026-01-19,
12407,M012860,2025-12-29,
12407,M012860,2026-01-05,
12407,M012860,2026-01-12,
12407,M012860,2026-01-19,
12407,M011232,2025-12-29,
12407,M011232,2026-01-05,
12407,M011232,2026-01-12,
12407,M011232,2026-01-19,
12407,M011339,2025-12-29,
12407,M011339,2026-01-05,
12407,M011339,2026-01-12,
12407,M011339,2026-01-19,
12407,M009651,2025-12-29,
12407,M009651,2026-01-05,
12407,M009651,2026-01-12,
12407,M009651,2026-01-19,
12442,M013294,2025-12-29,
12442,M013294,2026-01-05,
12442,M013294,2026-01-12,
12442,M013294,2026-01-19,
12442,M013220,2025-12-29,
12442,M013220,2026-01-05,
12442,M013220,2026-01-12,
12442,M013220,2026-01-19,
12442,M011086,2025-12-29,
12442,M011086,2026-01-05,
12442,M011086,2026-01-12,
12442,M011086,2026-01-19,
12442,M009630,2025-12-29,
12442,M009630,2026-01-05,
12442,M009630,2026-01-12,
12442,M009630,2026-01-19,
12442,M010771,2025-12-29,
12442,M010771,2026-01-05,
12442,M010771,2026-01-12,
12442,M010771,2026-01-19,
12442,M013477,2025-12-29,
12442,M013477,2026-01-05,
12442,M013477,2026-01-12,
12442,M013477,2026-01-19,
12442,M009898,2025-12-29,
12442,M009898,2026-01-05,
12442,M009898,2026-01-12,
12442,M009898,2026-01-19,
12939,M010082,2025-12-29,
12939,M010082,2026-01-05,
12939,M010082,2026-01-12,
12939,M010082,2026-01-19,
12939,M009970,2025-12-29,
12939,M009970,2026-01-05,
12939,M009970,2026-01-12,
12939,M009970,2026-01-19,
12939,M010532,2025-12-29,
12939,M010532,2026-01-05,
12939,M010532,2026-01-12,
12939,M010532,2026-01-19,
12939,M010200,2025-12-29,
12939,M010200,2026-01-05,
12939,M010200,2026-01-12,
12939,M010200,2026-01-19,
12939,M013086,2025-12-29,
12939,M013086,2026-01-05,
12939,M013086,2026-01-12,
12939,M013086,2026-01-19,
12939,M009648,2025-12-29,
12939,M009648,2026-01-05,
12939,M009648,2026-01-12,
12939,M009648,2026-01-19,
12939,M009072,2025-12-29,
12939,M009072,2026-01-05,
12939,M009072,2026-01-12,
12939,M009072,2026-01-19,
12939,M010788,2025-12-29,
12939,M010788,2026-01-05,
12939,M010788,2026-01-12,
12939,M010788,2026-01-19,
12939,M011339,2025-12-29,
12939,M011339,2026-01-05,
12939,M011339,2026-01-12,
12939,M011339,2026-01-19,
12939,M016641,2025-12-29,
12939,M016641,2026-01-05,
12939,M016641,2026-01-12,
12939,M016641,2026-01-19,
12939,M014013,2025-12-29,
12939,M014013,2026-01-05,
12939,M014013,2026-01-12,
12939,M014013,2026-01-19,
12939,M010868,2025-12-29,
12939,M010868,2026-01-05,
12939,M010868,2026-01-12,
12939,M010868,2026-01-19,
12939,M012706,2025-12-29,
12939,M012706,2026-01-05,
12939,M012706,2026-01-12,
12939,M012706,2026-01-19,
12939,M009651,2025-12-29,
12939,M009651,2026-01-05,
12939,M009651,2026-01-12,
12939,M009651,2026-01-19,
12939,M010038,2025-12-29,
12939,M010038,2026-01-05,
12939,M010038,2026-01-12,
12939,M010038,2026-01-19,
12939,M013220,2025-12-29,
12939,M013220,2026-01-05,
12939,M013220,2026-01-12,
12939,M013220,2026-01-19,
12939,M010453,2025-12-29,
12939,M010453,2026-01-05,
12939,M010453,2026-01-12,
12939,M010453,2026-01-19,
12979,M013220,2025-12-29,
12979,M013220,2026-01-05,
12979,M013220,2026-01-12,
12979,M013220,2026-01-19,
12979,M010253,2025-12-29,
12979,M010253,2026-01-05,
12979,M010253,2026-01-12,
12979,M010253,2026-01-19,
12979,M012115,2025-12-29,
12979,M012115,2026-01-05,
12979,M012115,2026-01-12,
12979,M012115,2026-01-19,
12979,M009594,2025-12-29,
12979,M009594,2026-01-05,
12979,M009594,2026-01-12,
12979,M009594,2026-01-19,
12979,M009651,2025-12-29,
12979,M009651,2026-01-05,
12979,M009651,2026-01-12,
12979,M009651,2026-01-19,
12979,M009970,2025-12-29,
12979,M009970,2026-01-05,
12979,M009970,2026-01-12,
12979,M009970,2026-01-19,
12979,M016641,2025-12-29,
12979,M016641,2026-01-05,
12979,M016641,2026-01-12,
12979,M016641,2026-01-19,
12979,M010868,2025-12-29,
12979,M010868,2026-01-05,
12979,M010868,2026-01-12,
12979,M010868,2026-01-19,
12979,M010082,2025-12-29,
12979,M010082,2026-01-05,
12979,M010082,2026-01-12,
12979,M010082,2026-01-19,
13219,M011086,2025-12-29,
13219,M011086,2026-01-05,
13219,M011086,2026-01-12,
13219,M011086,2026-01-19,
13219,M010453,2025-12-29,
13219,M010453,2026-01-05,
13219,M010453,2026-01-12,
13219,M010453,2026-01-19,
13219,M009542,2025-12-29,
13219,M009542,2026-01-05,
13219,M009542,2026-01-12,
13219,M009542,2026-01-19,
13219,M010788,2025-12-29,
13219,M010788,2026-01-05,
13219,M010788,2026-01-12,
13219,M010788,2026-01-19,
13219,M013459,2025-12-29,
13219,M013459,2026-01-05,
13219,M013459,2026-01-12,
13219,M013459,2026-01-19,
13219,M011339,2025-12-29,
13219,M011339,2026-01-05,
13219,M011339,2026-01-12,
13219,M011339,2026-01-19,
13219,M010771,2025-12-29,
13219,M010771,2026-01-05,
13219,M010771,2026-01-12,
13219,M010771,2026-01-19,
13219,M010868,2025-12-29,
13219,M010868,2026-01-05,
13219,M010868,2026-01-12,
13219,M010868,2026-01-19,
13219,M013220,2025-12-29,
13219,M013220,2026-01-05,
13219,M013220,2026-01-12,
13219,M013220,2026-01-19,
13219,M009898,2025-12-29,
13219,M009898,2026-01-05,
13219,M009898,2026-01-12,
13219,M009898,2026-01-19,
13219,M010253,2025-12-29,
13219,M010253,2026-01-05,
13219,M010253,2026-01-12,
13219,M010253,2026-01-19,
13219,M010208,2025-12-29,
13219,M010208,2026-01-05,
13219,M010208,2026-01-12,
13219,M010208,2026-01-19,
2650,M009630,2025-12-29,
2650,M009630,2026-01-05,
2650,M009630,2026-01-12,
2650,M009630,2026-01-19,
2650,M010676,2025-12-29,
2650,M010676,2026-01-05,
2650,M010676,2026-01-12,
2650,M010676,2026-01-19,
2650,M013962,2025-12-29,
2650,M013962,2026-01-05,
2650,M013962,2026-01-12,
2650,M013962,2026-01-19,
2650,M016641,2025-12-29,
2650,M016641,2026-01-05,
2650,M016641,2026-01-12,
2650,M016641,2026-01-19,
2650,M010868,2025-12-29,
2650,M010868,2026-01-05,
2650,M010868,2026-01-12,
2650,M010868,2026-01-19,
2650,M011086,2025-12-29,
2650,M011086,2026-01-05,
2650,M011086,2026-01-12,
2650,M011086,2026-01-19,
2650,M010771,2025-12-29,
2650,M010771,2026-01-05,
2650,M010771,2026-01-12,
2650,M010771,2026-01-19,
2650,M010532,2025-12-29,
2650,M010532,2026-01-05,
2650,M010532,2026-01-12,
2650,M010532,2026-01-19,
2650,M010132,2025-12-29,
2650,M010132,2026-01-05,
2650,M010132,2026-01-12,
2650,M010132,2026-01-19,
2650,M010079,2025-12-29,
2650,M010079,2026-01-05,
2650,M010079,2026-01-12,
2650,M010079,2026-01-19,
2650,M013086,2025-12-29,
2650,M013086,2026-01-05,
2650,M013086,2026-01-12,
2650,M013086,2026-01-19,
2650,M009050,2025-12-29,
2650,M009050,2026-01-05,
2650,M009050,2026-01-12,
2650,M009050,2026-01-19,
2766,M010453,2025-12-29,
2766,M010453,2026-01-05,
2766,M010453,2026-01-12,
2766,M010453,2026-01-19,
2766,M009651,2025-12-29,
2766,M009651,2026-01-05,
2766,M009651,2026-01-12,
2766,M009651,2026-01-19,
2766,M010532,2025-12-29,
2766,M010532,2026-01-05,
2766,M010532,2026-01-12,
2766,M010532,2026-01-19,
2766,M013962,2025-12-29,
2766,M013962,2026-01-05,
2766,M013962,2026-01-12,
2766,M013962,2026-01-19,
2766,M013086,2025-12-29,
2766,M013086,2026-01-05,
2766,M013086,2026-01-12,
2766,M013086,2026-01-19,
2966,M012115,2025-12-29,
2966,M012115,2026-01-05,
2966,M012115,2026-01-12,
2966,M012115,2026-01-19,
2966,M010132,2025-12-29,
2966,M010132,2026-01-05,
2966,M010132,2026-01-12,
2966,M010132,2026-01-19,
2966,M009594,2025-12-29,
2966,M009594,2026-01-05,
2966,M009594,2026-01-12,
2966,M009594,2026-01-19,
2966,M009630,2025-12-29,
2966,M009630,2026-01-05,
2966,M009630,2026-01-12,
2966,M009630,2026-01-19,
2966,M016641,2025-12-29,
2966,M016641,2026-01-05,
2966,M016641,2026-01-12,
2966,M016641,2026-01-19,
2966,M010453,2025-12-29,
2966,M010453,2026-01-05,
2966,M010453,2026-01-12,
2966,M010453,2026-01-19,
2966,M009072,2025-12-29,
2966,M009072,2026-01-05,
2966,M009072,2026-01-12,
2966,M009072,2026-01-19,
2966,M010082,2025-12-29,
2966,M010082,2026-01-05,
2966,M010082,2026-01-12,
2966,M010082,2026-01-19,
2966,M012860,2025-12-29,
2966,M012860,2026-01-05,
2966,M012860,2026-01-12,
2966,M012860,2026-01-19,
4836,M012665,2025-12-29,
4836,M012665,2026-01-05,
4836,M012665,2026-01-12,
4836,M012665,2026-01-19,
4836,M011339,2025-12-29,
4836,M011339,2026-01-05,
4836,M011339,2026-01-12,
4836,M011339,2026-01-19,
4836,M010862,2025-12-29,
4836,M010862,2026-01-05,
4836,M010862,2026-01-12,
4836,M010862,2026-01-19,
4836,M009898,2025-12-29,
4836,M009898,2026-01-05,
4836,M009898,2026-01-12,
4836,M009898,2026-01-19,
4836,M010453,2025-12-29,
4836,M010453,2026-01-05,
4836,M010453,2026-01-12,
4836,M010453,2026-01-19,
4836,M013962,2025-12-29,
4836,M013962,2026-01-05,
4836,M013962,2026-01-12,
4836,M013962,2026-01-19,
4836,M010868,2025-12-29,
4836,M010868,2026-01-05,
4836,M010868,2026-01-12,
4836,M010868,2026-01-19,
4836,M013294,2025-12-29,
4836,M013294,2026-01-05,
4836,M013294,2026-01-12,
4836,M013294,2026-01-19,
4836,M010184,2025-12-29,
4836,M010184,2026-01-05,
4836,M010184,2026-01-12,
4836,M010184,2026-01-19,
4836,M010132,2025-12-29,
4836,M010132,2026-01-05,
4836,M010132,2026-01-12,
4836,M010132,2026-01-19,
4836,M010771,2025-12-29,
4836,M010771,2026-01-05,
4836,M010771,2026-01-12,
4836,M010771,2026-01-19,
4836,M009284,2025-12-29,
4836,M009284,2026-01-05,
4836,M009284,2026-01-12,
4836,M009284,2026-01-19,
4836,M014013,2025-12-29,
4836,M014013,2026-01-05,
4836,M014013,2026-01-12,
4836,M014013,2026-01-19,
4836,M013477,2025-12-29,
4836,M013477,2026-01-05,
4836,M013477,2026-01-12,
4836,M013477,2026-01-19,
4836,M013459,2025-12-29,
4836,M013459,2026-01-05,
4836,M013459,2026-01-12,
4836,M013459,2026-01-19,
6095,M012115,2025-12-29,
6095,M012115,2026-01-05,
6095,M012115,2026-01-12,
6095,M012115,2026-01-19,
6095,M009050,2025-12-29,
6095,M009050,2026-01-05,
6095,M009050,2026-01-12,
6095,M009050,2026-01-19,
6095,M009898,2025-12-29,
6095,M009898,2026-01-05,
6095,M009898,2026-01-12,
6095,M009898,2026-01-19,
6095,M009630,2025-12-29,
6095,M009630,2026-01-05,
6095,M009630,2026-01-12,
6095,M009630,2026-01-19,
6095,M010208,2025-12-29,
6095,M010208,2026-01-05,
6095,M010208,2026-01-12,
6095,M010208,2026-01-19,
6095,M009542,2025-12-29,
6095,M009542,2026-01-05,
6095,M009542,2026-01-12,
6095,M009542,2026-01-19,
6095,M013477,2025-12-29,
6095,M013477,2026-01-05,
6095,M013477,2026-01-12,
6095,M013477,2026-01-19,
6095,M009284,2025-12-29,
6095,M009284,2026-01-05,
6095,M009284,2026-01-12,
6095,M009284,2026-01-19,
6095,M010676,2025-12-29,
6095,M010676,2026-01-05,
6095,M010676,2026-01-12,
6095,M010676,2026-01-19,
6095,M010184,2025-12-29,
6095,M010184,2026-01-05,
6095,M010184,2026-01-12,
6095,M010184,2026-01-19,
6095,M010082,2025-12-29,
6095,M010082,2026-01-05,
6095,M010082,2026-01-12,
6095,M010082,2026-01-19,
6095,M013962,2025-12-29,
6095,M013962,2026-01-05,
6095,M013962,2026-01-12,
6095,M013962,2026-01-19,
6095,M009364,2025-12-29,
6095,M009364,2026-01-05,
6095,M009364,2026-01-12,
6095,M009364,2026-01-19,
6095,M010132,2025-12-29,
6095,M010132,2026-01-05,
6095,M010132,2026-01-12,
6095,M010132,2026-01-19,
6095,M009648,2025-12-29,
6095,M009648,2026-01-05,
6095,M009648,2026-01-12,
6095,M009648,2026-01-19,
7859,M010453,2025-12-29,
7859,M010453,2026-01-05,
7859,M010453,2026-01-12,
7859,M010453,2026-01-19,
7859,M009050,2025-12-29,
7859,M009050,2026-01-05,
7859,M009050,2026-01-12,
7859,M009050,2026-01-19,
7859,M009518,2025-12-29,
7859,M009518,2026-01-05,
7859,M009518,2026-01-12,
7859,M009518,2026-01-19,
7859,M010132,2025-12-29,
7859,M010132,2026-01-05,
7859,M010132,2026-01-12,
7859,M010132,2026-01-19,
7859,M013477,2025-12-29,
7859,M013477,2026-01-05,
7859,M013477,2026-01-12,
7859,M013477,2026-01-19,
7859,M010184,2025-12-29,
7859,M010184,2026-01-05,
7859,M010184,2026-01-12,
7859,M010184,2026-01-19,
7859,M009594,2025-12-29,
7859,M009594,2026-01-05,
7859,M009594,2026-01-12,
7859,M009594,2026-01-19,
7859,M014771,2025-12-29,
7859,M014771,2026-01-05,
7859,M014771,2026-01-12,
7859,M014771,2026-01-19,
7859,M010788,2025-12-29,
7859,M010788,2026-01-05,
7859,M010788,2026-01-12,
7859,M010788,2026-01-19,
7859,M011075,2025-12-29,
7859,M011075,2026-01-05,
7859,M011075,2026-01-12,
7859,M011075,2026-01-19,
7859,M009970,2025-12-29,
7859,M009970,2026-01-05,
7859,M009970,2026-01-12,
7859,M009970,2026-01-19,
7859,M010204,2025-12-29,
7859,M010204,2026-01-05,
7859,M010204,2026-01-12,
7859,M010204,2026-01-19,
7859,M010868,2025-12-29,
7859,M010868,2026-01-05,
7859,M010868,2026-01-12,
7859,M010868,2026-01-19,
7859,M010771,2025-12-29,
7859,M010771,2026-01-05,
7859,M010771,2026-01-12,
7859,M010771,2026-01-19,
7859,M009364,2025-12-29,
7859,M009364,2026-01-05,
7859,M009364,2026-01-12,
7859,M009364,2026-01-19,
7859,M012706,2025-12-29,
7859,M012706,2026-01-05,
7859,M012706,2026-01-12,
7859,M012706,2026-01-19,
7859,M012665,2025-12-29,
7859,M012665,2026-01-05,
7859,M012665,2026-01-12,
7859,M012665,2026-01-19,
7859,M009651,2025-12-29,
7859,M009651,2026-01-05,
7859,M009651,2026-01-12,
7859,M009651,2026-01-19,
7859,M016350,2025-12-29,
7859,M016350,2026-01-05,
7859,M016350,2026-01-12,
7859,M016350,2026-01-19,
7859,M010882,2025-12-29,
7859,M010882,2026-01-05,
7859,M010882,2026-01-12,
7859,M010882,2026-01-19,
7859,M009898,2025-12-29,
7859,M009898,2026-01-05,
7859,M009898,2026-01-12,
7859,M009898,2026-01-19,
7859,M009371,2025-12-29,
7859,M009371,2026-01-05,
7859,M009371,2026-01-12,
7859,M009371,2026-01-19,
7859,M009072,2025-12-29,
7859,M009072,2026-01-05,
7859,M009072,2026-01-12,
7859,M009072,2026-01-19,
7859,M016311,2025-12-29,
7859,M016311,2026-01-05,
7859,M016311,2026-01-12,
7859,M016311,2026-01-19,
7859,M011086,2025-12-29,
7859,M011086,2026-01-05,
7859,M011086,2026-01-12,
7859,M011086,2026-01-19,
7960,M010788,2025-12-29,
7960,M010788,2026-01-05,
7960,M010788,2026-01-12,
7960,M010788,2026-01-19,
7960,M013477,2025-12-29,
7960,M013477,2026-01-05,
7960,M013477,2026-01-12,
7960,M013477,2026-01-19,
7960,M011232,2025-12-29,
7960,M011232,2026-01-05,
7960,M011232,2026-01-12,
7960,M011232,2026-01-19,
7960,M009651,2025-12-29,
7960,M009651,2026-01-05,
7960,M009651,2026-01-12,
7960,M009651,2026-01-19,
7960,M009284,2025-12-29,
7960,M009284,2026-01-05,
7960,M009284,2026-01-12,
7960,M009284,2026-01-19,
8194,M009651,2025-12-29,
8194,M009651,2026-01-05,
8194,M009651,2026-01-12,
8194,M009651,2026-01-19,
8194,M010082,2025-12-29,
8194,M010082,2026-01-05,
8194,M010082,2026-01-12,
8194,M010082,2026-01-19,
8194,M009648,2025-12-29,
8194,M009648,2026-01-05,
8194,M009648,2026-01-12,
8194,M009648,2026-01-19,
8194,M010079,2025-12-29,
8194,M010079,2026-01-05,
8194,M010079,2026-01-12,
8194,M010079,2026-01-19,
8194,M009284,2025-12-29,
8194,M009284,2026-01-05,
8194,M009284,2026-01-12,
8194,M009284,2026-01-19,
8194,M010676,2025-12-29,
8194,M010676,2026-01-05,
8194,M010676,2026-01-12,
8194,M010676,2026-01-19,
8194,M013459,2025-12-29,
8194,M013459,2026-01-05,
8194,M013459,2026-01-12,
8194,M013459,2026-01-19,
8692,M010079,2025-12-29,
8692,M010079,2026-01-05,
8692,M010079,2026-01-12,
8692,M010079,2026-01-19,
8692,M009648,2025-12-29,
8692,M009648,2026-01-05,
8692,M009648,2026-01-12,
8692,M009648,2026-01-19,
8692,M010132,2025-12-29,
8692,M010132,2026-01-05,
8692,M010132,2026-01-12,
8692,M010132,2026-01-19,
8692,M010200,2025-12-29,
8692,M010200,2026-01-05,
8692,M010200,2026-01-12,
8692,M010200,2026-01-19,
8692,M013220,2025-12-29,
8692,M013220,2026-01-05,
8692,M013220,2026-01-12,
8692,M013220,2026-01-19,
8692,M010676,2025-12-29,
8692,M010676,2026-01-05,
8692,M010676,2026-01-12,
8692,M010676,2026-01-19,
8692,M011086,2025-12-29,
8692,M011086,2026-01-05,
8692,M011086,2026-01-12,
8692,M011086,2026-01-19,
8692,M012115,2025-12-29,
8692,M012115,2026-01-05,
8692,M012115,2026-01-12,
8692,M012115,2026-01-19,
8692,M014771,2025-12-29,
8692,M014771,2026-01-05,
8692,M014771,2026-01-12,
8692,M014771,2026-01-19,
8692,M010253,2025-12-29,
8692,M010253,2026-01-05,
8692,M010253,2026-01-12,
8692,M010253,2026-01-19,
8692,M009651,2025-12-29,
8692,M009651,2026-01-05,
8692,M009651,2026-01-12,
8692,M009651,2026-01-19,
8692,M010532,2025-12-29,
8692,M010532,2026-01-05,
8692,M010532,2026-01-12,
8692,M010532,2026-01-19,
8692,M009364,2025-12-29,
8692,M009364,2026-01-05,
8692,M009364,2026-01-12,
8692,M009364,2026-01-19,
10479,M013220,2025-12-29,
10479,M013220,2026-01-05,
10479,M013220,2026-01-12,
10479,M013220,2026-01-19,
10479,M014013,2025-12-29,
10479,M014013,2026-01-05,
10479,M014013,2026-01-12,
10479,M014013,2026-01-19,
10479,M009970,2025-12-29,
10479,M009970,2026-01-05,
10479,M009970,2026-01-12,
10479,M009970,2026-01-19,
10479,M013459,2025-12-29,
10479,M013459,2026-01-05,
10479,M013459,2026-01-12,
10479,M013459,2026-01-19,
10479,M010676,2025-12-29,
10479,M010676,2026-01-05,
10479,M010676,2026-01-12,
10479,M010676,2026-01-19,
10479,M009651,2025-12-29,
10479,M009651,2026-01-05,
10479,M009651,2026-01-12,
10479,M009651,2026-01-19,
10479,M009630,2025-12-29,
10479,M009630,2026-01-05,
10479,M009630,2026-01-12,
10479,M009630,2026-01-19,
10479,M009072,2025-12-29,
10479,M009072,2026-01-05,
10479,M009072,2026-01-12,
10479,M009072,2026-01-19,
3069,M014013,2025-12-29,
3069,M014013,2026-01-05,
3069,M014013,2026-01-12,
3069,M014013,2026-01-19,
3069,M011339,2025-12-29,
3069,M011339,2026-01-05,
3069,M011339,2026-01-12,
3069,M011339,2026-01-19,
3069,M009594,2025-12-29,
3069,M009594,2026-01-05,
3069,M009594,2026-01-12,
3069,M009594,2026-01-19,
3069,M010208,2025-12-29,
3069,M010208,2026-01-05,
3069,M010208,2026-01-12,
3069,M010208,2026-01-19,
3069,M013294,2025-12-29,
3069,M013294,2026-01-05,
3069,M013294,2026-01-12,
3069,M013294,2026-01-19,
3069,M009898,2025-12-29,
3069,M009898,2026-01-05,
3069,M009898,2026-01-12,
3069,M009898,2026-01-19,
3069,M013220,2025-12-29,
3069,M013220,2026-01-05,
3069,M013220,2026-01-12,
3069,M013220,2026-01-19,
3069,M016641,2025-12-29,
3069,M016641,2026-01-05,
3069,M016641,2026-01-12,
3069,M016641,2026-01-19,
3069,M010184,2025-12-29,
3069,M010184,2026-01-05,
3069,M010184,2026-01-12,
3069,M010184,2026-01-19,
4299,M014771,2025-12-29,
4299,M014771,2026-01-05,
4299,M014771,2026-01-12,
4299,M014771,2026-01-19,
4299,M012115,2025-12-29,
4299,M012115,2026-01-05,
4299,M012115,2026-01-12,
4299,M012115,2026-01-19,
4299,M013477,2025-12-29,
4299,M013477,2026-01-05,
4299,M013477,2026-01-12,
4299,M013477,2026-01-19,
4299,M009651,2025-12-29,
4299,M009651,2026-01-05,
4299,M009651,2026-01-12,
4299,M009651,2026-01-19,
4299,M009364,2025-12-29,
4299,M009364,2026-01-05,
4299,M009364,2026-01-12,
4299,M009364,2026-01-19,
4299,M016641,2025-12-29,
4299,M016641,2026-01-05,
4299,M016641,2026-01-12,
4299,M016641,2026-01-19,
4299,M009648,2025-12-29,
4299,M009648,2026-01-05,
4299,M009648,2026-01-12,
4299,M009648,2026-01-19,
4299,M009542,2025-12-29,
4299,M009542,2026-01-05,
4299,M009542,2026-01-12,
4299,M009542,2026-01-19,
5925,M012665,2025-12-29,
5925,M012665,2026-01-05,
5925,M012665,2026-01-12,
5925,M012665,2026-01-19,
5925,M013459,2025-12-29,
5925,M013459,2026-01-05,
5925,M013459,2026-01-12,
5925,M013459,2026-01-19,
5925,M010132,2025-12-29,
5925,M010132,2026-01-05,
5925,M010132,2026-01-12,
5925,M010132,2026-01-19,
5925,M010868,2025-12-29,
5925,M010868,2026-01-05,
5925,M010868,2026-01-12,
5925,M010868,2026-01-19,
5925,M009050,2025-12-29,
5925,M009050,2026-01-05,
5925,M009050,2026-01-12,
5925,M009050,2026-01-19,
5925,M009648,2025-12-29,
5925,M009648,2026-01-05,
5925,M009648,2026-01-12,
5925,M009648,2026-01-19,
5925,M010862,2025-12-29,
5925,M010862,2026-01-05,
5925,M010862,2026-01-12,
5925,M010862,2026-01-19,
5925,M010038,2025-12-29,
5925,M010038,2026-01-05,
5925,M010038,2026-01-12,
5925,M010038,2026-01-19,
6600,M013294,2025-12-29,
6600,M013294,2026-01-05,
6600,M013294,2026-01-12,
6600,M013294,2026-01-19,
6600,M010038,2025-12-29,
6600,M010038,2026-01-05,
6600,M010038,2026-01-12,
6600,M010038,2026-01-19,
6600,M011086,2025-12-29,
6600,M011086,2026-01-05,
6600,M011086,2026-01-12,
6600,M011086,2026-01-19,
6600,M010200,2025-12-29,
6600,M010200,2026-01-05,
6600,M010200,2026-01-12,
6600,M010200,2026-01-19,
6600,M009542,2025-12-29,
6600,M009542,2026-01-05,
6600,M009542,2026-01-12,
6600,M009542,2026-01-19,
6600,M010453,2025-12-29,
6600,M010453,2026-01-05,
6600,M010453,2026-01-12,
6600,M010453,2026-01-19,
6600,M010184,2025-12-29,
6600,M010184,2026-01-05,
6600,M010184,2026-01-12,
6600,M010184,2026-01-19,
6600,M009898,2025-12-29,
6600,M009898,2026-01-05,
6600,M009898,2026-01-12,
6600,M009898,2026-01-19,
6600,M010208,2025-12-29,
6600,M010208,2026-01-05,
6600,M010208,2026-01-12,
6600,M010208,2026-01-19,
6600,M010676,2025-12-29,
6600,M010676,2026-01-05,
6600,M010676,2026-01-12,
6600,M010676,2026-01-19,
6600,M013477,2025-12-29,
6600,M013477,2026-01-05,
6600,M013477,2026-01-12,
6600,M013477,2026-01-19,
6600,M009050,2025-12-29,
6600,M009050,2026-01-05,
6600,M009050,2026-01-12,
6600,M009050,2026-01-19,
6600,M016641,2025-12-29,
6600,M016641,2026-01-05,
6600,M016641,2026-01-12,
6600,M016641,2026-01-19,
6600,M010253,2025-12-29,
6600,M010253,2026-01-05,
6600,M010253,2026-01-12,
6600,M010253,2026-01-19,
7154,M009898,2025-12-29,
7154,M009898,2026-01-05,
7154,M009898,2026-01-12,
7154,M009898,2026-01-19,
7154,M010082,2025-12-29,
7154,M010082,2026-01-05,
7154,M010082,2026-01-12,
7154,M010082,2026-01-19,
7154,M013477,2025-12-29,
7154,M013477,2026-01-05,
7154,M013477,2026-01-12,
7154,M013477,2026-01-19,
7154,M010532,2025-12-29,
7154,M010532,2026-01-05,
7154,M010532,2026-01-12,
7154,M010532,2026-01-19,
7154,M012860,2025-12-29,
7154,M012860,2026-01-05,
7154,M012860,2026-01-12,
7154,M012860,2026-01-19,
7154,M010771,2025-12-29,
7154,M010771,2026-01-05,
7154,M010771,2026-01-12,
7154,M010771,2026-01-19,
7154,M009542,2025-12-29,
7154,M009542,2026-01-05,
7154,M009542,2026-01-12,
7154,M009542,2026-01-19,
7247,M010079,2025-12-29,
7247,M010079,2026-01-05,
7247,M010079,2026-01-12,
7247,M010079,2026-01-19,
7247,M011075,2025-12-29,
7247,M011075,2026-01-05,
7247,M011075,2026-01-12,
7247,M011075,2026-01-19,
7247,M010253,2025-12-29,
7247,M010253,2026-01-05,
7247,M010253,2026-01-12,
7247,M010253,2026-01-19,
7247,M010038,2025-12-29,
7247,M010038,2026-01-05,
7247,M010038,2026-01-12,
7247,M010038,2026-01-19,
7247,M010862,2025-12-29,
7247,M010862,2026-01-05,
7247,M010862,2026-01-12,
7247,M010862,2026-01-19,
7247,M014771,2025-12-29,
7247,M014771,2026-01-05,
7247,M014771,2026-01-12,
7247,M014771,2026-01-19,
7247,M013220,2025-12-29,
7247,M013220,2026-01-05,
7247,M013220,2026-01-12,
7247,M013220,2026-01-19,
7247,M013962,2025-12-29,
7247,M013962,2026-01-05,
7247,M013962,2026-01-12,
7247,M013962,2026-01-19,
7247,M009284,2025-12-29,
7247,M009284,2026-01-05,
7247,M009284,2026-01-12,
7247,M009284,2026-01-19,
7247,M009648,2025-12-29,
7247,M009648,2026-01-05,
7247,M009648,2026-01-12,
7247,M009648,2026-01-19,
7247,M010882,2025-12-29,
7247,M010882,2026-01-05,
7247,M010882,2026-01-12,
7247,M010882,2026-01-19,
7247,M009898,2025-12-29,
7247,M009898,2026-01-05,
7247,M009898,2026-01-12,
7247,M009898,2026-01-19,
7247,M009050,2025-12-29,
7247,M009050,2026-01-05,
7247,M009050,2026-01-12,
7247,M009050,2026-01-19,
7247,M010132,2025-12-29,
7247,M010132,2026-01-05,
7247,M010132,2026-01-12,
7247,M010132,2026-01-19,
7247,M009542,2025-12-29,
7247,M009542,2026-01-05,
7247,M009542,2026-01-12,
7247,M009542,2026-01-19,
7247,M010532,2025-12-29,
7247,M010532,2026-01-05,
7247,M010532,2026-01-12,
7247,M010532,2026-01-19,
7247,M009970,2025-12-29,
7247,M009970,2026-01-05,
7247,M009970,2026-01-12,
7247,M009970,2026-01-19,
7247,M016350,2025-12-29,
7247,M016350,2026-01-05,
7247,M016350,2026-01-12,
7247,M016350,2026-01-19,
7247,M012860,2025-12-29,
7247,M012860,2026-01-05,
7247,M012860,2026-01-12,
7247,M012860,2026-01-19,
7247,M011086,2025-12-29,
7247,M011086,2026-01-05,
7247,M011086,2026-01-12,
7247,M011086,2026-01-19,
8386,M010862,2025-12-29,
8386,M010862,2026-01-05,
8386,M010862,2026-01-12,
8386,M010862,2026-01-19,
8386,M010200,2025-12-29,
8386,M010200,2026-01-05,
8386,M010200,2026-01-12,
8386,M010200,2026-01-19,
8386,M010771,2025-12-29,
8386,M010771,2026-01-05,
8386,M010771,2026-01-12,
8386,M010771,2026-01-19,
8386,M013962,2025-12-29,
8386,M013962,2026-01-05,
8386,M013962,2026-01-12,
8386,M013962,2026-01-19,
8386,M012860,2025-12-29,
8386,M012860,2026-01-05,
8386,M012860,2026-01-12,
8386,M012860,2026-01-19,
8386,M011232,2025-12-29,
8386,M011232,2026-01-05,
8386,M011232,2026-01-12,
8386,M011232,2026-01-19,
8386,M012665,2025-12-29,
8386,M012665,2026-01-05,
8386,M012665,2026-01-12,
8386,M012665,2026-01-19,
8386,M010082,2025-12-29,
8386,M010082,2026-01-05,
8386,M010082,2026-01-12,
8386,M010082,2026-01-19,
8386,M009542,2025-12-29,
8386,M009542,2026-01-05,
8386,M009542,2026-01-12,
8386,M009542,2026-01-19,
8386,M009630,2025-12-29,
8386,M009630,2026-01-05,
8386,M009630,2026-01-12,
8386,M009630,2026-01-19,
8386,M010253,2025-12-29,
8386,M010253,2026-01-05,
8386,M010253,2026-01-12,
8386,M010253,2026-01-19,
8386,M009072,2025-12-29,
8386,M009072,2026-01-05,
8386,M009072,2026-01-12,
8386,M009072,2026-01-19,
12445,M012706,2025-12-29,
12445,M012706,2026-01-05,
12445,M012706,2026-01-12,
12445,M012706,2026-01-19,
12445,M013220,2025-12-29,
12445,M013220,2026-01-05,
12445,M013220,2026-01-12,
12445,M013220,2026-01-19,
12445,M010868,2025-12-29,
12445,M010868,2026-01-05,
12445,M010868,2026-01-12,
12445,M010868,2026-01-19,
12445,M009364,2025-12-29,
12445,M009364,2026-01-05,
12445,M009364,2026-01-12,
12445,M009364,2026-01-19,
12445,M010184,2025-12-29,
12445,M010184,2026-01-05,
12445,M010184,2026-01-12,
12445,M010184,2026-01-19,
12445,M013477,2025-12-29,
12445,M013477,2026-01-05,
12445,M013477,2026-01-12,
12445,M013477,2026-01-19,
12445,M009898,2025-12-29,
12445,M009898,2026-01-05,
12445,M009898,2026-01-12,
12445,M009898,2026-01-19,
12445,M010038,2025-12-29,
12445,M010038,2026-01-05,
12445,M010038,2026-01-12,
12445,M010038,2026-01-19,
12445,M009630,2025-12-29,
12445,M009630,2026-01-05,
12445,M009630,2026-01-12,
12445,M009630,2026-01-19,
12445,M009072,2025-12-29,
12445,M009072,2026-01-05,
12445,M009072,2026-01-12,
12445,M009072,2026-01-19,
12511,M010208,2025-12-29,
12511,M010208,2026-01-05,
12511,M010208,2026-01-12,
12511,M010208,2026-01-19,
12511,M010038,2025-12-29,
12511,M010038,2026-01-05,
12511,M010038,2026-01-12,
12511,M010038,2026-01-19,
12511,M009630,2025-12-29,
12511,M009630,2026-01-05,
12511,M009630,2026-01-12,
12511,M009630,2026-01-19,
12511,M009594,2025-12-29,
12511,M009594,2026-01-05,
12511,M009594,2026-01-12,
12511,M009594,2026-01-19,
12511,M012115,2025-12-29,
12511,M012115,2026-01-05,
12511,M012115,2026-01-12,
12511,M012115,2026-01-19,
12511,M013294,2025-12-29,
12511,M013294,2026-01-05,
12511,M013294,2026-01-12,
12511,M013294,2026-01-19,
12511,M013086,2025-12-29,
12511,M013086,2026-01-05,
12511,M013086,2026-01-12,
12511,M013086,2026-01-19,
12511,M010862,2025-12-29,
12511,M010862,2026-01-05,
12511,M010862,2026-01-12,
12511,M010862,2026-01-19,
12511,M013459,2025-12-29,
12511,M013459,2026-01-05,
12511,M013459,2026-01-12,
12511,M013459,2026-01-19,
12511,M014013,2025-12-29,
12511,M014013,2026-01-05,
12511,M014013,2026-01-12,
12511,M014013,2026-01-19,
12511,M009284,2025-12-29,
12511,M009284,2026-01-05,
12511,M009284,2026-01-12,
12511,M009284,2026-01-19,
12511,M010132,2025-12-29,
12511,M010132,2026-01-05,
12511,M010132,2026-01-12,
12511,M010132,2026-01-19,
12511,M010676,2025-12-29,
12511,M010676,2026-01-05,
12511,M010676,2026-01-12,
12511,M010676,2026-01-19,
12511,M010184,2025-12-29,
12511,M010184,2026-01-05,
12511,M010184,2026-01-12,
12511,M010184,2026-01-19,
12511,M010082,2025-12-29,
12511,M010082,2026-01-05,
12511,M010082,2026-01-12,
12511,M010082,2026-01-19,
12511,M010079,2025-12-29,
12511,M010079,2026-01-05,
12511,M010079,2026-01-12,
12511,M010079,2026-01-19,
13033,M014013,2025-12-29,
13033,M014013,2026-01-05,
13033,M014013,2026-01-12,
13033,M014013,2026-01-19,
13033,M011086,2025-12-29,
13033,M011086,2026-01-05,
13033,M011086,2026-01-12,
13033,M011086,2026-01-19,
13033,M009898,2025-12-29,
13033,M009898,2026-01-05,
13033,M009898,2026-01-12,
13033,M009898,2026-01-19,
13033,M014771,2025-12-29,
13033,M014771,2026-01-05,
13033,M014771,2026-01-12,
13033,M014771,2026-01-19,
13033,M009970,2025-12-29,
13033,M009970,2026-01-05,
13033,M009970,2026-01-12,
13033,M009970,2026-01-19,
13033,M010208,2025-12-29,
13033,M010208,2026-01-05,
13033,M010208,2026-01-12,
13033,M010208,2026-01-19,
13033,M013477,2025-12-29,
13033,M013477,2026-01-05,
13033,M013477,2026-01-12,
13033,M013477,2026-01-19,
13033,M010038,2025-12-29,
13033,M010038,2026-01-05,
13033,M010038,2026-01-12,
13033,M010038,2026-01-19,
13033,M012860,2025-12-29,
13033,M012860,2026-01-05,
13033,M012860,2026-01-12,
13033,M012860,2026-01-19,
13033,M013220,2025-12-29,
13033,M013220,2026-01-05,
13033,M013220,2026-01-12,
13033,M013220,2026-01-19,
13033,M009542,2025-12-29,
13033,M009542,2026-01-05,
13033,M009542,2026-01-12,
13033,M009542,2026-01-19,
13033,M013086,2025-12-29,
13033,M013086,2026-01-05,
13033,M013086,2026-01-12,
13033,M013086,2026-01-19,
13033,M009364,2025-12-29,
13033,M009364,2026-01-05,
13033,M009364,2026-01-12,
13033,M009364,2026-01-19,
13033,M011339,2025-12-29,
13033,M011339,2026-01-05,
13033,M011339,2026-01-12,
13033,M011339,2026-01-19,
13033,M012115,2025-12-29,
13033,M012115,2026-01-05,
13033,M012115,2026-01-12,
13033,M012115,2026-01-19,
1524,M009594,2025-12-29,
1524,M009594,2026-01-05,
1524,M009594,2026-01-12,
1524,M009594,2026-01-19,
1524,M010184,2025-12-29,
1524,M010184,2026-01-05,
1524,M010184,2026-01-12,
1524,M010184,2026-01-19,
1524,M010208,2025-12-29,
1524,M010208,2026-01-05,
1524,M010208,2026-01-12,
1524,M010208,2026-01-19,
1524,M009364,2025-12-29,
1524,M009364,2026-01-05,
1524,M009364,2026-01-12,
1524,M009364,2026-01-19,
1524,M012115,2025-12-29,
1524,M012115,2026-01-05,
1524,M012115,2026-01-12,
1524,M012115,2026-01-19,
1524,M010075,2025-12-29,
1524,M010075,2026-01-05,
1524,M010075,2026-01-12,
1524,M010075,2026-01-19,
1524,M010771,2025-12-29,
1524,M010771,2026-01-05,
1524,M010771,2026-01-12,
1524,M010771,2026-01-19,
1524,M010082,2025-12-29,
1524,M010082,2026-01-05,
1524,M010082,2026-01-12,
1524,M010082,2026-01-19,
1524,M010038,2025-12-29,
1524,M010038,2026-01-05,
1524,M010038,2026-01-12,
1524,M010038,2026-01-19,
1524,M011232,2025-12-29,
1524,M011232,2026-01-05,
1524,M011232,2026-01-12,
1524,M011232,2026-01-19,
1524,M012706,2025-12-29,
1524,M012706,2026-01-05,
1524,M012706,2026-01-12,
1524,M012706,2026-01-19,
1524,M011086,2025-12-29,
1524,M011086,2026-01-05,
1524,M011086,2026-01-12,
1524,M011086,2026-01-19,
1524,M010453,2025-12-29,
1524,M010453,2026-01-05,
1524,M010453,2026-01-12,
1524,M010453,2026-01-19,
1524,M013459,2025-12-29,
1524,M013459,2026-01-05,
1524,M013459,2026-01-12,
1524,M013459,2026-01-19,
1524,M011075,2025-12-29,
1524,M011075,2026-01-05,
1524,M011075,2026-01-12,
1524,M011075,2026-01-19,
1524,M009284,2025-12-29,
1524,M009284,2026-01-05,
1524,M009284,2026-01-12,
1524,M009284,2026-01-19,
1846,M012860,2025-12-29,
1846,M012860,2026-01-05,
1846,M012860,2026-01-12,
1846,M012860,2026-01-19,
1846,M010771,2025-12-29,
1846,M010771,2026-01-05,
1846,M010771,2026-01-12,
1846,M010771,2026-01-19,
1846,M016350,2025-12-29,
1846,M016350,2026-01-05,
1846,M016350,2026-01-12,
1846,M016350,2026-01-19,
1846,M016641,2025-12-29,
1846,M016641,2026-01-05,
1846,M016641,2026-01-12,
1846,M016641,2026-01-19,
1846,M010082,2025-12-29,
1846,M010082,2026-01-05,
1846,M010082,2026-01-12,
1846,M010082,2026-01-19,
1846,M016311,2025-12-29,
1846,M016311,2026-01-05,
1846,M016311,2026-01-12,
1846,M016311,2026-01-19,
1846,M010132,2025-12-29,
1846,M010132,2026-01-05,
1846,M010132,2026-01-12,
1846,M010132,2026-01-19,
1846,M010200,2025-12-29,
1846,M010200,2026-01-05,
1846,M010200,2026-01-12,
1846,M010200,2026-01-19,
1846,M009284,2025-12-29,
1846,M009284,2026-01-05,
1846,M009284,2026-01-12,
1846,M009284,2026-01-19,
1846,M012665,2025-12-29,
1846,M012665,2026-01-05,
1846,M012665,2026-01-12,
1846,M012665,2026-01-19,
1846,M009542,2025-12-29,
1846,M009542,2026-01-05,
1846,M009542,2026-01-12,
1846,M009542,2026-01-19,
1846,M009364,2025-12-29,
1846,M009364,2026-01-05,
1846,M009364,2026-01-12,
1846,M009364,2026-01-19,
1846,M010788,2025-12-29,
1846,M010788,2026-01-05,
1846,M010788,2026-01-12,
1846,M010788,2026-01-19,
1846,M009371,2025-12-29,
1846,M009371,2026-01-05,
1846,M009371,2026-01-12,
1846,M009371,2026-01-19,
1846,M013477,2025-12-29,
1846,M013477,2026-01-05,
1846,M013477,2026-01-12,
1846,M013477,2026-01-19,
1846,M009630,2025-12-29,
1846,M009630,2026-01-05,
1846,M009630,2026-01-12,
1846,M009630,2026-01-19,
1846,M009050,2025-12-29,
1846,M009050,2026-01-05,
1846,M009050,2026-01-12,
1846,M009050,2026-01-19,
2102,M010676,2025-12-29,
2102,M010676,2026-01-05,
2102,M010676,2026-01-12,
2102,M010676,2026-01-19,
2102,M009970,2025-12-29,
2102,M009970,2026-01-05,
2102,M009970,2026-01-12,
2102,M009970,2026-01-19,
2102,M010453,2025-12-29,
2102,M010453,2026-01-05,
2102,M010453,2026-01-12,
2102,M010453,2026-01-19,
2102,M011232,2025-12-29,
2102,M011232,2026-01-05,
2102,M011232,2026-01-12,
2102,M011232,2026-01-19,
2102,M011339,2025-12-29,
2102,M011339,2026-01-05,
2102,M011339,2026-01-12,
2102,M011339,2026-01-19,
2102,M011075,2025-12-29,
2102,M011075,2026-01-05,
2102,M011075,2026-01-12,
2102,M011075,2026-01-19,
2102,M010204,2025-12-29,
2102,M010204,2026-01-05,
2102,M010204,2026-01-12,
2102,M010204,2026-01-19,
2417,M014771,2025-12-29,
2417,M014771,2026-01-05,
2417,M014771,2026-01-12,
2417,M014771,2026-01-19,
2417,M010862,2025-12-29,
2417,M010862,2026-01-05,
2417,M010862,2026-01-12,
2417,M010862,2026-01-19,
2417,M014013,2025-12-29,
2417,M014013,2026-01-05,
2417,M014013,2026-01-12,
2417,M014013,2026-01-19,
2417,M010453,2025-12-29,
2417,M010453,2026-01-05,
2417,M010453,2026-01-12,
2417,M010453,2026-01-19,
2417,M012665,2025-12-29,
2417,M012665,2026-01-05,
2417,M012665,2026-01-12,
2417,M012665,2026-01-19,
2417,M016641,2025-12-29,
2417,M016641,2026-01-05,
2417,M016641,2026-01-12,
2417,M016641,2026-01-19,
2417,M009050,2025-12-29,
2417,M009050,2026-01-05,
2417,M009050,2026-01-12,
2417,M009050,2026-01-19,
2417,M013477,2025-12-29,
2417,M013477,2026-01-05,
2417,M013477,2026-01-12,
2417,M013477,2026-01-19,
2417,M011075,2025-12-29,
2417,M011075,2026-01-05,
2417,M011075,2026-01-12,
2417,M011075,2026-01-19,
2417,M009898,2025-12-29,
2417,M009898,2026-01-05,
2417,M009898,2026-01-12,
2417,M009898,2026-01-19,
2417,M010676,2025-12-29,
2417,M010676,2026-01-05,
2417,M010676,2026-01-12,
2417,M010676,2026-01-19,
2970,M010882,2025-12-29,
2970,M010882,2026-01-05,
2970,M010882,2026-01-12,
2970,M010882,2026-01-19,
2970,M013459,2025-12-29,
2970,M013459,2026-01-05,
2970,M013459,2026-01-12,
2970,M013459,2026-01-19,
2970,M009050,2025-12-29,
2970,M009050,2026-01-05,
2970,M009050,2026-01-12,
2970,M009050,2026-01-19,
2970,M010862,2025-12-29,
2970,M010862,2026-01-05,
2970,M010862,2026-01-12,
2970,M010862,2026-01-19,
2970,M010132,2025-12-29,
2970,M010132,2026-01-05,
2970,M010132,2026-01-12,
2970,M010132,2026-01-19,
2970,M013220,2025-12-29,
2970,M013220,2026-01-05,
2970,M013220,2026-01-12,
2970,M013220,2026-01-19,
2970,M010082,2025-12-29,
2970,M010082,2026-01-05,
2970,M010082,2026-01-12,
2970,M010082,2026-01-19,
2970,M010868,2025-12-29,
2970,M010868,2026-01-05,
2970,M010868,2026-01-12,
2970,M010868,2026-01-19,
2970,M009284,2025-12-29,
2970,M009284,2026-01-05,
2970,M009284,2026-01-12,
2970,M009284,2026-01-19,
2970,M009542,2025-12-29,
2970,M009542,2026-01-05,
2970,M009542,2026-01-12,
2970,M009542,2026-01-19,
2970,M010788,2025-12-29,
2970,M010788,2026-01-05,
2970,M010788,2026-01-12,
2970,M010788,2026-01-19,
2970,M013477,2025-12-29,
2970,M013477,2026-01-05,
2970,M013477,2026-01-12,
2970,M013477,2026-01-19,
2970,M009648,2025-12-29,
2970,M009648,2026-01-05,
2970,M009648,2026-01-12,
2970,M009648,2026-01-19,
2970,M009371,2025-12-29,
2970,M009371,2026-01-05,
2970,M009371,2026-01-12,
2970,M009371,2026-01-19,
2970,M013294,2025-12-29,
2970,M013294,2026-01-05,
2970,M013294,2026-01-12,
2970,M013294,2026-01-19,
2970,M016350,2025-12-29,
2970,M016350,2026-01-05,
2970,M016350,2026-01-12,
2970,M016350,2026-01-19,
3024,M013477,2025-12-29,
3024,M013477,2026-01-05,
3024,M013477,2026-01-12,
3024,M013477,2026-01-19,
3024,M010075,2025-12-29,
3024,M010075,2026-01-05,
3024,M010075,2026-01-12,
3024,M010075,2026-01-19,
3024,M010676,2025-12-29,
3024,M010676,2026-01-05,
3024,M010676,2026-01-12,
3024,M010676,2026-01-19,
3024,M010253,2025-12-29,
3024,M010253,2026-01-05,
3024,M010253,2026-01-12,
3024,M010253,2026-01-19,
3024,M013962,2025-12-29,
3024,M013962,2026-01-05,
3024,M013962,2026-01-12,
3024,M013962,2026-01-19,
3024,M016311,2025-12-29,
3024,M016311,2026-01-05,
3024,M016311,2026-01-12,
3024,M016311,2026-01-19,
3024,M013294,2025-12-29,
3024,M013294,2026-01-05,
3024,M013294,2026-01-12,
3024,M013294,2026-01-19,
3024,M014771,2025-12-29,
3024,M014771,2026-01-05,
3024,M014771,2026-01-12,
3024,M014771,2026-01-19,
3024,M011086,2025-12-29,
3024,M011086,2026-01-05,
3024,M011086,2026-01-12,
3024,M011086,2026-01-19,
3478,M009651,2025-12-29,
3478,M009651,2026-01-05,
3478,M009651,2026-01-12,
3478,M009651,2026-01-19,
3478,M010771,2025-12-29,
3478,M010771,2026-01-05,
3478,M010771,2026-01-12,
3478,M010771,2026-01-19,
3478,M012860,2025-12-29,
3478,M012860,2026-01-05,
3478,M012860,2026-01-12,
3478,M012860,2026-01-19,
3478,M010038,2025-12-29,
3478,M010038,2026-01-05,
3478,M010038,2026-01-12,
3478,M010038,2026-01-19,
3478,M012706,2025-12-29,
3478,M012706,2026-01-05,
3478,M012706,2026-01-12,
3478,M012706,2026-01-19,
3478,M010676,2025-12-29,
3478,M010676,2026-01-05,
3478,M010676,2026-01-12,
3478,M010676,2026-01-19,
3478,M014771,2025-12-29,
3478,M014771,2026-01-05,
3478,M014771,2026-01-12,
3478,M014771,2026-01-19,
3478,M010075,2025-12-29,
3478,M010075,2026-01-05,
3478,M010075,2026-01-12,
3478,M010075,2026-01-19,
3478,M009630,2025-12-29,
3478,M009630,2026-01-05,
3478,M009630,2026-01-12,
3478,M009630,2026-01-19,
3478,M009594,2025-12-29,
3478,M009594,2026-01-05,
3478,M009594,2026-01-12,
3478,M009594,2026-01-19,
3478,M011086,2025-12-29,
3478,M011086,2026-01-05,
3478,M011086,2026-01-12,
3478,M011086,2026-01-19,
3478,M009050,2025-12-29,
3478,M009050,2026-01-05,
3478,M009050,2026-01-12,
3478,M009050,2026-01-19,
3649,M010079,2025-12-29,
3649,M010079,2026-01-05,
3649,M010079,2026-01-12,
3649,M010079,2026-01-19,
3649,M009630,2025-12-29,
3649,M009630,2026-01-05,
3649,M009630,2026-01-12,
3649,M009630,2026-01-19,
3649,M010184,2025-12-29,
3649,M010184,2026-01-05,
3649,M010184,2026-01-12,
3649,M010184,2026-01-19,
3649,M016641,2025-12-29,
3649,M016641,2026-01-05,
3649,M016641,2026-01-12,
3649,M016641,2026-01-19,
3649,M009072,2025-12-29,
3649,M009072,2026-01-05,
3649,M009072,2026-01-12,
3649,M009072,2026-01-19,
3649,M013459,2025-12-29,
3649,M013459,2026-01-05,
3649,M013459,2026-01-12,
3649,M013459,2026-01-19,
3649,M009648,2025-12-29,
3649,M009648,2026-01-05,
3649,M009648,2026-01-12,
3649,M009648,2026-01-19,
3649,M009970,2025-12-29,
3649,M009970,2026-01-05,
3649,M009970,2026-01-12,
3649,M009970,2026-01-19,
3649,M009651,2025-12-29,
3649,M009651,2026-01-05,
3649,M009651,2026-01-12,
3649,M009651,2026-01-19,
3649,M010862,2025-12-29,
3649,M010862,2026-01-05,
3649,M010862,2026-01-12,
3649,M010862,2026-01-19,
3649,M011086,2025-12-29,
3649,M011086,2026-01-05,
3649,M011086,2026-01-12,
3649,M011086,2026-01-19,
3649,M010532,2025-12-29,
3649,M010532,2026-01-05,
3649,M010532,2026-01-12,
3649,M010532,2026-01-19,
3649,M010676,2025-12-29,
3649,M010676,2026-01-05,
3649,M010676,2026-01-12,
3649,M010676,2026-01-19,
3649,M013294,2025-12-29,
3649,M013294,2026-01-05,
3649,M013294,2026-01-12,
3649,M013294,2026-01-19,
3649,M009364,2025-12-29,
3649,M009364,2026-01-05,
3649,M009364,2026-01-12,
3649,M009364,2026-01-19,
3649,M010453,2025-12-29,
3649,M010453,2026-01-05,
3649,M010453,2026-01-12,
3649,M010453,2026-01-19,
3649,M010132,2025-12-29,
3649,M010132,2026-01-05,
3649,M010132,2026-01-12,
3649,M010132,2026-01-19,
3649,M013220,2025-12-29,
3649,M013220,2026-01-05,
3649,M013220,2026-01-12,
3649,M013220,2026-01-19,
3649,M010204,2025-12-29,
3649,M010204,2026-01-05,
3649,M010204,2026-01-12,
3649,M010204,2026-01-19,
3649,M012860,2025-12-29,
3649,M012860,2026-01-05,
3649,M012860,2026-01-12,
3649,M012860,2026-01-19,
3649,M010868,2025-12-29,
3649,M010868,2026-01-05,
3649,M010868,2026-01-12,
3649,M010868,2026-01-19,
3649,M010208,2025-12-29,
3649,M010208,2026-01-05,
3649,M010208,2026-01-12,
3649,M010208,2026-01-19,
3649,M010038,2025-12-29,
3649,M010038,2026-01-05,
3649,M010038,2026-01-12,
3649,M010038,2026-01-19,
3649,M009050,2025-12-29,
3649,M009050,2026-01-05,
3649,M009050,2026-01-12,
3649,M009050,2026-01-19,
3649,M014771,2025-12-29,
3649,M014771,2026-01-05,
3649,M014771,2026-01-12,
3649,M014771,2026-01-19,
3649,M013962,2025-12-29,
3649,M013962,2026-01-05,
3649,M013962,2026-01-12,
3649,M013962,2026-01-19,
3649,M010082,2025-12-29,
3649,M010082,2026-01-05,
3649,M010082,2026-01-12,
3649,M010082,2026-01-19,
3842,M011339,2025-12-29,
3842,M011339,2026-01-05,
3842,M011339,2026-01-12,
3842,M011339,2026-01-19,
3842,M010771,2025-12-29,
3842,M010771,2026-01-05,
3842,M010771,2026-01-12,
3842,M010771,2026-01-19,
3842,M014013,2025-12-29,
3842,M014013,2026-01-05,
3842,M014013,2026-01-12,
3842,M014013,2026-01-19,
3842,M014771,2025-12-29,
3842,M014771,2026-01-05,
3842,M014771,2026-01-12,
3842,M014771,2026-01-19,
3842,M012665,2025-12-29,
3842,M012665,2026-01-05,
3842,M012665,2026-01-12,
3842,M012665,2026-01-19,
3842,M016641,2025-12-29,
3842,M016641,2026-01-05,
3842,M016641,2026-01-12,
3842,M016641,2026-01-19,
3842,M011086,2025-12-29,
3842,M011086,2026-01-05,
3842,M011086,2026-01-12,
3842,M011086,2026-01-19,
3842,M011232,2025-12-29,
3842,M011232,2026-01-05,
3842,M011232,2026-01-12,
3842,M011232,2026-01-19,
3842,M010075,2025-12-29,
3842,M010075,2026-01-05,
3842,M010075,2026-01-12,
3842,M010075,2026-01-19,
3842,M012115,2025-12-29,
3842,M012115,2026-01-05,
3842,M012115,2026-01-12,
3842,M012115,2026-01-19,
3842,M010184,2025-12-29,
3842,M010184,2026-01-05,
3842,M010184,2026-01-12,
3842,M010184,2026-01-19,
3842,M009542,2025-12-29,
3842,M009542,2026-01-05,
3842,M009542,2026-01-12,
3842,M009542,2026-01-19,
3842,M009284,2025-12-29,
3842,M009284,2026-01-05,
3842,M009284,2026-01-12,
3842,M009284,2026-01-19,
3842,M012860,2025-12-29,
3842,M012860,2026-01-05,
3842,M012860,2026-01-12,
3842,M012860,2026-01-19,
3842,M013459,2025-12-29,
3842,M013459,2026-01-05,
3842,M013459,2026-01-12,
3842,M013459,2026-01-19,
3842,M010253,2025-12-29,
3842,M010253,2026-01-05,
3842,M010253,2026-01-12,
3842,M010253,2026-01-19,
3842,M009518,2025-12-29,
3842,M009518,2026-01-05,
3842,M009518,2026-01-12,
3842,M009518,2026-01-19,
3842,M013962,2025-12-29,
3842,M013962,2026-01-05,
3842,M013962,2026-01-12,
3842,M013962,2026-01-19,
3842,M013477,2025-12-29,
3842,M013477,2026-01-05,
3842,M013477,2026-01-12,
3842,M013477,2026-01-19,
3847,M010079,2025-12-29,
3847,M010079,2026-01-05,
3847,M010079,2026-01-12,
3847,M010079,2026-01-19,
3847,M010184,2025-12-29,
3847,M010184,2026-01-05,
3847,M010184,2026-01-12,
3847,M010184,2026-01-19,
3847,M009651,2025-12-29,
3847,M009651,2026-01-05,
3847,M009651,2026-01-12,
3847,M009651,2026-01-19,
3847,M013086,2025-12-29,
3847,M013086,2026-01-05,
3847,M013086,2026-01-12,
3847,M013086,2026-01-19,
3847,M009072,2025-12-29,
3847,M009072,2026-01-05,
3847,M009072,2026-01-12,
3847,M009072,2026-01-19,
3847,M010208,2025-12-29,
3847,M010208,2026-01-05,
3847,M010208,2026-01-12,
3847,M010208,2026-01-19,
3847,M010075,2025-12-29,
3847,M010075,2026-01-05,
3847,M010075,2026-01-12,
3847,M010075,2026-01-19,
4172,M012860,2025-12-29,
4172,M012860,2026-01-05,
4172,M012860,2026-01-12,
4172,M012860,2026-01-19,
4172,M010082,2025-12-29,
4172,M010082,2026-01-05,
4172,M010082,2026-01-12,
4172,M010082,2026-01-19,
4172,M010253,2025-12-29,
4172,M010253,2026-01-05,
4172,M010253,2026-01-12,
4172,M010253,2026-01-19,
4172,M009898,2025-12-29,
4172,M009898,2026-01-05,
4172,M009898,2026-01-12,
4172,M009898,2026-01-19,
4172,M009518,2025-12-29,
4172,M009518,2026-01-05,
4172,M009518,2026-01-12,
4172,M009518,2026-01-19,
4172,M010038,2025-12-29,
4172,M010038,2026-01-05,
4172,M010038,2026-01-12,
4172,M010038,2026-01-19,
4172,M010453,2025-12-29,
4172,M010453,2026-01-05,
4172,M010453,2026-01-12,
4172,M010453,2026-01-19,
4172,M010788,2025-12-29,
4172,M010788,2026-01-05,
4172,M010788,2026-01-12,
4172,M010788,2026-01-19,
4172,M013086,2025-12-29,
4172,M013086,2026-01-05,
4172,M013086,2026-01-12,
4172,M013086,2026-01-19,
4172,M014771,2025-12-29,
4172,M014771,2026-01-05,
4172,M014771,2026-01-12,
4172,M014771,2026-01-19,
4673,M009630,2025-12-29,
4673,M009630,2026-01-05,
4673,M009630,2026-01-12,
4673,M009630,2026-01-19,
4673,M012860,2025-12-29,
4673,M012860,2026-01-05,
4673,M012860,2026-01-12,
4673,M012860,2026-01-19,
4673,M011232,2025-12-29,
4673,M011232,2026-01-05,
4673,M011232,2026-01-12,
4673,M011232,2026-01-19,
4673,M010771,2025-12-29,
4673,M010771,2026-01-05,
4673,M010771,2026-01-12,
4673,M010771,2026-01-19,
4673,M010075,2025-12-29,
4673,M010075,2026-01-05,
4673,M010075,2026-01-12,
4673,M010075,2026-01-19,
4673,M009050,2025-12-29,
4673,M009050,2026-01-05,
4673,M009050,2026-01-12,
4673,M009050,2026-01-19,
4673,M013294,2025-12-29,
4673,M013294,2026-01-05,
4673,M013294,2026-01-12,
4673,M013294,2026-01-19,
4673,M010132,2025-12-29,
4673,M010132,2026-01-05,
4673,M010132,2026-01-12,
4673,M010132,2026-01-19,
4673,M016311,2025-12-29,
4673,M016311,2026-01-05,
4673,M016311,2026-01-12,
4673,M016311,2026-01-19,
4673,M011075,2025-12-29,
4673,M011075,2026-01-05,
4673,M011075,2026-01-12,
4673,M011075,2026-01-19,
4673,M012115,2025-12-29,
4673,M012115,2026-01-05,
4673,M012115,2026-01-12,
4673,M012115,2026-01-19,
4673,M010079,2025-12-29,
4673,M010079,2026-01-05,
4673,M010079,2026-01-12,
4673,M010079,2026-01-19,
4673,M013086,2025-12-29,
4673,M013086,2026-01-05,
4673,M013086,2026-01-12,
4673,M013086,2026-01-19,
4673,M010184,2025-12-29,
4673,M010184,2026-01-05,
4673,M010184,2026-01-12,
4673,M010184,2026-01-19,
4837,M011075,2025-12-29,
4837,M011075,2026-01-05,
4837,M011075,2026-01-12,
4837,M011075,2026-01-19,
4837,M009648,2025-12-29,
4837,M009648,2026-01-05,
4837,M009648,2026-01-12,
4837,M009648,2026-01-19,
4837,M011232,2025-12-29,
4837,M011232,2026-01-05,
4837,M011232,2026-01-12,
4837,M011232,2026-01-19,
4837,M009072,2025-12-29,
4837,M009072,2026-01-05,
4837,M009072,2026-01-12,
4837,M009072,2026-01-19,
4837,M009898,2025-12-29,
4837,M009898,2026-01-05,
4837,M009898,2026-01-12,
4837,M009898,2026-01-19,
4837,M012115,2025-12-29,
4837,M012115,2026-01-05,
4837,M012115,2026-01-12,
4837,M012115,2026-01-19,
4837,M010882,2025-12-29,
4837,M010882,2026-01-05,
4837,M010882,2026-01-12,
4837,M010882,2026-01-19,
4837,M009651,2025-12-29,
4837,M009651,2026-01-05,
4837,M009651,2026-01-12,
4837,M009651,2026-01-19,
4837,M010184,2025-12-29,
4837,M010184,2026-01-05,
4837,M010184,2026-01-12,
4837,M010184,2026-01-19,
4837,M011086,2025-12-29,
4837,M011086,2026-01-05,
4837,M011086,2026-01-12,
4837,M011086,2026-01-19,
4837,M009364,2025-12-29,
4837,M009364,2026-01-05,
4837,M009364,2026-01-12,
4837,M009364,2026-01-19,
4837,M013962,2025-12-29,
4837,M013962,2026-01-05,
4837,M013962,2026-01-12,
4837,M013962,2026-01-19,
4837,M009284,2025-12-29,
4837,M009284,2026-01-05,
4837,M009284,2026-01-12,
4837,M009284,2026-01-19,
4837,M010771,2025-12-29,
4837,M010771,2026-01-05,
4837,M010771,2026-01-12,
4837,M010771,2026-01-19,
4837,M013220,2025-12-29,
4837,M013220,2026-01-05,
4837,M013220,2026-01-12,
4837,M013220,2026-01-19,
4837,M010132,2025-12-29,
4837,M010132,2026-01-05,
4837,M010132,2026-01-12,
4837,M010132,2026-01-19,
4837,M009542,2025-12-29,
4837,M009542,2026-01-05,
4837,M009542,2026-01-12,
4837,M009542,2026-01-19,
4837,M009371,2025-12-29,
4837,M009371,2026-01-05,
4837,M009371,2026-01-12,
4837,M009371,2026-01-19,
4837,M013459,2025-12-29,
4837,M013459,2026-01-05,
4837,M013459,2026-01-12,
4837,M013459,2026-01-19,
4983,M010208,2025-12-29,
4983,M010208,2026-01-05,
4983,M010208,2026-01-12,
4983,M010208,2026-01-19,
4983,M009651,2025-12-29,
4983,M009651,2026-01-05,
4983,M009651,2026-01-12,
4983,M009651,2026-01-19,
4983,M009364,2025-12-29,
4983,M009364,2026-01-05,
4983,M009364,2026-01-12,
4983,M009364,2026-01-19,
4983,M010868,2025-12-29,
4983,M010868,2026-01-05,
4983,M010868,2026-01-12,
4983,M010868,2026-01-19,
4983,M009898,2025-12-29,
4983,M009898,2026-01-05,
4983,M009898,2026-01-12,
4983,M009898,2026-01-19,
4983,M010132,2025-12-29,
4983,M010132,2026-01-05,
4983,M010132,2026-01-12,
4983,M010132,2026-01-19,
4983,M013086,2025-12-29,
4983,M013086,2026-01-05,
4983,M013086,2026-01-12,
4983,M013086,2026-01-19,
4983,M010771,2025-12-29,
4983,M010771,2026-01-05,
4983,M010771,2026-01-12,
4983,M010771,2026-01-19,
4983,M009371,2025-12-29,
4983,M009371,2026-01-05,
4983,M009371,2026-01-12,
4983,M009371,2026-01-19,
4983,M016311,2025-12-29,
4983,M016311,2026-01-05,
4983,M016311,2026-01-12,
4983,M016311,2026-01-19,
4983,M013459,2025-12-29,
4983,M013459,2026-01-05,
4983,M013459,2026-01-12,
4983,M013459,2026-01-19,
4983,M010204,2025-12-29,
4983,M010204,2026-01-05,
4983,M010204,2026-01-12,
4983,M010204,2026-01-19,
4983,M010038,2025-12-29,
4983,M010038,2026-01-05,
4983,M010038,2026-01-12,
4983,M010038,2026-01-19,
4983,M013220,2025-12-29,
4983,M013220,2026-01-05,
4983,M013220,2026-01-12,
4983,M013220,2026-01-19,
4983,M009970,2025-12-29,
4983,M009970,2026-01-05,
4983,M009970,2026-01-12,
4983,M009970,2026-01-19,
4983,M009284,2025-12-29,
4983,M009284,2026-01-05,
4983,M009284,2026-01-12,
4983,M009284,2026-01-19,
4983,M011339,2025-12-29,
4983,M011339,2026-01-05,
4983,M011339,2026-01-12,
4983,M011339,2026-01-19,
4983,M011086,2025-12-29,
4983,M011086,2026-01-05,
4983,M011086,2026-01-12,
4983,M011086,2026-01-19,
4983,M010453,2025-12-29,
4983,M010453,2026-01-05,
4983,M010453,2026-01-12,
4983,M010453,2026-01-19,
4983,M009542,2025-12-29,
4983,M009542,2026-01-05,
4983,M009542,2026-01-12,
4983,M009542,2026-01-19,
4983,M010200,2025-12-29,
4983,M010200,2026-01-05,
4983,M010200,2026-01-12,
4983,M010200,2026-01-19,
4983,M011232,2025-12-29,
4983,M011232,2026-01-05,
4983,M011232,2026-01-12,
4983,M011232,2026-01-19,
4983,M010253,2025-12-29,
4983,M010253,2026-01-05,
4983,M010253,2026-01-12,
4983,M010253,2026-01-19,
4983,M009050,2025-12-29,
4983,M009050,2026-01-05,
4983,M009050,2026-01-12,
4983,M009050,2026-01-19,
4983,M009518,2025-12-29,
4983,M009518,2026-01-05,
4983,M009518,2026-01-12,
4983,M009518,2026-01-19,
4983,M012665,2025-12-29,
4983,M012665,2026-01-05,
4983,M012665,2026-01-12,
4983,M012665,2026-01-19,
4983,M010862,2025-12-29,
4983,M010862,2026-01-05,
4983,M010862,2026-01-12,
4983,M010862,2026-01-19,
5058,M011339,2025-12-29,
5058,M011339,2026-01-05,
5058,M011339,2026-01-12,
5058,M011339,2026-01-19,
5058,M011232,2025-12-29,
5058,M011232,2026-01-05,
5058,M011232,2026-01-12,
5058,M011232,2026-01-19,
5058,M010676,2025-12-29,
5058,M010676,2026-01-05,
5058,M010676,2026-01-12,
5058,M010676,2026-01-19,
5058,M013477,2025-12-29,
5058,M013477,2026-01-05,
5058,M013477,2026-01-12,
5058,M013477,2026-01-19,
5058,M010453,2025-12-29,
5058,M010453,2026-01-05,
5058,M010453,2026-01-12,
5058,M010453,2026-01-19,
5058,M010184,2025-12-29,
5058,M010184,2026-01-05,
5058,M010184,2026-01-12,
5058,M010184,2026-01-19,
5058,M013086,2025-12-29,
5058,M013086,2026-01-05,
5058,M013086,2026-01-12,
5058,M013086,2026-01-19,
5058,M012860,2025-12-29,
5058,M012860,2026-01-05,
5058,M012860,2026-01-12,
5058,M012860,2026-01-19,
5058,M011086,2025-12-29,
5058,M011086,2026-01-05,
5058,M011086,2026-01-12,
5058,M011086,2026-01-19,
5058,M014013,2025-12-29,
5058,M014013,2026-01-05,
5058,M014013,2026-01-12,
5058,M014013,2026-01-19,
5058,M009518,2025-12-29,
5058,M009518,2026-01-05,
5058,M009518,2026-01-12,
5058,M009518,2026-01-19,
5058,M012665,2025-12-29,
5058,M012665,2026-01-05,
5058,M012665,2026-01-12,
5058,M012665,2026-01-19,
5058,M016350,2025-12-29,
5058,M016350,2026-01-05,
5058,M016350,2026-01-12,
5058,M016350,2026-01-19,
5058,M010868,2025-12-29,
5058,M010868,2026-01-05,
5058,M010868,2026-01-12,
5058,M010868,2026-01-19,
5058,M009542,2025-12-29,
5058,M009542,2026-01-05,
5058,M009542,2026-01-12,
5058,M009542,2026-01-19,
5058,M009050,2025-12-29,
5058,M009050,2026-01-05,
5058,M009050,2026-01-12,
5058,M009050,2026-01-19,
5692,M009970,2025-12-29,
5692,M009970,2026-01-05,
5692,M009970,2026-01-12,
5692,M009970,2026-01-19,
5692,M010862,2025-12-29,
5692,M010862,2026-01-05,
5692,M010862,2026-01-12,
5692,M010862,2026-01-19,
5692,M010788,2025-12-29,
5692,M010788,2026-01-05,
5692,M010788,2026-01-12,
5692,M010788,2026-01-19,
5692,M009284,2025-12-29,
5692,M009284,2026-01-05,
5692,M009284,2026-01-12,
5692,M009284,2026-01-19,
5692,M009371,2025-12-29,
5692,M009371,2026-01-05,
5692,M009371,2026-01-12,
5692,M009371,2026-01-19,
5692,M013962,2025-12-29,
5692,M013962,2026-01-05,
5692,M013962,2026-01-12,
5692,M013962,2026-01-19,
5692,M013086,2025-12-29,
5692,M013086,2026-01-05,
5692,M013086,2026-01-12,
5692,M013086,2026-01-19,
5692,M010075,2025-12-29,
5692,M010075,2026-01-05,
5692,M010075,2026-01-12,
5692,M010075,2026-01-19,
5692,M012706,2025-12-29,
5692,M012706,2026-01-05,
5692,M012706,2026-01-12,
5692,M012706,2026-01-19,
5692,M016311,2025-12-29,
5692,M016311,2026-01-05,
5692,M016311,2026-01-12,
5692,M016311,2026-01-19,
5692,M009364,2025-12-29,
5692,M009364,2026-01-05,
5692,M009364,2026-01-12,
5692,M009364,2026-01-19,
5726,M012860,2025-12-29,
5726,M012860,2026-01-05,
5726,M012860,2026-01-12,
5726,M012860,2026-01-19,
5726,M010079,2025-12-29,
5726,M010079,2026-01-05,
5726,M010079,2026-01-12,
5726,M010079,2026-01-19,
5726,M010771,2025-12-29,
5726,M010771,2026-01-05,
5726,M010771,2026-01-12,
5726,M010771,2026-01-19,
5726,M010038,2025-12-29,
5726,M010038,2026-01-05,
5726,M010038,2026-01-12,
5726,M010038,2026-01-19,
5726,M010208,2025-12-29,
5726,M010208,2026-01-05,
5726,M010208,2026-01-12,
5726,M010208,2026-01-19,
5726,M010132,2025-12-29,
5726,M010132,2026-01-05,
5726,M010132,2026-01-12,
5726,M010132,2026-01-19,
5726,M016311,2025-12-29,
5726,M016311,2026-01-05,
5726,M016311,2026-01-12,
5726,M016311,2026-01-19,
6017,M010253,2025-12-29,
6017,M010253,2026-01-05,
6017,M010253,2026-01-12,
6017,M010253,2026-01-19,
6017,M009898,2025-12-29,
6017,M009898,2026-01-05,
6017,M009898,2026-01-12,
6017,M009898,2026-01-19,
6017,M011086,2025-12-29,
6017,M011086,2026-01-05,
6017,M011086,2026-01-12,
6017,M011086,2026-01-19,
6017,M010532,2025-12-29,
6017,M010532,2026-01-05,
6017,M010532,2026-01-12,
6017,M010532,2026-01-19,
6017,M009648,2025-12-29,
6017,M009648,2026-01-05,
6017,M009648,2026-01-12,
6017,M009648,2026-01-19,
6017,M012115,2025-12-29,
6017,M012115,2026-01-05,
6017,M012115,2026-01-12,
6017,M012115,2026-01-19,
6017,M010868,2025-12-29,
6017,M010868,2026-01-05,
6017,M010868,2026-01-12,
6017,M010868,2026-01-19,
6017,M009284,2025-12-29,
6017,M009284,2026-01-05,
6017,M009284,2026-01-12,
6017,M009284,2026-01-19,
6017,M009542,2025-12-29,
6017,M009542,2026-01-05,
6017,M009542,2026-01-12,
6017,M009542,2026-01-19,
6017,M016641,2025-12-29,
6017,M016641,2026-01-05,
6017,M016641,2026-01-12,
6017,M016641,2026-01-19,
6017,M013294,2025-12-29,
6017,M013294,2026-01-05,
6017,M013294,2026-01-12,
6017,M013294,2026-01-19,
6017,M010079,2025-12-29,
6017,M010079,2026-01-05,
6017,M010079,2026-01-12,
6017,M010079,2026-01-19,
6511,M012115,2025-12-29,
6511,M012115,2026-01-05,
6511,M012115,2026-01-12,
6511,M012115,2026-01-19,
6511,M010200,2025-12-29,
6511,M010200,2026-01-05,
6511,M010200,2026-01-12,
6511,M010200,2026-01-19,
6511,M009648,2025-12-29,
6511,M009648,2026-01-05,
6511,M009648,2026-01-12,
6511,M009648,2026-01-19,
6511,M012665,2025-12-29,
6511,M012665,2026-01-05,
6511,M012665,2026-01-12,
6511,M012665,2026-01-19,
6511,M009651,2025-12-29,
6511,M009651,2026-01-05,
6511,M009651,2026-01-12,
6511,M009651,2026-01-19,
6511,M010038,2025-12-29,
6511,M010038,2026-01-05,
6511,M010038,2026-01-12,
6511,M010038,2026-01-19,
6511,M010082,2025-12-29,
6511,M010082,2026-01-05,
6511,M010082,2026-01-12,
6511,M010082,2026-01-19,
6511,M009898,2025-12-29,
6511,M009898,2026-01-05,
6511,M009898,2026-01-12,
6511,M009898,2026-01-19,
6511,M013294,2025-12-29,
6511,M013294,2026-01-05,
6511,M013294,2026-01-12,
6511,M013294,2026-01-19,
6642,M010184,2025-12-29,
6642,M010184,2026-01-05,
6642,M010184,2026-01-12,
6642,M010184,2026-01-19,
6642,M009594,2025-12-29,
6642,M009594,2026-01-05,
6642,M009594,2026-01-12,
6642,M009594,2026-01-19,
6642,M011232,2025-12-29,
6642,M011232,2026-01-05,
6642,M011232,2026-01-12,
6642,M011232,2026-01-19,
6642,M010038,2025-12-29,
6642,M010038,2026-01-05,
6642,M010038,2026-01-12,
6642,M010038,2026-01-19,
6642,M012706,2025-12-29,
6642,M012706,2026-01-05,
6642,M012706,2026-01-12,
6642,M012706,2026-01-19,
6642,M009072,2025-12-29,
6642,M009072,2026-01-05,
6642,M009072,2026-01-12,
6642,M009072,2026-01-19,
6642,M010132,2025-12-29,
6642,M010132,2026-01-05,
6642,M010132,2026-01-12,
6642,M010132,2026-01-19,
6642,M009648,2025-12-29,
6642,M009648,2026-01-05,
6642,M009648,2026-01-12,
6642,M009648,2026-01-19,
6642,M010532,2025-12-29,
6642,M010532,2026-01-05,
6642,M010532,2026-01-12,
6642,M010532,2026-01-19,
6642,M014013,2025-12-29,
6642,M014013,2026-01-05,
6642,M014013,2026-01-12,
6642,M014013,2026-01-19,
6642,M014771,2025-12-29,
6642,M014771,2026-01-05,
6642,M014771,2026-01-12,
6642,M014771,2026-01-19,
6642,M011086,2025-12-29,
6642,M011086,2026-01-05,
6642,M011086,2026-01-12,
6642,M011086,2026-01-19,
6642,M012115,2025-12-29,
6642,M012115,2026-01-05,
6642,M012115,2026-01-12,
6642,M012115,2026-01-19,
6642,M010075,2025-12-29,
6642,M010075,2026-01-05,
6642,M010075,2026-01-12,
6642,M010075,2026-01-19,
6642,M009542,2025-12-29,
6642,M009542,2026-01-05,
6642,M009542,2026-01-12,
6642,M009542,2026-01-19,
6642,M013962,2025-12-29,
6642,M013962,2026-01-05,
6642,M013962,2026-01-12,
6642,M013962,2026-01-19,
6642,M010208,2025-12-29,
6642,M010208,2026-01-05,
6642,M010208,2026-01-12,
6642,M010208,2026-01-19,
6642,M010788,2025-12-29,
6642,M010788,2026-01-05,
6642,M010788,2026-01-12,
6642,M010788,2026-01-19,
6642,M010882,2025-12-29,
6642,M010882,2026-01-05,
6642,M010882,2026-01-12,
6642,M010882,2026-01-19,
6642,M010253,2025-12-29,
6642,M010253,2026-01-05,
6642,M010253,2026-01-12,
6642,M010253,2026-01-19,
6642,M009651,2025-12-29,
6642,M009651,2026-01-05,
6642,M009651,2026-01-12,
6642,M009651,2026-01-19,
6642,M010200,2025-12-29,
6642,M010200,2026-01-05,
6642,M010200,2026-01-12,
6642,M010200,2026-01-19,
6642,M010082,2025-12-29,
6642,M010082,2026-01-05,
6642,M010082,2026-01-12,
6642,M010082,2026-01-19,
6642,M013086,2025-12-29,
6642,M013086,2026-01-05,
6642,M013086,2026-01-12,
6642,M013086,2026-01-19,
6642,M016350,2025-12-29,
6642,M016350,2026-01-05,
6642,M016350,2026-01-12,
6642,M016350,2026-01-19,
6642,M009518,2025-12-29,
6642,M009518,2026-01-05,
6642,M009518,2026-01-12,
6642,M009518,2026-01-19,
6642,M009050,2025-12-29,
6642,M009050,2026-01-05,
6642,M009050,2026-01-12,
6642,M009050,2026-01-19,
6642,M010453,2025-12-29,
6642,M010453,2026-01-05,
6642,M010453,2026-01-12,
6642,M010453,2026-01-19,
6642,M013477,2025-12-29,
6642,M013477,2026-01-05,
6642,M013477,2026-01-12,
6642,M013477,2026-01-19,
6642,M013294,2025-12-29,
6642,M013294,2026-01-05,
6642,M013294,2026-01-12,
6642,M013294,2026-01-19,
6642,M010676,2025-12-29,
6642,M010676,2026-01-05,
6642,M010676,2026-01-12,
6642,M010676,2026-01-19,
6642,M010204,2025-12-29,
6642,M010204,2026-01-05,
6642,M010204,2026-01-12,
6642,M010204,2026-01-19,
6642,M010771,2025-12-29,
6642,M010771,2026-01-05,
6642,M010771,2026-01-12,
6642,M010771,2026-01-19,
6642,M009284,2025-12-29,
6642,M009284,2026-01-05,
6642,M009284,2026-01-12,
6642,M009284,2026-01-19,
6642,M016311,2025-12-29,
6642,M016311,2026-01-05,
6642,M016311,2026-01-12,
6642,M016311,2026-01-19,
6642,M009970,2025-12-29,
6642,M009970,2026-01-05,
6642,M009970,2026-01-12,
6642,M009970,2026-01-19,
6642,M009371,2025-12-29,
6642,M009371,2026-01-05,
6642,M009371,2026-01-12,
6642,M009371,2026-01-19,
6642,M016641,2025-12-29,
6642,M016641,2026-01-05,
6642,M016641,2026-01-12,
6642,M016641,2026-01-19,
6642,M009364,2025-12-29,
6642,M009364,2026-01-05,
6642,M009364,2026-01-12,
6642,M009364,2026-01-19,
6642,M010868,2025-12-29,
6642,M010868,2026-01-05,
6642,M010868,2026-01-12,
6642,M010868,2026-01-19,
6801,M012860,2025-12-29,
6801,M012860,2026-01-05,
6801,M012860,2026-01-12,
6801,M012860,2026-01-19,
6801,M012115,2025-12-29,
6801,M012115,2026-01-05,
6801,M012115,2026-01-12,
6801,M012115,2026-01-19,
6801,M009594,2025-12-29,
6801,M009594,2026-01-05,
6801,M009594,2026-01-12,
6801,M009594,2026-01-19,
6801,M010676,2025-12-29,
6801,M010676,2026-01-05,
6801,M010676,2026-01-12,
6801,M010676,2026-01-19,
6801,M010079,2025-12-29,
6801,M010079,2026-01-05,
6801,M010079,2026-01-12,
6801,M010079,2026-01-19,
6801,M010082,2025-12-29,
6801,M010082,2026-01-05,
6801,M010082,2026-01-12,
6801,M010082,2026-01-19,
6801,M013220,2025-12-29,
6801,M013220,2026-01-05,
6801,M013220,2026-01-12,
6801,M013220,2026-01-19,
6801,M013459,2025-12-29,
6801,M013459,2026-01-05,
6801,M013459,2026-01-12,
6801,M013459,2026-01-19,
6910,M010532,2025-12-29,
6910,M010532,2026-01-05,
6910,M010532,2026-01-12,
6910,M010532,2026-01-19,
6910,M009072,2025-12-29,
6910,M009072,2026-01-05,
6910,M009072,2026-01-12,
6910,M009072,2026-01-19,
6910,M010676,2025-12-29,
6910,M010676,2026-01-05,
6910,M010676,2026-01-12,
6910,M010676,2026-01-19,
6910,M010208,2025-12-29,
6910,M010208,2026-01-05,
6910,M010208,2026-01-12,
6910,M010208,2026-01-19,
6910,M010253,2025-12-29,
6910,M010253,2026-01-05,
6910,M010253,2026-01-12,
6910,M010253,2026-01-19,
6910,M009970,2025-12-29,
6910,M009970,2026-01-05,
6910,M009970,2026-01-12,
6910,M009970,2026-01-19,
6910,M010868,2025-12-29,
6910,M010868,2026-01-05,
6910,M010868,2026-01-12,
6910,M010868,2026-01-19,
6910,M009651,2025-12-29,
6910,M009651,2026-01-05,
6910,M009651,2026-01-12,
6910,M009651,2026-01-19,
6910,M009284,2025-12-29,
6910,M009284,2026-01-05,
6910,M009284,2026-01-12,
6910,M009284,2026-01-19,
6910,M014013,2025-12-29,
6910,M014013,2026-01-05,
6910,M014013,2026-01-12,
6910,M014013,2026-01-19,
6910,M010082,2025-12-29,
6910,M010082,2026-01-05,
6910,M010082,2026-01-12,
6910,M010082,2026-01-19,
6910,M010771,2025-12-29,
6910,M010771,2026-01-05,
6910,M010771,2026-01-12,
6910,M010771,2026-01-19,
6910,M009050,2025-12-29,
6910,M009050,2026-01-05,
6910,M009050,2026-01-12,
6910,M009050,2026-01-19,
6910,M013086,2025-12-29,
6910,M013086,2026-01-05,
6910,M013086,2026-01-12,
6910,M013086,2026-01-19,
6910,M013294,2025-12-29,
6910,M013294,2026-01-05,
6910,M013294,2026-01-12,
6910,M013294,2026-01-19,
7007,M009630,2025-12-29,
7007,M009630,2026-01-05,
7007,M009630,2026-01-12,
7007,M009630,2026-01-19,
7007,M011086,2025-12-29,
7007,M011086,2026-01-05,
7007,M011086,2026-01-12,
7007,M011086,2026-01-19,
7007,M010862,2025-12-29,
7007,M010862,2026-01-05,
7007,M010862,2026-01-12,
7007,M010862,2026-01-19,
7007,M013220,2025-12-29,
7007,M013220,2026-01-05,
7007,M013220,2026-01-12,
7007,M013220,2026-01-19,
7007,M009542,2025-12-29,
7007,M009542,2026-01-05,
7007,M009542,2026-01-12,
7007,M009542,2026-01-19,
7007,M010132,2025-12-29,
7007,M010132,2026-01-05,
7007,M010132,2026-01-12,
7007,M010132,2026-01-19,
7007,M009898,2025-12-29,
7007,M009898,2026-01-05,
7007,M009898,2026-01-12,
7007,M009898,2026-01-19,
7007,M009970,2025-12-29,
7007,M009970,2026-01-05,
7007,M009970,2026-01-12,
7007,M009970,2026-01-19,
7007,M010453,2025-12-29,
7007,M010453,2026-01-05,
7007,M010453,2026-01-12,
7007,M010453,2026-01-19,
7009,M016641,2025-12-29,
7009,M016641,2026-01-05,
7009,M016641,2026-01-12,
7009,M016641,2026-01-19,
7009,M013086,2025-12-29,
7009,M013086,2026-01-05,
7009,M013086,2026-01-12,
7009,M013086,2026-01-19,
7009,M009651,2025-12-29,
7009,M009651,2026-01-05,
7009,M009651,2026-01-12,
7009,M009651,2026-01-19,
7009,M013294,2025-12-29,
7009,M013294,2026-01-05,
7009,M013294,2026-01-12,
7009,M013294,2026-01-19,
7009,M010453,2025-12-29,
7009,M010453,2026-01-05,
7009,M010453,2026-01-12,
7009,M010453,2026-01-19,
7009,M009072,2025-12-29,
7009,M009072,2026-01-05,
7009,M009072,2026-01-12,
7009,M009072,2026-01-19,
7009,M010532,2025-12-29,
7009,M010532,2026-01-05,
7009,M010532,2026-01-12,
7009,M010532,2026-01-19,
7026,M009542,2025-12-29,
7026,M009542,2026-01-05,
7026,M009542,2026-01-12,
7026,M009542,2026-01-19,
7026,M011339,2025-12-29,
7026,M011339,2026-01-05,
7026,M011339,2026-01-12,
7026,M011339,2026-01-19,
7026,M010253,2025-12-29,
7026,M010253,2026-01-05,
7026,M010253,2026-01-12,
7026,M010253,2026-01-19,
7026,M012665,2025-12-29,
7026,M012665,2026-01-05,
7026,M012665,2026-01-12,
7026,M012665,2026-01-19,
7026,M012115,2025-12-29,
7026,M012115,2026-01-05,
7026,M012115,2026-01-12,
7026,M012115,2026-01-19,
7026,M014013,2025-12-29,
7026,M014013,2026-01-05,
7026,M014013,2026-01-12,
7026,M014013,2026-01-19,
7026,M009050,2025-12-29,
7026,M009050,2026-01-05,
7026,M009050,2026-01-12,
7026,M009050,2026-01-19,
7026,M009648,2025-12-29,
7026,M009648,2026-01-05,
7026,M009648,2026-01-12,
7026,M009648,2026-01-19,
7026,M009072,2025-12-29,
7026,M009072,2026-01-05,
7026,M009072,2026-01-12,
7026,M009072,2026-01-19,
7026,M010038,2025-12-29,
7026,M010038,2026-01-05,
7026,M010038,2026-01-12,
7026,M010038,2026-01-19,
7026,M010184,2025-12-29,
7026,M010184,2026-01-05,
7026,M010184,2026-01-12,
7026,M010184,2026-01-19,
7236,M009542,2025-12-29,
7236,M009542,2026-01-05,
7236,M009542,2026-01-12,
7236,M009542,2026-01-19,
7236,M010771,2025-12-29,
7236,M010771,2026-01-05,
7236,M010771,2026-01-12,
7236,M010771,2026-01-19,
7236,M009630,2025-12-29,
7236,M009630,2026-01-05,
7236,M009630,2026-01-12,
7236,M009630,2026-01-19,
7236,M010532,2025-12-29,
7236,M010532,2026-01-05,
7236,M010532,2026-01-12,
7236,M010532,2026-01-19,
7236,M010788,2025-12-29,
7236,M010788,2026-01-05,
7236,M010788,2026-01-12,
7236,M010788,2026-01-19,
7236,M013477,2025-12-29,
7236,M013477,2026-01-05,
7236,M013477,2026-01-12,
7236,M013477,2026-01-19,
7330,M012115,2025-12-29,
7330,M012115,2026-01-05,
7330,M012115,2026-01-12,
7330,M012115,2026-01-19,
7330,M010200,2025-12-29,
7330,M010200,2026-01-05,
7330,M010200,2026-01-12,
7330,M010200,2026-01-19,
7330,M009050,2025-12-29,
7330,M009050,2026-01-05,
7330,M009050,2026-01-12,
7330,M009050,2026-01-19,
7330,M013477,2025-12-29,
7330,M013477,2026-01-05,
7330,M013477,2026-01-12,
7330,M013477,2026-01-19,
7330,M009542,2025-12-29,
7330,M009542,2026-01-05,
7330,M009542,2026-01-12,
7330,M009542,2026-01-19,
7330,M010862,2025-12-29,
7330,M010862,2026-01-05,
7330,M010862,2026-01-12,
7330,M010862,2026-01-19,
7330,M010082,2025-12-29,
7330,M010082,2026-01-05,
7330,M010082,2026-01-12,
7330,M010082,2026-01-19,
7330,M010532,2025-12-29,
7330,M010532,2026-01-05,
7330,M010532,2026-01-12,
7330,M010532,2026-01-19,
7330,M011339,2025-12-29,
7330,M011339,2026-01-05,
7330,M011339,2026-01-12,
7330,M011339,2026-01-19,
7330,M009594,2025-12-29,
7330,M009594,2026-01-05,
7330,M009594,2026-01-12,
7330,M009594,2026-01-19,
7330,M010253,2025-12-29,
7330,M010253,2026-01-05,
7330,M010253,2026-01-12,
7330,M010253,2026-01-19,
7330,M012706,2025-12-29,
7330,M012706,2026-01-05,
7330,M012706,2026-01-12,
7330,M012706,2026-01-19,
7330,M010868,2025-12-29,
7330,M010868,2026-01-05,
7330,M010868,2026-01-12,
7330,M010868,2026-01-19,
7552,M013086,2025-12-29,
7552,M013086,2026-01-05,
7552,M013086,2026-01-12,
7552,M013086,2026-01-19,
7552,M010868,2025-12-29,
7552,M010868,2026-01-05,
7552,M010868,2026-01-12,
7552,M010868,2026-01-19,
7552,M012115,2025-12-29,
7552,M012115,2026-01-05,
7552,M012115,2026-01-12,
7552,M012115,2026-01-19,
7552,M009364,2025-12-29,
7552,M009364,2026-01-05,
7552,M009364,2026-01-12,
7552,M009364,2026-01-19,
7552,M011086,2025-12-29,
7552,M011086,2026-01-05,
7552,M011086,2026-01-12,
7552,M011086,2026-01-19,
7552,M010082,2025-12-29,
7552,M010082,2026-01-05,
7552,M010082,2026-01-12,
7552,M010082,2026-01-19,
7552,M010208,2025-12-29,
7552,M010208,2026-01-05,
7552,M010208,2026-01-12,
7552,M010208,2026-01-19,
7552,M009050,2025-12-29,
7552,M009050,2026-01-05,
7552,M009050,2026-01-12,
7552,M009050,2026-01-19,
7552,M010253,2025-12-29,
7552,M010253,2026-01-05,
7552,M010253,2026-01-12,
7552,M010253,2026-01-19,
7552,M009648,2025-12-29,
7552,M009648,2026-01-05,
7552,M009648,2026-01-12,
7552,M009648,2026-01-19,
7552,M010676,2025-12-29,
7552,M010676,2026-01-05,
7552,M010676,2026-01-12,
7552,M010676,2026-01-19,
7552,M009542,2025-12-29,
7552,M009542,2026-01-05,
7552,M009542,2026-01-12,
7552,M009542,2026-01-19,
7552,M012706,2025-12-29,
7552,M012706,2026-01-05,
7552,M012706,2026-01-12,
7552,M012706,2026-01-19,
7561,M010132,2025-12-29,
7561,M010132,2026-01-05,
7561,M010132,2026-01-12,
7561,M010132,2026-01-19,
7561,M016641,2025-12-29,
7561,M016641,2026-01-05,
7561,M016641,2026-01-12,
7561,M016641,2026-01-19,
7561,M011086,2025-12-29,
7561,M011086,2026-01-05,
7561,M011086,2026-01-12,
7561,M011086,2026-01-19,
7561,M013477,2025-12-29,
7561,M013477,2026-01-05,
7561,M013477,2026-01-12,
7561,M013477,2026-01-19,
7561,M010788,2025-12-29,
7561,M010788,2026-01-05,
7561,M010788,2026-01-12,
7561,M010788,2026-01-19,
7561,M013294,2025-12-29,
7561,M013294,2026-01-05,
7561,M013294,2026-01-12,
7561,M013294,2026-01-19,
7561,M010532,2025-12-29,
7561,M010532,2026-01-05,
7561,M010532,2026-01-12,
7561,M010532,2026-01-19,
7561,M009630,2025-12-29,
7561,M009630,2026-01-05,
7561,M009630,2026-01-12,
7561,M009630,2026-01-19,
7561,M010184,2025-12-29,
7561,M010184,2026-01-05,
7561,M010184,2026-01-12,
7561,M010184,2026-01-19,
7561,M009072,2025-12-29,
7561,M009072,2026-01-05,
7561,M009072,2026-01-12,
7561,M009072,2026-01-19,
7561,M010868,2025-12-29,
7561,M010868,2026-01-05,
7561,M010868,2026-01-12,
7561,M010868,2026-01-19,
7561,M009970,2025-12-29,
7561,M009970,2026-01-05,
7561,M009970,2026-01-12,
7561,M009970,2026-01-19,
7561,M009594,2025-12-29,
7561,M009594,2026-01-05,
7561,M009594,2026-01-12,
7561,M009594,2026-01-19,
7561,M010253,2025-12-29,
7561,M010253,2026-01-05,
7561,M010253,2026-01-12,
7561,M010253,2026-01-19,
7561,M010862,2025-12-29,
7561,M010862,2026-01-05,
7561,M010862,2026-01-12,
7561,M010862,2026-01-19,
7561,M010208,2025-12-29,
7561,M010208,2026-01-05,
7561,M010208,2026-01-12,
7561,M010208,2026-01-19,
7589,M010132,2025-12-29,
7589,M010132,2026-01-05,
7589,M010132,2026-01-12,
7589,M010132,2026-01-19,
7589,M012706,2025-12-29,
7589,M012706,2026-01-05,
7589,M012706,2026-01-12,
7589,M012706,2026-01-19,
7589,M010082,2025-12-29,
7589,M010082,2026-01-05,
7589,M010082,2026-01-12,
7589,M010082,2026-01-19,
7589,M012860,2025-12-29,
7589,M012860,2026-01-05,
7589,M012860,2026-01-12,
7589,M012860,2026-01-19,
7589,M009970,2025-12-29,
7589,M009970,2026-01-05,
7589,M009970,2026-01-12,
7589,M009970,2026-01-19,
7589,M010200,2025-12-29,
7589,M010200,2026-01-05,
7589,M010200,2026-01-12,
7589,M010200,2026-01-19,
7589,M010079,2025-12-29,
7589,M010079,2026-01-05,
7589,M010079,2026-01-12,
7589,M010079,2026-01-19,
7589,M010788,2025-12-29,
7589,M010788,2026-01-05,
7589,M010788,2026-01-12,
7589,M010788,2026-01-19,
7589,M013962,2025-12-29,
7589,M013962,2026-01-05,
7589,M013962,2026-01-12,
7589,M013962,2026-01-19,
7589,M010253,2025-12-29,
7589,M010253,2026-01-05,
7589,M010253,2026-01-12,
7589,M010253,2026-01-19,
7589,M010453,2025-12-29,
7589,M010453,2026-01-05,
7589,M010453,2026-01-12,
7589,M010453,2026-01-19,
7919,M014013,2025-12-29,
7919,M014013,2026-01-05,
7919,M014013,2026-01-12,
7919,M014013,2026-01-19,
7919,M010771,2025-12-29,
7919,M010771,2026-01-05,
7919,M010771,2026-01-12,
7919,M010771,2026-01-19,
7919,M009364,2025-12-29,
7919,M009364,2026-01-05,
7919,M009364,2026-01-12,
7919,M009364,2026-01-19,
7919,M011232,2025-12-29,
7919,M011232,2026-01-05,
7919,M011232,2026-01-12,
7919,M011232,2026-01-19,
7919,M013294,2025-12-29,
7919,M013294,2026-01-05,
7919,M013294,2026-01-12,
7919,M013294,2026-01-19,
7919,M012706,2025-12-29,
7919,M012706,2026-01-05,
7919,M012706,2026-01-12,
7919,M012706,2026-01-19,
7919,M009630,2025-12-29,
7919,M009630,2026-01-05,
7919,M009630,2026-01-12,
7919,M009630,2026-01-19,
7919,M010253,2025-12-29,
7919,M010253,2026-01-05,
7919,M010253,2026-01-12,
7919,M010253,2026-01-19,
7919,M009648,2025-12-29,
7919,M009648,2026-01-05,
7919,M009648,2026-01-12,
7919,M009648,2026-01-19,
7919,M010208,2025-12-29,
7919,M010208,2026-01-05,
7919,M010208,2026-01-12,
7919,M010208,2026-01-19,
7919,M009651,2025-12-29,
7919,M009651,2026-01-05,
7919,M009651,2026-01-12,
7919,M009651,2026-01-19,
8143,M013459,2025-12-29,
8143,M013459,2026-01-05,
8143,M013459,2026-01-12,
8143,M013459,2026-01-19,
8143,M010676,2025-12-29,
8143,M010676,2026-01-05,
8143,M010676,2026-01-12,
8143,M010676,2026-01-19,
8143,M009648,2025-12-29,
8143,M009648,2026-01-05,
8143,M009648,2026-01-12,
8143,M009648,2026-01-19,
8143,M012706,2025-12-29,
8143,M012706,2026-01-05,
8143,M012706,2026-01-12,
8143,M012706,2026-01-19,
8143,M010184,2025-12-29,
8143,M010184,2026-01-05,
8143,M010184,2026-01-12,
8143,M010184,2026-01-19,
8143,M009651,2025-12-29,
8143,M009651,2026-01-05,
8143,M009651,2026-01-12,
8143,M009651,2026-01-19,
8143,M012860,2025-12-29,
8143,M012860,2026-01-05,
8143,M012860,2026-01-12,
8143,M012860,2026-01-19,
8143,M009542,2025-12-29,
8143,M009542,2026-01-05,
8143,M009542,2026-01-12,
8143,M009542,2026-01-19,
8165,M010771,2025-12-29,
8165,M010771,2026-01-05,
8165,M010771,2026-01-12,
8165,M010771,2026-01-19,
8165,M010676,2025-12-29,
8165,M010676,2026-01-05,
8165,M010676,2026-01-12,
8165,M010676,2026-01-19,
8165,M009364,2025-12-29,
8165,M009364,2026-01-05,
8165,M009364,2026-01-12,
8165,M009364,2026-01-19,
8165,M016641,2025-12-29,
8165,M016641,2026-01-05,
8165,M016641,2026-01-12,
8165,M016641,2026-01-19,
8165,M010788,2025-12-29,
8165,M010788,2026-01-05,
8165,M010788,2026-01-12,
8165,M010788,2026-01-19,
8165,M013459,2025-12-29,
8165,M013459,2026-01-05,
8165,M013459,2026-01-12,
8165,M013459,2026-01-19,
8165,M010868,2025-12-29,
8165,M010868,2026-01-05,
8165,M010868,2026-01-12,
8165,M010868,2026-01-19,
8165,M010184,2025-12-29,
8165,M010184,2026-01-05,
8165,M010184,2026-01-12,
8165,M010184,2026-01-19,
8165,M013086,2025-12-29,
8165,M013086,2026-01-05,
8165,M013086,2026-01-12,
8165,M013086,2026-01-19,
8165,M009970,2025-12-29,
8165,M009970,2026-01-05,
8165,M009970,2026-01-12,
8165,M009970,2026-01-19,
8165,M013477,2025-12-29,
8165,M013477,2026-01-05,
8165,M013477,2026-01-12,
8165,M013477,2026-01-19,
8281,M009050,2025-12-29,
8281,M009050,2026-01-05,
8281,M009050,2026-01-12,
8281,M009050,2026-01-19,
8281,M010253,2025-12-29,
8281,M010253,2026-01-05,
8281,M010253,2026-01-12,
8281,M010253,2026-01-19,
8281,M010200,2025-12-29,
8281,M010200,2026-01-05,
8281,M010200,2026-01-12,
8281,M010200,2026-01-19,
8281,M013086,2025-12-29,
8281,M013086,2026-01-05,
8281,M013086,2026-01-12,
8281,M013086,2026-01-19,
8281,M010453,2025-12-29,
8281,M010453,2026-01-05,
8281,M010453,2026-01-12,
8281,M010453,2026-01-19,
8281,M009594,2025-12-29,
8281,M009594,2026-01-05,
8281,M009594,2026-01-12,
8281,M009594,2026-01-19,
8281,M009072,2025-12-29,
8281,M009072,2026-01-05,
8281,M009072,2026-01-12,
8281,M009072,2026-01-19,
8281,M013477,2025-12-29,
8281,M013477,2026-01-05,
8281,M013477,2026-01-12,
8281,M013477,2026-01-19,
8281,M012706,2025-12-29,
8281,M012706,2026-01-05,
8281,M012706,2026-01-12,
8281,M012706,2026-01-19,
8281,M012665,2025-12-29,
8281,M012665,2026-01-05,
8281,M012665,2026-01-12,
8281,M012665,2026-01-19,
8281,M009630,2025-12-29,
8281,M009630,2026-01-05,
8281,M009630,2026-01-12,
8281,M009630,2026-01-19,
8281,M010532,2025-12-29,
8281,M010532,2026-01-05,
8281,M010532,2026-01-12,
8281,M010532,2026-01-19,
8281,M010208,2025-12-29,
8281,M010208,2026-01-05,
8281,M010208,2026-01-12,
8281,M010208,2026-01-19,
8281,M014013,2025-12-29,
8281,M014013,2026-01-05,
8281,M014013,2026-01-12,
8281,M014013,2026-01-19,
8339,M016641,2025-12-29,
8339,M016641,2026-01-05,
8339,M016641,2026-01-12,
8339,M016641,2026-01-19,
8339,M009648,2025-12-29,
8339,M009648,2026-01-05,
8339,M009648,2026-01-12,
8339,M009648,2026-01-19,
8339,M012860,2025-12-29,
8339,M012860,2026-01-05,
8339,M012860,2026-01-12,
8339,M012860,2026-01-19,
8339,M010676,2025-12-29,
8339,M010676,2026-01-05,
8339,M010676,2026-01-12,
8339,M010676,2026-01-19,
8339,M009364,2025-12-29,
8339,M009364,2026-01-05,
8339,M009364,2026-01-12,
8339,M009364,2026-01-19,
8339,M011086,2025-12-29,
8339,M011086,2026-01-05,
8339,M011086,2026-01-12,
8339,M011086,2026-01-19,
8617,M009594,2025-12-29,
8617,M009594,2026-01-05,
8617,M009594,2026-01-12,
8617,M009594,2026-01-19,
8617,M013086,2025-12-29,
8617,M013086,2026-01-05,
8617,M013086,2026-01-12,
8617,M013086,2026-01-19,
8617,M012665,2025-12-29,
8617,M012665,2026-01-05,
8617,M012665,2026-01-12,
8617,M012665,2026-01-19,
8617,M009630,2025-12-29,
8617,M009630,2026-01-05,
8617,M009630,2026-01-12,
8617,M009630,2026-01-19,
8617,M010038,2025-12-29,
8617,M010038,2026-01-05,
8617,M010038,2026-01-12,
8617,M010038,2026-01-19,
8617,M013459,2025-12-29,
8617,M013459,2026-01-05,
8617,M013459,2026-01-12,
8617,M013459,2026-01-19,
8617,M010200,2025-12-29,
8617,M010200,2026-01-05,
8617,M010200,2026-01-12,
8617,M010200,2026-01-19,
8617,M009364,2025-12-29,
8617,M009364,2026-01-05,
8617,M009364,2026-01-12,
8617,M009364,2026-01-19,
8617,M012706,2025-12-29,
8617,M012706,2026-01-05,
8617,M012706,2026-01-12,
8617,M012706,2026-01-19,
8741,M013477,2025-12-29,
8741,M013477,2026-01-05,
8741,M013477,2026-01-12,
8741,M013477,2026-01-19,
8741,M010862,2025-12-29,
8741,M010862,2026-01-05,
8741,M010862,2026-01-12,
8741,M010862,2026-01-19,
8741,M011232,2025-12-29,
8741,M011232,2026-01-05,
8741,M011232,2026-01-12,
8741,M011232,2026-01-19,
8741,M010771,2025-12-29,
8741,M010771,2026-01-05,
8741,M010771,2026-01-12,
8741,M010771,2026-01-19,
8741,M014013,2025-12-29,
8741,M014013,2026-01-05,
8741,M014013,2026-01-12,
8741,M014013,2026-01-19,
8741,M009898,2025-12-29,
8741,M009898,2026-01-05,
8741,M009898,2026-01-12,
8741,M009898,2026-01-19,
8741,M009542,2025-12-29,
8741,M009542,2026-01-05,
8741,M009542,2026-01-12,
8741,M009542,2026-01-19,
8741,M012665,2025-12-29,
8741,M012665,2026-01-05,
8741,M012665,2026-01-12,
8741,M012665,2026-01-19,
8741,M011339,2025-12-29,
8741,M011339,2026-01-05,
8741,M011339,2026-01-12,
8741,M011339,2026-01-19,
8741,M009072,2025-12-29,
8741,M009072,2026-01-05,
8741,M009072,2026-01-12,
8741,M009072,2026-01-19,
8986,M011075,2025-12-29,
8986,M011075,2026-01-05,
8986,M011075,2026-01-12,
8986,M011075,2026-01-19,
8986,M009542,2025-12-29,
8986,M009542,2026-01-05,
8986,M009542,2026-01-12,
8986,M009542,2026-01-19,
8986,M016641,2025-12-29,
8986,M016641,2026-01-05,
8986,M016641,2026-01-12,
8986,M016641,2026-01-19,
8986,M013477,2025-12-29,
8986,M013477,2026-01-05,
8986,M013477,2026-01-12,
8986,M013477,2026-01-19,
8986,M013086,2025-12-29,
8986,M013086,2026-01-05,
8986,M013086,2026-01-12,
8986,M013086,2026-01-19,
8986,M012665,2025-12-29,
8986,M012665,2026-01-05,
8986,M012665,2026-01-12,
8986,M012665,2026-01-19,
8986,M010038,2025-12-29,
8986,M010038,2026-01-05,
8986,M010038,2026-01-12,
8986,M010038,2026-01-19,
8986,M010204,2025-12-29,
8986,M010204,2026-01-05,
8986,M010204,2026-01-12,
8986,M010204,2026-01-19,
8986,M009898,2025-12-29,
8986,M009898,2026-01-05,
8986,M009898,2026-01-12,
8986,M009898,2026-01-19,
8986,M010208,2025-12-29,
8986,M010208,2026-01-05,
8986,M010208,2026-01-12,
8986,M010208,2026-01-19,
8986,M009630,2025-12-29,
8986,M009630,2026-01-05,
8986,M009630,2026-01-12,
8986,M009630,2026-01-19,
8986,M009072,2025-12-29,
8986,M009072,2026-01-05,
8986,M009072,2026-01-12,
8986,M009072,2026-01-19,
8986,M009970,2025-12-29,
8986,M009970,2026-01-05,
8986,M009970,2026-01-12,
8986,M009970,2026-01-19,
8986,M014013,2025-12-29,
8986,M014013,2026-01-05,
8986,M014013,2026-01-12,
8986,M014013,2026-01-19,
8986,M014771,2025-12-29,
8986,M014771,2026-01-05,
8986,M014771,2026-01-12,
8986,M014771,2026-01-19,
8986,M013294,2025-12-29,
8986,M013294,2026-01-05,
8986,M013294,2026-01-12,
8986,M013294,2026-01-19,
8986,M016350,2025-12-29,
8986,M016350,2026-01-05,
8986,M016350,2026-01-12,
8986,M016350,2026-01-19,
8986,M009651,2025-12-29,
8986,M009651,2026-01-05,
8986,M009651,2026-01-12,
8986,M009651,2026-01-19,
8986,M012115,2025-12-29,
8986,M012115,2026-01-05,
8986,M012115,2026-01-12,
8986,M012115,2026-01-19,
8986,M010788,2025-12-29,
8986,M010788,2026-01-05,
8986,M010788,2026-01-12,
8986,M010788,2026-01-19,
8986,M010075,2025-12-29,
8986,M010075,2026-01-05,
8986,M010075,2026-01-12,
8986,M010075,2026-01-19,
8986,M013220,2025-12-29,
8986,M013220,2026-01-05,
8986,M013220,2026-01-12,
8986,M013220,2026-01-19,
8986,M010132,2025-12-29,
8986,M010132,2026-01-05,
8986,M010132,2026-01-12,
8986,M010132,2026-01-19,
8986,M013962,2025-12-29,
8986,M013962,2026-01-05,
8986,M013962,2026-01-12,
8986,M013962,2026-01-19,
8986,M010082,2025-12-29,
8986,M010082,2026-01-05,
8986,M010082,2026-01-12,
8986,M010082,2026-01-19,
8986,M010771,2025-12-29,
8986,M010771,2026-01-05,
8986,M010771,2026-01-12,
8986,M010771,2026-01-19,
8986,M012706,2025-12-29,
8986,M012706,2026-01-05,
8986,M012706,2026-01-12,
8986,M012706,2026-01-19,
9274,M010079,2025-12-29,
9274,M010079,2026-01-05,
9274,M010079,2026-01-12,
9274,M010079,2026-01-19,
9274,M009898,2025-12-29,
9274,M009898,2026-01-05,
9274,M009898,2026-01-12,
9274,M009898,2026-01-19,
9274,M009651,2025-12-29,
9274,M009651,2026-01-05,
9274,M009651,2026-01-12,
9274,M009651,2026-01-19,
9274,M013459,2025-12-29,
9274,M013459,2026-01-05,
9274,M013459,2026-01-12,
9274,M013459,2026-01-19,
9274,M010038,2025-12-29,
9274,M010038,2026-01-05,
9274,M010038,2026-01-12,
9274,M010038,2026-01-19,
9274,M010676,2025-12-29,
9274,M010676,2026-01-05,
9274,M010676,2026-01-12,
9274,M010676,2026-01-19,
9274,M011086,2025-12-29,
9274,M011086,2026-01-05,
9274,M011086,2026-01-12,
9274,M011086,2026-01-19,
9274,M009594,2025-12-29,
9274,M009594,2026-01-05,
9274,M009594,2026-01-12,
9274,M009594,2026-01-19,
9274,M013477,2025-12-29,
9274,M013477,2026-01-05,
9274,M013477,2026-01-12,
9274,M013477,2026-01-19,
9274,M011339,2025-12-29,
9274,M011339,2026-01-05,
9274,M011339,2026-01-12,
9274,M011339,2026-01-19,
9274,M009970,2025-12-29,
9274,M009970,2026-01-05,
9274,M009970,2026-01-12,
9274,M009970,2026-01-19,
9397,M011339,2025-12-29,
9397,M011339,2026-01-05,
9397,M011339,2026-01-12,
9397,M011339,2026-01-19,
9397,M013962,2025-12-29,
9397,M013962,2026-01-05,
9397,M013962,2026-01-12,
9397,M013962,2026-01-19,
9397,M009542,2025-12-29,
9397,M009542,2026-01-05,
9397,M009542,2026-01-12,
9397,M009542,2026-01-19,
9397,M010862,2025-12-29,
9397,M010862,2026-01-05,
9397,M010862,2026-01-12,
9397,M010862,2026-01-19,
9397,M014771,2025-12-29,
9397,M014771,2026-01-05,
9397,M014771,2026-01-12,
9397,M014771,2026-01-19,
9397,M012706,2025-12-29,
9397,M012706,2026-01-05,
9397,M012706,2026-01-12,
9397,M012706,2026-01-19,
9397,M016641,2025-12-29,
9397,M016641,2026-01-05,
9397,M016641,2026-01-12,
9397,M016641,2026-01-19,
9397,M011086,2025-12-29,
9397,M011086,2026-01-05,
9397,M011086,2026-01-12,
9397,M011086,2026-01-19,
9397,M010038,2025-12-29,
9397,M010038,2026-01-05,
9397,M010038,2026-01-12,
9397,M010038,2026-01-19,
9397,M010082,2025-12-29,
9397,M010082,2026-01-05,
9397,M010082,2026-01-12,
9397,M010082,2026-01-19,
9397,M009630,2025-12-29,
9397,M009630,2026-01-05,
9397,M009630,2026-01-12,
9397,M009630,2026-01-19,
9397,M014013,2025-12-29,
9397,M014013,2026-01-05,
9397,M014013,2026-01-12,
9397,M014013,2026-01-19,
9441,M009630,2025-12-29,
9441,M009630,2026-01-05,
9441,M009630,2026-01-12,
9441,M009630,2026-01-19,
9441,M009648,2025-12-29,
9441,M009648,2026-01-05,
9441,M009648,2026-01-12,
9441,M009648,2026-01-19,
9441,M009651,2025-12-29,
9441,M009651,2026-01-05,
9441,M009651,2026-01-12,
9441,M009651,2026-01-19,
9441,M012665,2025-12-29,
9441,M012665,2026-01-05,
9441,M012665,2026-01-12,
9441,M012665,2026-01-19,
9441,M016350,2025-12-29,
9441,M016350,2026-01-05,
9441,M016350,2026-01-12,
9441,M016350,2026-01-19,
9441,M011086,2025-12-29,
9441,M011086,2026-01-05,
9441,M011086,2026-01-12,
9441,M011086,2026-01-19,
9441,M010132,2025-12-29,
9441,M010132,2026-01-05,
9441,M010132,2026-01-12,
9441,M010132,2026-01-19,
9441,M009898,2025-12-29,
9441,M009898,2026-01-05,
9441,M009898,2026-01-12,
9441,M009898,2026-01-19,
9441,M010082,2025-12-29,
9441,M010082,2026-01-05,
9441,M010082,2026-01-12,
9441,M010082,2026-01-19,
9441,M012860,2025-12-29,
9441,M012860,2026-01-05,
9441,M012860,2026-01-12,
9441,M012860,2026-01-19,
9441,M011232,2025-12-29,
9441,M011232,2026-01-05,
9441,M011232,2026-01-12,
9441,M011232,2026-01-19,
9441,M010253,2025-12-29,
9441,M010253,2026-01-05,
9441,M010253,2026-01-12,
9441,M010253,2026-01-19,
9441,M009970,2025-12-29,
9441,M009970,2026-01-05,
9441,M009970,2026-01-12,
9441,M009970,2026-01-19,
9441,M009050,2025-12-29,
9441,M009050,2026-01-05,
9441,M009050,2026-01-12,
9441,M009050,2026-01-19,
9441,M013294,2025-12-29,
9441,M013294,2026-01-05,
9441,M013294,2026-01-12,
9441,M013294,2026-01-19,
9441,M011339,2025-12-29,
9441,M011339,2026-01-05,
9441,M011339,2026-01-12,
9441,M011339,2026-01-19,
9441,M010788,2025-12-29,
9441,M010788,2026-01-05,
9441,M010788,2026-01-12,
9441,M010788,2026-01-19,
9441,M009371,2025-12-29,
9441,M009371,2026-01-05,
9441,M009371,2026-01-12,
9441,M009371,2026-01-19,
9441,M009364,2025-12-29,
9441,M009364,2026-01-05,
9441,M009364,2026-01-12,
9441,M009364,2026-01-19,
9441,M010868,2025-12-29,
9441,M010868,2026-01-05,
9441,M010868,2026-01-12,
9441,M010868,2026-01-19,
9441,M010079,2025-12-29,
9441,M010079,2026-01-05,
9441,M010079,2026-01-12,
9441,M010079,2026-01-19,
9441,M009518,2025-12-29,
9441,M009518,2026-01-05,
9441,M009518,2026-01-12,
9441,M009518,2026-01-19,
9441,M009072,2025-12-29,
9441,M009072,2026-01-05,
9441,M009072,2026-01-12,
9441,M009072,2026-01-19,
9441,M013086,2025-12-29,
9441,M013086,2026-01-05,
9441,M013086,2026-01-12,
9441,M013086,2026-01-19,
9441,M016311,2025-12-29,
9441,M016311,2026-01-05,
9441,M016311,2026-01-12,
9441,M016311,2026-01-19,
9441,M012115,2025-12-29,
9441,M012115,2026-01-05,
9441,M012115,2026-01-12,
9441,M012115,2026-01-19,
9441,M010038,2025-12-29,
9441,M010038,2026-01-05,
9441,M010038,2026-01-12,
9441,M010038,2026-01-19,
9441,M010204,2025-12-29,
9441,M010204,2026-01-05,
9441,M010204,2026-01-12,
9441,M010204,2026-01-19,
9560,M012115,2025-12-29,
9560,M012115,2026-01-05,
9560,M012115,2026-01-12,
9560,M012115,2026-01-19,
9560,M010771,2025-12-29,
9560,M010771,2026-01-05,
9560,M010771,2026-01-12,
9560,M010771,2026-01-19,
9560,M009970,2025-12-29,
9560,M009970,2026-01-05,
9560,M009970,2026-01-12,
9560,M009970,2026-01-19,
9560,M013962,2025-12-29,
9560,M013962,2026-01-05,
9560,M013962,2026-01-12,
9560,M013962,2026-01-19,
9560,M014771,2025-12-29,
9560,M014771,2026-01-05,
9560,M014771,2026-01-12,
9560,M014771,2026-01-19,
9560,M010788,2025-12-29,
9560,M010788,2026-01-05,
9560,M010788,2026-01-12,
9560,M010788,2026-01-19,
9560,M013477,2025-12-29,
9560,M013477,2026-01-05,
9560,M013477,2026-01-12,
9560,M013477,2026-01-19,
9560,M009651,2025-12-29,
9560,M009651,2026-01-05,
9560,M009651,2026-01-12,
9560,M009651,2026-01-19,
9560,M009072,2025-12-29,
9560,M009072,2026-01-05,
9560,M009072,2026-01-12,
9560,M009072,2026-01-19,
9560,M009898,2025-12-29,
9560,M009898,2026-01-05,
9560,M009898,2026-01-12,
9560,M009898,2026-01-19,
9560,M010862,2025-12-29,
9560,M010862,2026-01-05,
9560,M010862,2026-01-12,
9560,M010862,2026-01-19,
9560,M010676,2025-12-29,
9560,M010676,2026-01-05,
9560,M010676,2026-01-12,
9560,M010676,2026-01-19,
9603,M009050,2025-12-29,
9603,M009050,2026-01-05,
9603,M009050,2026-01-12,
9603,M009050,2026-01-19,
9603,M011232,2025-12-29,
9603,M011232,2026-01-05,
9603,M011232,2026-01-12,
9603,M011232,2026-01-19,
9603,M010253,2025-12-29,
9603,M010253,2026-01-05,
9603,M010253,2026-01-12,
9603,M010253,2026-01-19,
9603,M010532,2025-12-29,
9603,M010532,2026-01-05,
9603,M010532,2026-01-12,
9603,M010532,2026-01-19,
9603,M009072,2025-12-29,
9603,M009072,2026-01-05,
9603,M009072,2026-01-12,
9603,M009072,2026-01-19,
9603,M010184,2025-12-29,
9603,M010184,2026-01-05,
9603,M010184,2026-01-12,
9603,M010184,2026-01-19,
9603,M013086,2025-12-29,
9603,M013086,2026-01-05,
9603,M013086,2026-01-12,
9603,M013086,2026-01-19,
9603,M010038,2025-12-29,
9603,M010038,2026-01-05,
9603,M010038,2026-01-12,
9603,M010038,2026-01-19,
9603,M010208,2025-12-29,
9603,M010208,2026-01-05,
9603,M010208,2026-01-12,
9603,M010208,2026-01-19,
10290,M010079,2025-12-29,
10290,M010079,2026-01-05,
10290,M010079,2026-01-12,
10290,M010079,2026-01-19,
10290,M013459,2025-12-29,
10290,M013459,2026-01-05,
10290,M013459,2026-01-12,
10290,M013459,2026-01-19,
10290,M011232,2025-12-29,
10290,M011232,2026-01-05,
10290,M011232,2026-01-12,
10290,M011232,2026-01-19,
10290,M009518,2025-12-29,
10290,M009518,2026-01-05,
10290,M009518,2026-01-12,
10290,M009518,2026-01-19,
10290,M009050,2025-12-29,
10290,M009050,2026-01-05,
10290,M009050,2026-01-12,
10290,M009050,2026-01-19,
10290,M013220,2025-12-29,
10290,M013220,2026-01-05,
10290,M013220,2026-01-12,
10290,M013220,2026-01-19,
10290,M010038,2025-12-29,
10290,M010038,2026-01-05,
10290,M010038,2026-01-12,
10290,M010038,2026-01-19,
10290,M013086,2025-12-29,
10290,M013086,2026-01-05,
10290,M013086,2026-01-12,
10290,M013086,2026-01-19,
10290,M010882,2025-12-29,
10290,M010882,2026-01-05,
10290,M010882,2026-01-12,
10290,M010882,2026-01-19,
10290,M012665,2025-12-29,
10290,M012665,2026-01-05,
10290,M012665,2026-01-12,
10290,M012665,2026-01-19,
10290,M010862,2025-12-29,
10290,M010862,2026-01-05,
10290,M010862,2026-01-12,
10290,M010862,2026-01-19,
10290,M010204,2025-12-29,
10290,M010204,2026-01-05,
10290,M010204,2026-01-12,
10290,M010204,2026-01-19,
10290,M010184,2025-12-29,
10290,M010184,2026-01-05,
10290,M010184,2026-01-12,
10290,M010184,2026-01-19,
10290,M013962,2025-12-29,
10290,M013962,2026-01-05,
10290,M013962,2026-01-12,
10290,M013962,2026-01-19,
10290,M010868,2025-12-29,
10290,M010868,2026-01-05,
10290,M010868,2026-01-12,
10290,M010868,2026-01-19,
10290,M011086,2025-12-29,
10290,M011086,2026-01-05,
10290,M011086,2026-01-12,
10290,M011086,2026-01-19,
10290,M010453,2025-12-29,
10290,M010453,2026-01-05,
10290,M010453,2026-01-12,
10290,M010453,2026-01-19,
10290,M010788,2025-12-29,
10290,M010788,2026-01-05,
10290,M010788,2026-01-12,
10290,M010788,2026-01-19,
10290,M010075,2025-12-29,
10290,M010075,2026-01-05,
10290,M010075,2026-01-12,
10290,M010075,2026-01-19,
10290,M012115,2025-12-29,
10290,M012115,2026-01-05,
10290,M012115,2026-01-12,
10290,M012115,2026-01-19,
10290,M010676,2025-12-29,
10290,M010676,2026-01-05,
10290,M010676,2026-01-12,
10290,M010676,2026-01-19,
10290,M009284,2025-12-29,
10290,M009284,2026-01-05,
10290,M009284,2026-01-12,
10290,M009284,2026-01-19,
10290,M012860,2025-12-29,
10290,M012860,2026-01-05,
10290,M012860,2026-01-12,
10290,M012860,2026-01-19,
10290,M009594,2025-12-29,
10290,M009594,2026-01-05,
10290,M009594,2026-01-12,
10290,M009594,2026-01-19,
10290,M010200,2025-12-29,
10290,M010200,2026-01-05,
10290,M010200,2026-01-12,
10290,M010200,2026-01-19,
10290,M009648,2025-12-29,
10290,M009648,2026-01-05,
10290,M009648,2026-01-12,
10290,M009648,2026-01-19,
10290,M009651,2025-12-29,
10290,M009651,2026-01-05,
10290,M009651,2026-01-12,
10290,M009651,2026-01-19,
10450,M012665,2025-12-29,
10450,M012665,2026-01-05,
10450,M012665,2026-01-12,
10450,M012665,2026-01-19,
10450,M010079,2025-12-29,
10450,M010079,2026-01-05,
10450,M010079,2026-01-12,
10450,M010079,2026-01-19,
10450,M013220,2025-12-29,
10450,M013220,2026-01-05,
10450,M013220,2026-01-12,
10450,M013220,2026-01-19,
10450,M013477,2025-12-29,
10450,M013477,2026-01-05,
10450,M013477,2026-01-12,
10450,M013477,2026-01-19,
10450,M011339,2025-12-29,
10450,M011339,2026-01-05,
10450,M011339,2026-01-12,
10450,M011339,2026-01-19,
10450,M009050,2025-12-29,
10450,M009050,2026-01-05,
10450,M009050,2026-01-12,
10450,M009050,2026-01-19,
10450,M009630,2025-12-29,
10450,M009630,2026-01-05,
10450,M009630,2026-01-12,
10450,M009630,2026-01-19,
10450,M016641,2025-12-29,
10450,M016641,2026-01-05,
10450,M016641,2026-01-12,
10450,M016641,2026-01-19,
10450,M010082,2025-12-29,
10450,M010082,2026-01-05,
10450,M010082,2026-01-12,
10450,M010082,2026-01-19,
10450,M011232,2025-12-29,
10450,M011232,2026-01-05,
10450,M011232,2026-01-12,
10450,M011232,2026-01-19,
10450,M009594,2025-12-29,
10450,M009594,2026-01-05,
10450,M009594,2026-01-12,
10450,M009594,2026-01-19,
10493,M010453,2025-12-29,
10493,M010453,2026-01-05,
10493,M010453,2026-01-12,
10493,M010453,2026-01-19,
10493,M010200,2025-12-29,
10493,M010200,2026-01-05,
10493,M010200,2026-01-12,
10493,M010200,2026-01-19,
10493,M010184,2025-12-29,
10493,M010184,2026-01-05,
10493,M010184,2026-01-12,
10493,M010184,2026-01-19,
10493,M010862,2025-12-29,
10493,M010862,2026-01-05,
10493,M010862,2026-01-12,
10493,M010862,2026-01-19,
10493,M010038,2025-12-29,
10493,M010038,2026-01-05,
10493,M010038,2026-01-12,
10493,M010038,2026-01-19,
10493,M012115,2025-12-29,
10493,M012115,2026-01-05,
10493,M012115,2026-01-12,
10493,M012115,2026-01-19,
10493,M013459,2025-12-29,
10493,M013459,2026-01-05,
10493,M013459,2026-01-12,
10493,M013459,2026-01-19,
10493,M009970,2025-12-29,
10493,M009970,2026-01-05,
10493,M009970,2026-01-12,
10493,M009970,2026-01-19,
10493,M009050,2025-12-29,
10493,M009050,2026-01-05,
10493,M009050,2026-01-12,
10493,M009050,2026-01-19,
10493,M016641,2025-12-29,
10493,M016641,2026-01-05,
10493,M016641,2026-01-12,
10493,M016641,2026-01-19,
10493,M010082,2025-12-29,
10493,M010082,2026-01-05,
10493,M010082,2026-01-12,
10493,M010082,2026-01-19,
11040,M010771,2025-12-29,
11040,M010771,2026-01-05,
11040,M010771,2026-01-12,
11040,M010771,2026-01-19,
11040,M009072,2025-12-29,
11040,M009072,2026-01-05,
11040,M009072,2026-01-12,
11040,M009072,2026-01-19,
11040,M014013,2025-12-29,
11040,M014013,2026-01-05,
11040,M014013,2026-01-12,
11040,M014013,2026-01-19,
11040,M009898,2025-12-29,
11040,M009898,2026-01-05,
11040,M009898,2026-01-12,
11040,M009898,2026-01-19,
11040,M011232,2025-12-29,
11040,M011232,2026-01-05,
11040,M011232,2026-01-12,
11040,M011232,2026-01-19,
11040,M010862,2025-12-29,
11040,M010862,2026-01-05,
11040,M010862,2026-01-12,
11040,M010862,2026-01-19,
11040,M010868,2025-12-29,
11040,M010868,2026-01-05,
11040,M010868,2026-01-12,
11040,M010868,2026-01-19,
11040,M012115,2025-12-29,
11040,M012115,2026-01-05,
11040,M012115,2026-01-12,
11040,M012115,2026-01-19,
11040,M009594,2025-12-29,
11040,M009594,2026-01-05,
11040,M009594,2026-01-12,
11040,M009594,2026-01-19,
11040,M010532,2025-12-29,
11040,M010532,2026-01-05,
11040,M010532,2026-01-12,
11040,M010532,2026-01-19,
11040,M012706,2025-12-29,
11040,M012706,2026-01-05,
11040,M012706,2026-01-12,
11040,M012706,2026-01-19,
11040,M009542,2025-12-29,
11040,M009542,2026-01-05,
11040,M009542,2026-01-12,
11040,M009542,2026-01-19,
11040,M013086,2025-12-29,
11040,M013086,2026-01-05,
11040,M013086,2026-01-12,
11040,M013086,2026-01-19,
11040,M013962,2025-12-29,
11040,M013962,2026-01-05,
11040,M013962,2026-01-12,
11040,M013962,2026-01-19,
11048,M010771,2025-12-29,
11048,M010771,2026-01-05,
11048,M010771,2026-01-12,
11048,M010771,2026-01-19,
11048,M013962,2025-12-29,
11048,M013962,2026-01-05,
11048,M013962,2026-01-12,
11048,M013962,2026-01-19,
11048,M010132,2025-12-29,
11048,M010132,2026-01-05,
11048,M010132,2026-01-12,
11048,M010132,2026-01-19,
11048,M010788,2025-12-29,
11048,M010788,2026-01-05,
11048,M010788,2026-01-12,
11048,M010788,2026-01-19,
11048,M009594,2025-12-29,
11048,M009594,2026-01-05,
11048,M009594,2026-01-12,
11048,M009594,2026-01-19,
11048,M013086,2025-12-29,
11048,M013086,2026-01-05,
11048,M013086,2026-01-12,
11048,M013086,2026-01-19,
11048,M009630,2025-12-29,
11048,M009630,2026-01-05,
11048,M009630,2026-01-12,
11048,M009630,2026-01-19,
11048,M011086,2025-12-29,
11048,M011086,2026-01-05,
11048,M011086,2026-01-12,
11048,M011086,2026-01-19,
11048,M010676,2025-12-29,
11048,M010676,2026-01-05,
11048,M010676,2026-01-12,
11048,M010676,2026-01-19,
11048,M009364,2025-12-29,
11048,M009364,2026-01-05,
11048,M009364,2026-01-12,
11048,M009364,2026-01-19,
11048,M012860,2025-12-29,
11048,M012860,2026-01-05,
11048,M012860,2026-01-12,
11048,M012860,2026-01-19,
11048,M009542,2025-12-29,
11048,M009542,2026-01-05,
11048,M009542,2026-01-12,
11048,M009542,2026-01-19,
11270,M009072,2025-12-29,
11270,M009072,2026-01-05,
11270,M009072,2026-01-12,
11270,M009072,2026-01-19,
11270,M011339,2025-12-29,
11270,M011339,2026-01-05,
11270,M011339,2026-01-12,
11270,M011339,2026-01-19,
11270,M009898,2025-12-29,
11270,M009898,2026-01-05,
11270,M009898,2026-01-12,
11270,M009898,2026-01-19,
11270,M010253,2025-12-29,
11270,M010253,2026-01-05,
11270,M010253,2026-01-12,
11270,M010253,2026-01-19,
11270,M009364,2025-12-29,
11270,M009364,2026-01-05,
11270,M009364,2026-01-12,
11270,M009364,2026-01-19,
11270,M009630,2025-12-29,
11270,M009630,2026-01-05,
11270,M009630,2026-01-12,
11270,M009630,2026-01-19,
11270,M012860,2025-12-29,
11270,M012860,2026-01-05,
11270,M012860,2026-01-12,
11270,M012860,2026-01-19,
11270,M010868,2025-12-29,
11270,M010868,2026-01-05,
11270,M010868,2026-01-12,
11270,M010868,2026-01-19,
11270,M009648,2025-12-29,
11270,M009648,2026-01-05,
11270,M009648,2026-01-12,
11270,M009648,2026-01-19,
11270,M010079,2025-12-29,
11270,M010079,2026-01-05,
11270,M010079,2026-01-12,
11270,M010079,2026-01-19,
11270,M013459,2025-12-29,
11270,M013459,2026-01-05,
11270,M013459,2026-01-12,
11270,M013459,2026-01-19,
11270,M010532,2025-12-29,
11270,M010532,2026-01-05,
11270,M010532,2026-01-12,
11270,M010532,2026-01-19,
11270,M009651,2025-12-29,
11270,M009651,2026-01-05,
11270,M009651,2026-01-12,
11270,M009651,2026-01-19,
11270,M009050,2025-12-29,
11270,M009050,2026-01-05,
11270,M009050,2026-01-12,
11270,M009050,2026-01-19,
11609,M010532,2025-12-29,
11609,M010532,2026-01-05,
11609,M010532,2026-01-12,
11609,M010532,2026-01-19,
11609,M010082,2025-12-29,
11609,M010082,2026-01-05,
11609,M010082,2026-01-12,
11609,M010082,2026-01-19,
11609,M010253,2025-12-29,
11609,M010253,2026-01-05,
11609,M010253,2026-01-12,
11609,M010253,2026-01-19,
11609,M011086,2025-12-29,
11609,M011086,2026-01-05,
11609,M011086,2026-01-12,
11609,M011086,2026-01-19,
11609,M014771,2025-12-29,
11609,M014771,2026-01-05,
11609,M014771,2026-01-12,
11609,M014771,2026-01-19,
11609,M012115,2025-12-29,
11609,M012115,2026-01-05,
11609,M012115,2026-01-12,
11609,M012115,2026-01-19,
11609,M009050,2025-12-29,
11609,M009050,2026-01-05,
11609,M009050,2026-01-12,
11609,M009050,2026-01-19,
11609,M010184,2025-12-29,
11609,M010184,2026-01-05,
11609,M010184,2026-01-12,
11609,M010184,2026-01-19,
11609,M010788,2025-12-29,
11609,M010788,2026-01-05,
11609,M010788,2026-01-12,
11609,M010788,2026-01-19,
11609,M010038,2025-12-29,
11609,M010038,2026-01-05,
11609,M010038,2026-01-12,
11609,M010038,2026-01-19,
11609,M013220,2025-12-29,
11609,M013220,2026-01-05,
11609,M013220,2026-01-12,
11609,M013220,2026-01-19,
11609,M011232,2025-12-29,
11609,M011232,2026-01-05,
11609,M011232,2026-01-12,
11609,M011232,2026-01-19,
11609,M016641,2025-12-29,
11609,M016641,2026-01-05,
11609,M016641,2026-01-12,
11609,M016641,2026-01-19,
11609,M009648,2025-12-29,
11609,M009648,2026-01-05,
11609,M009648,2026-01-12,
11609,M009648,2026-01-19,
11793,M010184,2025-12-29,
11793,M010184,2026-01-05,
11793,M010184,2026-01-12,
11793,M010184,2026-01-19,
11793,M011086,2025-12-29,
11793,M011086,2026-01-05,
11793,M011086,2026-01-12,
11793,M011086,2026-01-19,
11793,M009648,2025-12-29,
11793,M009648,2026-01-05,
11793,M009648,2026-01-12,
11793,M009648,2026-01-19,
11793,M011339,2025-12-29,
11793,M011339,2026-01-05,
11793,M011339,2026-01-12,
11793,M011339,2026-01-19,
11793,M010079,2025-12-29,
11793,M010079,2026-01-05,
11793,M010079,2026-01-12,
11793,M010079,2026-01-19,
11793,M010532,2025-12-29,
11793,M010532,2026-01-05,
11793,M010532,2026-01-12,
11793,M010532,2026-01-19,
11793,M013220,2025-12-29,
11793,M013220,2026-01-05,
11793,M013220,2026-01-12,
11793,M013220,2026-01-19,
11793,M013962,2025-12-29,
11793,M013962,2026-01-05,
11793,M013962,2026-01-12,
11793,M013962,2026-01-19,
11793,M010862,2025-12-29,
11793,M010862,2026-01-05,
11793,M010862,2026-01-12,
11793,M010862,2026-01-19,
11793,M010038,2025-12-29,
11793,M010038,2026-01-05,
11793,M010038,2026-01-12,
11793,M010038,2026-01-19,
11793,M010132,2025-12-29,
11793,M010132,2026-01-05,
11793,M010132,2026-01-12,
11793,M010132,2026-01-19,
11793,M012115,2025-12-29,
11793,M012115,2026-01-05,
11793,M012115,2026-01-12,
11793,M012115,2026-01-19,
11793,M014771,2025-12-29,
11793,M014771,2026-01-05,
11793,M014771,2026-01-12,
11793,M014771,2026-01-19,
11793,M010082,2025-12-29,
11793,M010082,2026-01-05,
11793,M010082,2026-01-12,
11793,M010082,2026-01-19,
11793,M009898,2025-12-29,
11793,M009898,2026-01-05,
11793,M009898,2026-01-12,
11793,M009898,2026-01-19,
12419,M010184,2025-12-29,
12419,M010184,2026-01-05,
12419,M010184,2026-01-12,
12419,M010184,2026-01-19,
12419,M016311,2025-12-29,
12419,M016311,2026-01-05,
12419,M016311,2026-01-12,
12419,M016311,2026-01-19,
12419,M010132,2025-12-29,
12419,M010132,2026-01-05,
12419,M010132,2026-01-12,
12419,M010132,2026-01-19,
12419,M009651,2025-12-29,
12419,M009651,2026-01-05,
12419,M009651,2026-01-12,
12419,M009651,2026-01-19,
12419,M012115,2025-12-29,
12419,M012115,2026-01-05,
12419,M012115,2026-01-12,
12419,M012115,2026-01-19,
12419,M010862,2025-12-29,
12419,M010862,2026-01-05,
12419,M010862,2026-01-12,
12419,M010862,2026-01-19,
12419,M011075,2025-12-29,
12419,M011075,2026-01-05,
12419,M011075,2026-01-12,
12419,M011075,2026-01-19,
12419,M014013,2025-12-29,
12419,M014013,2026-01-05,
12419,M014013,2026-01-12,
12419,M014013,2026-01-19,
12419,M014771,2025-12-29,
12419,M014771,2026-01-05,
12419,M014771,2026-01-12,
12419,M014771,2026-01-19,
12419,M010200,2025-12-29,
12419,M010200,2026-01-05,
12419,M010200,2026-01-12,
12419,M010200,2026-01-19,
12419,M013294,2025-12-29,
12419,M013294,2026-01-05,
12419,M013294,2026-01-12,
12419,M013294,2026-01-19,
12419,M010079,2025-12-29,
12419,M010079,2026-01-05,
12419,M010079,2026-01-12,
12419,M010079,2026-01-19,
12419,M009284,2025-12-29,
12419,M009284,2026-01-05,
12419,M009284,2026-01-12,
12419,M009284,2026-01-19,
12419,M009594,2025-12-29,
12419,M009594,2026-01-05,
12419,M009594,2026-01-12,
12419,M009594,2026-01-19,
12419,M009648,2025-12-29,
12419,M009648,2026-01-05,
12419,M009648,2026-01-12,
12419,M009648,2026-01-19,
12419,M009072,2025-12-29,
12419,M009072,2026-01-05,
12419,M009072,2026-01-12,
12419,M009072,2026-01-19,
12419,M013477,2025-12-29,
12419,M013477,2026-01-05,
12419,M013477,2026-01-12,
12419,M013477,2026-01-19,
12419,M010082,2025-12-29,
12419,M010082,2026-01-05,
12419,M010082,2026-01-12,
12419,M010082,2026-01-19,
12419,M010532,2025-12-29,
12419,M010532,2026-01-05,
12419,M010532,2026-01-12,
12419,M010532,2026-01-19,
12419,M010868,2025-12-29,
12419,M010868,2026-01-05,
12419,M010868,2026-01-12,
12419,M010868,2026-01-19,
12419,M009630,2025-12-29,
12419,M009630,2026-01-05,
12419,M009630,2026-01-12,
12419,M009630,2026-01-19,
12419,M013459,2025-12-29,
12419,M013459,2026-01-05,
12419,M013459,2026-01-12,
12419,M013459,2026-01-19,
12419,M012706,2025-12-29,
12419,M012706,2026-01-05,
12419,M012706,2026-01-12,
12419,M012706,2026-01-19,
12419,M010075,2025-12-29,
12419,M010075,2026-01-05,
12419,M010075,2026-01-12,
12419,M010075,2026-01-19,
12419,M012665,2025-12-29,
12419,M012665,2026-01-05,
12419,M012665,2026-01-12,
12419,M012665,2026-01-19,
12419,M009542,2025-12-29,
12419,M009542,2026-01-05,
12419,M009542,2026-01-12,
12419,M009542,2026-01-19,
12419,M010788,2025-12-29,
12419,M010788,2026-01-05,
12419,M010788,2026-01-12,
12419,M010788,2026-01-19,
12419,M010676,2025-12-29,
12419,M010676,2026-01-05,
12419,M010676,2026-01-12,
12419,M010676,2026-01-19,
1535,M013086,2025-12-29,
1535,M013086,2026-01-05,
1535,M013086,2026-01-12,
1535,M013086,2026-01-19,
1535,M010082,2025-12-29,
1535,M010082,2026-01-05,
1535,M010082,2026-01-12,
1535,M010082,2026-01-19,
1535,M012706,2025-12-29,
1535,M012706,2026-01-05,
1535,M012706,2026-01-12,
1535,M012706,2026-01-19,
1535,M010882,2025-12-29,
1535,M010882,2026-01-05,
1535,M010882,2026-01-12,
1535,M010882,2026-01-19,
1535,M009648,2025-12-29,
1535,M009648,2026-01-05,
1535,M009648,2026-01-12,
1535,M009648,2026-01-19,
1535,M009594,2025-12-29,
1535,M009594,2026-01-05,
1535,M009594,2026-01-12,
1535,M009594,2026-01-19,
1535,M010771,2025-12-29,
1535,M010771,2026-01-05,
1535,M010771,2026-01-12,
1535,M010771,2026-01-19,
1535,M009970,2025-12-29,
1535,M009970,2026-01-05,
1535,M009970,2026-01-12,
1535,M009970,2026-01-19,
1535,M013477,2025-12-29,
1535,M013477,2026-01-05,
1535,M013477,2026-01-12,
1535,M013477,2026-01-19,
1535,M016350,2025-12-29,
1535,M016350,2026-01-05,
1535,M016350,2026-01-12,
1535,M016350,2026-01-19,
1535,M010532,2025-12-29,
1535,M010532,2026-01-05,
1535,M010532,2026-01-12,
1535,M010532,2026-01-19,
1535,M010132,2025-12-29,
1535,M010132,2026-01-05,
1535,M010132,2026-01-12,
1535,M010132,2026-01-19,
1535,M009364,2025-12-29,
1535,M009364,2026-01-05,
1535,M009364,2026-01-12,
1535,M009364,2026-01-19,
1857,M016350,2025-12-29,
1857,M016350,2026-01-05,
1857,M016350,2026-01-12,
1857,M016350,2026-01-19,
1857,M010771,2025-12-29,
1857,M010771,2026-01-05,
1857,M010771,2026-01-12,
1857,M010771,2026-01-19,
1857,M011232,2025-12-29,
1857,M011232,2026-01-05,
1857,M011232,2026-01-12,
1857,M011232,2026-01-19,
1857,M009651,2025-12-29,
1857,M009651,2026-01-05,
1857,M009651,2026-01-12,
1857,M009651,2026-01-19,
1857,M013459,2025-12-29,
1857,M013459,2026-01-05,
1857,M013459,2026-01-12,
1857,M013459,2026-01-19,
1857,M013220,2025-12-29,
1857,M013220,2026-01-05,
1857,M013220,2026-01-12,
1857,M013220,2026-01-19,
1857,M010868,2025-12-29,
1857,M010868,2026-01-05,
1857,M010868,2026-01-12,
1857,M010868,2026-01-19,
1857,M009072,2025-12-29,
1857,M009072,2026-01-05,
1857,M009072,2026-01-12,
1857,M009072,2026-01-19,
1857,M016311,2025-12-29,
1857,M016311,2026-01-05,
1857,M016311,2026-01-12,
1857,M016311,2026-01-19,
1857,M009542,2025-12-29,
1857,M009542,2026-01-05,
1857,M009542,2026-01-12,
1857,M009542,2026-01-19,
2016,M016311,2025-12-29,
2016,M016311,2026-01-05,
2016,M016311,2026-01-12,
2016,M016311,2026-01-19,
2016,M013220,2025-12-29,
2016,M013220,2026-01-05,
2016,M013220,2026-01-12,
2016,M013220,2026-01-19,
2016,M010132,2025-12-29,
2016,M010132,2026-01-05,
2016,M010132,2026-01-12,
2016,M010132,2026-01-19,
2016,M014013,2025-12-29,
2016,M014013,2026-01-05,
2016,M014013,2026-01-12,
2016,M014013,2026-01-19,
2016,M009542,2025-12-29,
2016,M009542,2026-01-05,
2016,M009542,2026-01-12,
2016,M009542,2026-01-19,
2016,M014771,2025-12-29,
2016,M014771,2026-01-05,
2016,M014771,2026-01-12,
2016,M014771,2026-01-19,
2016,M013294,2025-12-29,
2016,M013294,2026-01-05,
2016,M013294,2026-01-12,
2016,M013294,2026-01-19,
2016,M010532,2025-12-29,
2016,M010532,2026-01-05,
2016,M010532,2026-01-12,
2016,M010532,2026-01-19,
2016,M011232,2025-12-29,
2016,M011232,2026-01-05,
2016,M011232,2026-01-12,
2016,M011232,2026-01-19,
2016,M009970,2025-12-29,
2016,M009970,2026-01-05,
2016,M009970,2026-01-12,
2016,M009970,2026-01-19,
2016,M013477,2025-12-29,
2016,M013477,2026-01-05,
2016,M013477,2026-01-12,
2016,M013477,2026-01-19,
2016,M012115,2025-12-29,
2016,M012115,2026-01-05,
2016,M012115,2026-01-12,
2016,M012115,2026-01-19,
2016,M009284,2025-12-29,
2016,M009284,2026-01-05,
2016,M009284,2026-01-12,
2016,M009284,2026-01-19,
2016,M009898,2025-12-29,
2016,M009898,2026-01-05,
2016,M009898,2026-01-12,
2016,M009898,2026-01-19,
2016,M010184,2025-12-29,
2016,M010184,2026-01-05,
2016,M010184,2026-01-12,
2016,M010184,2026-01-19,
2341,M010079,2025-12-29,
2341,M010079,2026-01-05,
2341,M010079,2026-01-12,
2341,M010079,2026-01-19,
2341,M010038,2025-12-29,
2341,M010038,2026-01-05,
2341,M010038,2026-01-12,
2341,M010038,2026-01-19,
2341,M010184,2025-12-29,
2341,M010184,2026-01-05,
2341,M010184,2026-01-12,
2341,M010184,2026-01-19,
2341,M016641,2025-12-29,
2341,M016641,2026-01-05,
2341,M016641,2026-01-12,
2341,M016641,2026-01-19,
2341,M010204,2025-12-29,
2341,M010204,2026-01-05,
2341,M010204,2026-01-12,
2341,M010204,2026-01-19,
2341,M009371,2025-12-29,
2341,M009371,2026-01-05,
2341,M009371,2026-01-12,
2341,M009371,2026-01-19,
2341,M013459,2025-12-29,
2341,M013459,2026-01-05,
2341,M013459,2026-01-12,
2341,M013459,2026-01-19,
2341,M013086,2025-12-29,
2341,M013086,2026-01-05,
2341,M013086,2026-01-12,
2341,M013086,2026-01-19,
2341,M010882,2025-12-29,
2341,M010882,2026-01-05,
2341,M010882,2026-01-12,
2341,M010882,2026-01-19,
2341,M016350,2025-12-29,
2341,M016350,2026-01-05,
2341,M016350,2026-01-12,
2341,M016350,2026-01-19,
2341,M011075,2025-12-29,
2341,M011075,2026-01-05,
2341,M011075,2026-01-12,
2341,M011075,2026-01-19,
2341,M013962,2025-12-29,
2341,M013962,2026-01-05,
2341,M013962,2026-01-12,
2341,M013962,2026-01-19,
3206,M011075,2025-12-29,
3206,M011075,2026-01-05,
3206,M011075,2026-01-12,
3206,M011075,2026-01-19,
3206,M012706,2025-12-29,
3206,M012706,2026-01-05,
3206,M012706,2026-01-12,
3206,M012706,2026-01-19,
3206,M012115,2025-12-29,
3206,M012115,2026-01-05,
3206,M012115,2026-01-12,
3206,M012115,2026-01-19,
3206,M009371,2025-12-29,
3206,M009371,2026-01-05,
3206,M009371,2026-01-12,
3206,M009371,2026-01-19,
3206,M010082,2025-12-29,
3206,M010082,2026-01-05,
3206,M010082,2026-01-12,
3206,M010082,2026-01-19,
3206,M010676,2025-12-29,
3206,M010676,2026-01-05,
3206,M010676,2026-01-12,
3206,M010676,2026-01-19,
3206,M010771,2025-12-29,
3206,M010771,2026-01-05,
3206,M010771,2026-01-12,
3206,M010771,2026-01-19,
3206,M013477,2025-12-29,
3206,M013477,2026-01-05,
3206,M013477,2026-01-12,
3206,M013477,2026-01-19,
3206,M009050,2025-12-29,
3206,M009050,2026-01-05,
3206,M009050,2026-01-12,
3206,M009050,2026-01-19,
3206,M009594,2025-12-29,
3206,M009594,2026-01-05,
3206,M009594,2026-01-12,
3206,M009594,2026-01-19,
3206,M016350,2025-12-29,
3206,M016350,2026-01-05,
3206,M016350,2026-01-12,
3206,M016350,2026-01-19,
3206,M011232,2025-12-29,
3206,M011232,2026-01-05,
3206,M011232,2026-01-12,
3206,M011232,2026-01-19,
3206,M012665,2025-12-29,
3206,M012665,2026-01-05,
3206,M012665,2026-01-12,
3206,M012665,2026-01-19,
3206,M010184,2025-12-29,
3206,M010184,2026-01-05,
3206,M010184,2026-01-12,
3206,M010184,2026-01-19,
3206,M010079,2025-12-29,
3206,M010079,2026-01-05,
3206,M010079,2026-01-12,
3206,M010079,2026-01-19,
3206,M016311,2025-12-29,
3206,M016311,2026-01-05,
3206,M016311,2026-01-12,
3206,M016311,2026-01-19,
3206,M013294,2025-12-29,
3206,M013294,2026-01-05,
3206,M013294,2026-01-12,
3206,M013294,2026-01-19,
3206,M009651,2025-12-29,
3206,M009651,2026-01-05,
3206,M009651,2026-01-12,
3206,M009651,2026-01-19,
3427,M009284,2025-12-29,
3427,M009284,2026-01-05,
3427,M009284,2026-01-12,
3427,M009284,2026-01-19,
3427,M016311,2025-12-29,
3427,M016311,2026-01-05,
3427,M016311,2026-01-12,
3427,M016311,2026-01-19,
3427,M010868,2025-12-29,
3427,M010868,2026-01-05,
3427,M010868,2026-01-12,
3427,M010868,2026-01-19,
3427,M012860,2025-12-29,
3427,M012860,2026-01-05,
3427,M012860,2026-01-12,
3427,M012860,2026-01-19,
3427,M009518,2025-12-29,
3427,M009518,2026-01-05,
3427,M009518,2026-01-12,
3427,M009518,2026-01-19,
3427,M011232,2025-12-29,
3427,M011232,2026-01-05,
3427,M011232,2026-01-12,
3427,M011232,2026-01-19,
3427,M013477,2025-12-29,
3427,M013477,2026-01-05,
3427,M013477,2026-01-12,
3427,M013477,2026-01-19,
3427,M009542,2025-12-29,
3427,M009542,2026-01-05,
3427,M009542,2026-01-12,
3427,M009542,2026-01-19,
3427,M009970,2025-12-29,
3427,M009970,2026-01-05,
3427,M009970,2026-01-12,
3427,M009970,2026-01-19,
3427,M012665,2025-12-29,
3427,M012665,2026-01-05,
3427,M012665,2026-01-12,
3427,M012665,2026-01-19,
3427,M014013,2025-12-29,
3427,M014013,2026-01-05,
3427,M014013,2026-01-12,
3427,M014013,2026-01-19,
3427,M014771,2025-12-29,
3427,M014771,2026-01-05,
3427,M014771,2026-01-12,
3427,M014771,2026-01-19,
3427,M010075,2025-12-29,
3427,M010075,2026-01-05,
3427,M010075,2026-01-12,
3427,M010075,2026-01-19,
3427,M009594,2025-12-29,
3427,M009594,2026-01-05,
3427,M009594,2026-01-12,
3427,M009594,2026-01-19,
3427,M010862,2025-12-29,
3427,M010862,2026-01-05,
3427,M010862,2026-01-12,
3427,M010862,2026-01-19,
3550,M013459,2025-12-29,
3550,M013459,2026-01-05,
3550,M013459,2026-01-12,
3550,M013459,2026-01-19,
3550,M010038,2025-12-29,
3550,M010038,2026-01-05,
3550,M010038,2026-01-12,
3550,M010038,2026-01-19,
3550,M009898,2025-12-29,
3550,M009898,2026-01-05,
3550,M009898,2026-01-12,
3550,M009898,2026-01-19,
3550,M009371,2025-12-29,
3550,M009371,2026-01-05,
3550,M009371,2026-01-12,
3550,M009371,2026-01-19,
3550,M016350,2025-12-29,
3550,M016350,2026-01-05,
3550,M016350,2026-01-12,
3550,M016350,2026-01-19,
3550,M010132,2025-12-29,
3550,M010132,2026-01-05,
3550,M010132,2026-01-12,
3550,M010132,2026-01-19,
3550,M010788,2025-12-29,
3550,M010788,2026-01-05,
3550,M010788,2026-01-12,
3550,M010788,2026-01-19,
3550,M013086,2025-12-29,
3550,M013086,2026-01-05,
3550,M013086,2026-01-12,
3550,M013086,2026-01-19,
3550,M010082,2025-12-29,
3550,M010082,2026-01-05,
3550,M010082,2026-01-12,
3550,M010082,2026-01-19,
3550,M010184,2025-12-29,
3550,M010184,2026-01-05,
3550,M010184,2026-01-12,
3550,M010184,2026-01-19,
3550,M012665,2025-12-29,
3550,M012665,2026-01-05,
3550,M012665,2026-01-12,
3550,M012665,2026-01-19,
3550,M010676,2025-12-29,
3550,M010676,2026-01-05,
3550,M010676,2026-01-12,
3550,M010676,2026-01-19,
3550,M010208,2025-12-29,
3550,M010208,2026-01-05,
3550,M010208,2026-01-12,
3550,M010208,2026-01-19,
3550,M009970,2025-12-29,
3550,M009970,2026-01-05,
3550,M009970,2026-01-12,
3550,M009970,2026-01-19,
3550,M010868,2025-12-29,
3550,M010868,2026-01-05,
3550,M010868,2026-01-12,
3550,M010868,2026-01-19,
3863,M009050,2025-12-29,
3863,M009050,2026-01-05,
3863,M009050,2026-01-12,
3863,M009050,2026-01-19,
3863,M009364,2025-12-29,
3863,M009364,2026-01-05,
3863,M009364,2026-01-12,
3863,M009364,2026-01-19,
3863,M012115,2025-12-29,
3863,M012115,2026-01-05,
3863,M012115,2026-01-12,
3863,M012115,2026-01-19,
3863,M009518,2025-12-29,
3863,M009518,2026-01-05,
3863,M009518,2026-01-12,
3863,M009518,2026-01-19,
3863,M014013,2025-12-29,
3863,M014013,2026-01-05,
3863,M014013,2026-01-12,
3863,M014013,2026-01-19,
3863,M009371,2025-12-29,
3863,M009371,2026-01-05,
3863,M009371,2026-01-12,
3863,M009371,2026-01-19,
3863,M010676,2025-12-29,
3863,M010676,2026-01-05,
3863,M010676,2026-01-12,
3863,M010676,2026-01-19,
3863,M010184,2025-12-29,
3863,M010184,2026-01-05,
3863,M010184,2026-01-12,
3863,M010184,2026-01-19,
3863,M013220,2025-12-29,
3863,M013220,2026-01-05,
3863,M013220,2026-01-12,
3863,M013220,2026-01-19,
3863,M009648,2025-12-29,
3863,M009648,2026-01-05,
3863,M009648,2026-01-12,
3863,M009648,2026-01-19,
3863,M009072,2025-12-29,
3863,M009072,2026-01-05,
3863,M009072,2026-01-12,
3863,M009072,2026-01-19,
3863,M010882,2025-12-29,
3863,M010882,2026-01-05,
3863,M010882,2026-01-12,
3863,M010882,2026-01-19,
3863,M010771,2025-12-29,
3863,M010771,2026-01-05,
3863,M010771,2026-01-12,
3863,M010771,2026-01-19,
3863,M010532,2025-12-29,
3863,M010532,2026-01-05,
3863,M010532,2026-01-12,
3863,M010532,2026-01-19,
4044,M009648,2025-12-29,
4044,M009648,2026-01-05,
4044,M009648,2026-01-12,
4044,M009648,2026-01-19,
4044,M012665,2025-12-29,
4044,M012665,2026-01-05,
4044,M012665,2026-01-12,
4044,M012665,2026-01-19,
4044,M011232,2025-12-29,
4044,M011232,2026-01-05,
4044,M011232,2026-01-12,
4044,M011232,2026-01-19,
4044,M009284,2025-12-29,
4044,M009284,2026-01-05,
4044,M009284,2026-01-12,
4044,M009284,2026-01-19,
4044,M013220,2025-12-29,
4044,M013220,2026-01-05,
4044,M013220,2026-01-12,
4044,M013220,2026-01-19,
4044,M011075,2025-12-29,
4044,M011075,2026-01-05,
4044,M011075,2026-01-12,
4044,M011075,2026-01-19,
4044,M009630,2025-12-29,
4044,M009630,2026-01-05,
4044,M009630,2026-01-12,
4044,M009630,2026-01-19,
4044,M014771,2025-12-29,
4044,M014771,2026-01-05,
4044,M014771,2026-01-12,
4044,M014771,2026-01-19,
4044,M010082,2025-12-29,
4044,M010082,2026-01-05,
4044,M010082,2026-01-12,
4044,M010082,2026-01-19,
4044,M009371,2025-12-29,
4044,M009371,2026-01-05,
4044,M009371,2026-01-12,
4044,M009371,2026-01-19,
4044,M009050,2025-12-29,
4044,M009050,2026-01-05,
4044,M009050,2026-01-12,
4044,M009050,2026-01-19,
4044,M010208,2025-12-29,
4044,M010208,2026-01-05,
4044,M010208,2026-01-12,
4044,M010208,2026-01-19,
4044,M016641,2025-12-29,
4044,M016641,2026-01-05,
4044,M016641,2026-01-12,
4044,M016641,2026-01-19,
4217,M011075,2025-12-29,
4217,M011075,2026-01-05,
4217,M011075,2026-01-12,
4217,M011075,2026-01-19,
4217,M013086,2025-12-29,
4217,M013086,2026-01-05,
4217,M013086,2026-01-12,
4217,M013086,2026-01-19,
4217,M010532,2025-12-29,
4217,M010532,2026-01-05,
4217,M010532,2026-01-12,
4217,M010532,2026-01-19,
4217,M011232,2025-12-29,
4217,M011232,2026-01-05,
4217,M011232,2026-01-12,
4217,M011232,2026-01-19,
4217,M010075,2025-12-29,
4217,M010075,2026-01-05,
4217,M010075,2026-01-12,
4217,M010075,2026-01-19,
4217,M010200,2025-12-29,
4217,M010200,2026-01-05,
4217,M010200,2026-01-12,
4217,M010200,2026-01-19,
4217,M012665,2025-12-29,
4217,M012665,2026-01-05,
4217,M012665,2026-01-12,
4217,M012665,2026-01-19,
4217,M012860,2025-12-29,
4217,M012860,2026-01-05,
4217,M012860,2026-01-12,
4217,M012860,2026-01-19,
4217,M010082,2025-12-29,
4217,M010082,2026-01-05,
4217,M010082,2026-01-12,
4217,M010082,2026-01-19,
4217,M011086,2025-12-29,
4217,M011086,2026-01-05,
4217,M011086,2026-01-12,
4217,M011086,2026-01-19,
4217,M013220,2025-12-29,
4217,M013220,2026-01-05,
4217,M013220,2026-01-12,
4217,M013220,2026-01-19,
4217,M009284,2025-12-29,
4217,M009284,2026-01-05,
4217,M009284,2026-01-12,
4217,M009284,2026-01-19,
4217,M010882,2025-12-29,
4217,M010882,2026-01-05,
4217,M010882,2026-01-12,
4217,M010882,2026-01-19,
4217,M009970,2025-12-29,
4217,M009970,2026-01-05,
4217,M009970,2026-01-12,
4217,M009970,2026-01-19,
4217,M010771,2025-12-29,
4217,M010771,2026-01-05,
4217,M010771,2026-01-12,
4217,M010771,2026-01-19,
4217,M010868,2025-12-29,
4217,M010868,2026-01-05,
4217,M010868,2026-01-12,
4217,M010868,2026-01-19,
4360,M009371,2025-12-29,
4360,M009371,2026-01-05,
4360,M009371,2026-01-12,
4360,M009371,2026-01-19,
4360,M013962,2025-12-29,
4360,M013962,2026-01-05,
4360,M013962,2026-01-12,
4360,M013962,2026-01-19,
4360,M010079,2025-12-29,
4360,M010079,2026-01-05,
4360,M010079,2026-01-12,
4360,M010079,2026-01-19,
4360,M009364,2025-12-29,
4360,M009364,2026-01-05,
4360,M009364,2026-01-12,
4360,M009364,2026-01-19,
4360,M010200,2025-12-29,
4360,M010200,2026-01-05,
4360,M010200,2026-01-12,
4360,M010200,2026-01-19,
4360,M014771,2025-12-29,
4360,M014771,2026-01-05,
4360,M014771,2026-01-12,
4360,M014771,2026-01-19,
4360,M010788,2025-12-29,
4360,M010788,2026-01-05,
4360,M010788,2026-01-12,
4360,M010788,2026-01-19,
4396,M012115,2025-12-29,
4396,M012115,2026-01-05,
4396,M012115,2026-01-12,
4396,M012115,2026-01-19,
4396,M010862,2025-12-29,
4396,M010862,2026-01-05,
4396,M010862,2026-01-12,
4396,M010862,2026-01-19,
4396,M012665,2025-12-29,
4396,M012665,2026-01-05,
4396,M012665,2026-01-12,
4396,M012665,2026-01-19,
4396,M016311,2025-12-29,
4396,M016311,2026-01-05,
4396,M016311,2026-01-12,
4396,M016311,2026-01-19,
4396,M010132,2025-12-29,
4396,M010132,2026-01-05,
4396,M010132,2026-01-12,
4396,M010132,2026-01-19,
4396,M010079,2025-12-29,
4396,M010079,2026-01-05,
4396,M010079,2026-01-12,
4396,M010079,2026-01-19,
4396,M009898,2025-12-29,
4396,M009898,2026-01-05,
4396,M009898,2026-01-12,
4396,M009898,2026-01-19,
4396,M010788,2025-12-29,
4396,M010788,2026-01-05,
4396,M010788,2026-01-12,
4396,M010788,2026-01-19,
4396,M013962,2025-12-29,
4396,M013962,2026-01-05,
4396,M013962,2026-01-12,
4396,M013962,2026-01-19,
4404,M014013,2025-12-29,
4404,M014013,2026-01-05,
4404,M014013,2026-01-12,
4404,M014013,2026-01-19,
4404,M009542,2025-12-29,
4404,M009542,2026-01-05,
4404,M009542,2026-01-12,
4404,M009542,2026-01-19,
4404,M013459,2025-12-29,
4404,M013459,2026-01-05,
4404,M013459,2026-01-12,
4404,M013459,2026-01-19,
4404,M010771,2025-12-29,
4404,M010771,2026-01-05,
4404,M010771,2026-01-12,
4404,M010771,2026-01-19,
4404,M009284,2025-12-29,
4404,M009284,2026-01-05,
4404,M009284,2026-01-12,
4404,M009284,2026-01-19,
4404,M009371,2025-12-29,
4404,M009371,2026-01-05,
4404,M009371,2026-01-12,
4404,M009371,2026-01-19,
4404,M013477,2025-12-29,
4404,M013477,2026-01-05,
4404,M013477,2026-01-12,
4404,M013477,2026-01-19,
4404,M010038,2025-12-29,
4404,M010038,2026-01-05,
4404,M010038,2026-01-12,
4404,M010038,2026-01-19,
4404,M010862,2025-12-29,
4404,M010862,2026-01-05,
4404,M010862,2026-01-12,
4404,M010862,2026-01-19,
4404,M009898,2025-12-29,
4404,M009898,2026-01-05,
4404,M009898,2026-01-12,
4404,M009898,2026-01-19,
4404,M010200,2025-12-29,
4404,M010200,2026-01-05,
4404,M010200,2026-01-12,
4404,M010200,2026-01-19,
4404,M010208,2025-12-29,
4404,M010208,2026-01-05,
4404,M010208,2026-01-12,
4404,M010208,2026-01-19,
4404,M010184,2025-12-29,
4404,M010184,2026-01-05,
4404,M010184,2026-01-12,
4404,M010184,2026-01-19,
4404,M010079,2025-12-29,
4404,M010079,2026-01-05,
4404,M010079,2026-01-12,
4404,M010079,2026-01-19,
4404,M009651,2025-12-29,
4404,M009651,2026-01-05,
4404,M009651,2026-01-12,
4404,M009651,2026-01-19,
4404,M010788,2025-12-29,
4404,M010788,2026-01-05,
4404,M010788,2026-01-12,
4404,M010788,2026-01-19,
4404,M013962,2025-12-29,
4404,M013962,2026-01-05,
4404,M013962,2026-01-12,
4404,M013962,2026-01-19,
4404,M012665,2025-12-29,
4404,M012665,2026-01-05,
4404,M012665,2026-01-12,
4404,M012665,2026-01-19,
4404,M009364,2025-12-29,
4404,M009364,2026-01-05,
4404,M009364,2026-01-12,
4404,M009364,2026-01-19,
4449,M010184,2025-12-29,
4449,M010184,2026-01-05,
4449,M010184,2026-01-12,
4449,M010184,2026-01-19,
4449,M016641,2025-12-29,
4449,M016641,2026-01-05,
4449,M016641,2026-01-12,
4449,M016641,2026-01-19,
4449,M010038,2025-12-29,
4449,M010038,2026-01-05,
4449,M010038,2026-01-12,
4449,M010038,2026-01-19,
4449,M010882,2025-12-29,
4449,M010882,2026-01-05,
4449,M010882,2026-01-12,
4449,M010882,2026-01-19,
4449,M011339,2025-12-29,
4449,M011339,2026-01-05,
4449,M011339,2026-01-12,
4449,M011339,2026-01-19,
4449,M012115,2025-12-29,
4449,M012115,2026-01-05,
4449,M012115,2026-01-12,
4449,M012115,2026-01-19,
4449,M010200,2025-12-29,
4449,M010200,2026-01-05,
4449,M010200,2026-01-12,
4449,M010200,2026-01-19,
4449,M009072,2025-12-29,
4449,M009072,2026-01-05,
4449,M009072,2026-01-12,
4449,M009072,2026-01-19,
4449,M010532,2025-12-29,
4449,M010532,2026-01-05,
4449,M010532,2026-01-12,
4449,M010532,2026-01-19,
4449,M009651,2025-12-29,
4449,M009651,2026-01-05,
4449,M009651,2026-01-12,
4449,M009651,2026-01-19,
4449,M009970,2025-12-29,
4449,M009970,2026-01-05,
4449,M009970,2026-01-12,
4449,M009970,2026-01-19,
4449,M011232,2025-12-29,
4449,M011232,2026-01-05,
4449,M011232,2026-01-12,
4449,M011232,2026-01-19,
4449,M013962,2025-12-29,
4449,M013962,2026-01-05,
4449,M013962,2026-01-12,
4449,M013962,2026-01-19,
4726,M014013,2025-12-29,
4726,M014013,2026-01-05,
4726,M014013,2026-01-12,
4726,M014013,2026-01-19,
4726,M009898,2025-12-29,
4726,M009898,2026-01-05,
4726,M009898,2026-01-12,
4726,M009898,2026-01-19,
4726,M010204,2025-12-29,
4726,M010204,2026-01-05,
4726,M010204,2026-01-12,
4726,M010204,2026-01-19,
4726,M012706,2025-12-29,
4726,M012706,2026-01-05,
4726,M012706,2026-01-12,
4726,M012706,2026-01-19,
4726,M010862,2025-12-29,
4726,M010862,2026-01-05,
4726,M010862,2026-01-12,
4726,M010862,2026-01-19,
4726,M009542,2025-12-29,
4726,M009542,2026-01-05,
4726,M009542,2026-01-12,
4726,M009542,2026-01-19,
4726,M009050,2025-12-29,
4726,M009050,2026-01-05,
4726,M009050,2026-01-12,
4726,M009050,2026-01-19,
4726,M009630,2025-12-29,
4726,M009630,2026-01-05,
4726,M009630,2026-01-12,
4726,M009630,2026-01-19,
4726,M011075,2025-12-29,
4726,M011075,2026-01-05,
4726,M011075,2026-01-12,
4726,M011075,2026-01-19,
4726,M010788,2025-12-29,
4726,M010788,2026-01-05,
4726,M010788,2026-01-12,
4726,M010788,2026-01-19,
4726,M009648,2025-12-29,
4726,M009648,2026-01-05,
4726,M009648,2026-01-12,
4726,M009648,2026-01-19,
4726,M013220,2025-12-29,
4726,M013220,2026-01-05,
4726,M013220,2026-01-12,
4726,M013220,2026-01-19,
4736,M010788,2025-12-29,
4736,M010788,2026-01-05,
4736,M010788,2026-01-12,
4736,M010788,2026-01-19,
4736,M009371,2025-12-29,
4736,M009371,2026-01-05,
4736,M009371,2026-01-12,
4736,M009371,2026-01-19,
4736,M010082,2025-12-29,
4736,M010082,2026-01-05,
4736,M010082,2026-01-12,
4736,M010082,2026-01-19,
4736,M010868,2025-12-29,
4736,M010868,2026-01-05,
4736,M010868,2026-01-12,
4736,M010868,2026-01-19,
4736,M009050,2025-12-29,
4736,M009050,2026-01-05,
4736,M009050,2026-01-12,
4736,M009050,2026-01-19,
4736,M009648,2025-12-29,
4736,M009648,2026-01-05,
4736,M009648,2026-01-12,
4736,M009648,2026-01-19,
4736,M010453,2025-12-29,
4736,M010453,2026-01-05,
4736,M010453,2026-01-12,
4736,M010453,2026-01-19,
4736,M010075,2025-12-29,
4736,M010075,2026-01-05,
4736,M010075,2026-01-12,
4736,M010075,2026-01-19,
4736,M010771,2025-12-29,
4736,M010771,2026-01-05,
4736,M010771,2026-01-12,
4736,M010771,2026-01-19,
4736,M011075,2025-12-29,
4736,M011075,2026-01-05,
4736,M011075,2026-01-12,
4736,M011075,2026-01-19,
4736,M010038,2025-12-29,
4736,M010038,2026-01-05,
4736,M010038,2026-01-12,
4736,M010038,2026-01-19,
4736,M012665,2025-12-29,
4736,M012665,2026-01-05,
4736,M012665,2026-01-12,
4736,M012665,2026-01-19,
4736,M011086,2025-12-29,
4736,M011086,2026-01-05,
4736,M011086,2026-01-12,
4736,M011086,2026-01-19,
4736,M009594,2025-12-29,
4736,M009594,2026-01-05,
4736,M009594,2026-01-12,
4736,M009594,2026-01-19,
4736,M010204,2025-12-29,
4736,M010204,2026-01-05,
4736,M010204,2026-01-12,
4736,M010204,2026-01-19,
4736,M016311,2025-12-29,
4736,M016311,2026-01-05,
4736,M016311,2026-01-12,
4736,M016311,2026-01-19,
4736,M009542,2025-12-29,
4736,M009542,2026-01-05,
4736,M009542,2026-01-12,
4736,M009542,2026-01-19,
4736,M009364,2025-12-29,
4736,M009364,2026-01-05,
4736,M009364,2026-01-12,
4736,M009364,2026-01-19,
4736,M010132,2025-12-29,
4736,M010132,2026-01-05,
4736,M010132,2026-01-12,
4736,M010132,2026-01-19,
4823,M009371,2025-12-29,
4823,M009371,2026-01-05,
4823,M009371,2026-01-12,
4823,M009371,2026-01-19,
4823,M010075,2025-12-29,
4823,M010075,2026-01-05,
4823,M010075,2026-01-12,
4823,M010075,2026-01-19,
4823,M010079,2025-12-29,
4823,M010079,2026-01-05,
4823,M010079,2026-01-12,
4823,M010079,2026-01-19,
4823,M011339,2025-12-29,
4823,M011339,2026-01-05,
4823,M011339,2026-01-12,
4823,M011339,2026-01-19,
4823,M012665,2025-12-29,
4823,M012665,2026-01-05,
4823,M012665,2026-01-12,
4823,M012665,2026-01-19,
4823,M010453,2025-12-29,
4823,M010453,2026-01-05,
4823,M010453,2026-01-12,
4823,M010453,2026-01-19,
4823,M010882,2025-12-29,
4823,M010882,2026-01-05,
4823,M010882,2026-01-12,
4823,M010882,2026-01-19,
4823,M011075,2025-12-29,
4823,M011075,2026-01-05,
4823,M011075,2026-01-12,
4823,M011075,2026-01-19,
4823,M009050,2025-12-29,
4823,M009050,2026-01-05,
4823,M009050,2026-01-12,
4823,M009050,2026-01-19,
4823,M013294,2025-12-29,
4823,M013294,2026-01-05,
4823,M013294,2026-01-12,
4823,M013294,2026-01-19,
4823,M010184,2025-12-29,
4823,M010184,2026-01-05,
4823,M010184,2026-01-12,
4823,M010184,2026-01-19,
4823,M009898,2025-12-29,
4823,M009898,2026-01-05,
4823,M009898,2026-01-12,
4823,M009898,2026-01-19,
4823,M010253,2025-12-29,
4823,M010253,2026-01-05,
4823,M010253,2026-01-12,
4823,M010253,2026-01-19,
4823,M012860,2025-12-29,
4823,M012860,2026-01-05,
4823,M012860,2026-01-12,
4823,M012860,2026-01-19,
4823,M009651,2025-12-29,
4823,M009651,2026-01-05,
4823,M009651,2026-01-12,
4823,M009651,2026-01-19,
4823,M009284,2025-12-29,
4823,M009284,2026-01-05,
4823,M009284,2026-01-12,
4823,M009284,2026-01-19,
4823,M010038,2025-12-29,
4823,M010038,2026-01-05,
4823,M010038,2026-01-12,
4823,M010038,2026-01-19,
4823,M009630,2025-12-29,
4823,M009630,2026-01-05,
4823,M009630,2026-01-12,
4823,M009630,2026-01-19,
4823,M010204,2025-12-29,
4823,M010204,2026-01-05,
4823,M010204,2026-01-12,
4823,M010204,2026-01-19,
4826,M009518,2025-12-29,
4826,M009518,2026-01-05,
4826,M009518,2026-01-12,
4826,M009518,2026-01-19,
4826,M009284,2025-12-29,
4826,M009284,2026-01-05,
4826,M009284,2026-01-12,
4826,M009284,2026-01-19,
4826,M010453,2025-12-29,
4826,M010453,2026-01-05,
4826,M010453,2026-01-12,
4826,M010453,2026-01-19,
4826,M016350,2025-12-29,
4826,M016350,2026-01-05,
4826,M016350,2026-01-12,
4826,M016350,2026-01-19,
4826,M010079,2025-12-29,
4826,M010079,2026-01-05,
4826,M010079,2026-01-12,
4826,M010079,2026-01-19,
4826,M009651,2025-12-29,
4826,M009651,2026-01-05,
4826,M009651,2026-01-12,
4826,M009651,2026-01-19,
4826,M010208,2025-12-29,
4826,M010208,2026-01-05,
4826,M010208,2026-01-12,
4826,M010208,2026-01-19,
4826,M010200,2025-12-29,
4826,M010200,2026-01-05,
4826,M010200,2026-01-12,
4826,M010200,2026-01-19,
4826,M012860,2025-12-29,
4826,M012860,2026-01-05,
4826,M012860,2026-01-12,
4826,M012860,2026-01-19,
4826,M010075,2025-12-29,
4826,M010075,2026-01-05,
4826,M010075,2026-01-12,
4826,M010075,2026-01-19,
4826,M013086,2025-12-29,
4826,M013086,2026-01-05,
4826,M013086,2026-01-12,
4826,M013086,2026-01-19,
4826,M011232,2025-12-29,
4826,M011232,2026-01-05,
4826,M011232,2026-01-12,
4826,M011232,2026-01-19,
5208,M010132,2025-12-29,
5208,M010132,2026-01-05,
5208,M010132,2026-01-12,
5208,M010132,2026-01-19,
5208,M009594,2025-12-29,
5208,M009594,2026-01-05,
5208,M009594,2026-01-12,
5208,M009594,2026-01-19,
5208,M010868,2025-12-29,
5208,M010868,2026-01-05,
5208,M010868,2026-01-12,
5208,M010868,2026-01-19,
5208,M009371,2025-12-29,
5208,M009371,2026-01-05,
5208,M009371,2026-01-12,
5208,M009371,2026-01-19,
5208,M009284,2025-12-29,
5208,M009284,2026-01-05,
5208,M009284,2026-01-12,
5208,M009284,2026-01-19,
5208,M010079,2025-12-29,
5208,M010079,2026-01-05,
5208,M010079,2026-01-12,
5208,M010079,2026-01-19,
5208,M009050,2025-12-29,
5208,M009050,2026-01-05,
5208,M009050,2026-01-12,
5208,M009050,2026-01-19,
5208,M010200,2025-12-29,
5208,M010200,2026-01-05,
5208,M010200,2026-01-12,
5208,M010200,2026-01-19,
5208,M010204,2025-12-29,
5208,M010204,2026-01-05,
5208,M010204,2026-01-12,
5208,M010204,2026-01-19,
5208,M010882,2025-12-29,
5208,M010882,2026-01-05,
5208,M010882,2026-01-12,
5208,M010882,2026-01-19,
5208,M009898,2025-12-29,
5208,M009898,2026-01-05,
5208,M009898,2026-01-12,
5208,M009898,2026-01-19,
5473,M011075,2025-12-29,
5473,M011075,2026-01-05,
5473,M011075,2026-01-12,
5473,M011075,2026-01-19,
5473,M013962,2025-12-29,
5473,M013962,2026-01-05,
5473,M013962,2026-01-12,
5473,M013962,2026-01-19,
5473,M009518,2025-12-29,
5473,M009518,2026-01-05,
5473,M009518,2026-01-12,
5473,M009518,2026-01-19,
5473,M010862,2025-12-29,
5473,M010862,2026-01-05,
5473,M010862,2026-01-12,
5473,M010862,2026-01-19,
5473,M011339,2025-12-29,
5473,M011339,2026-01-05,
5473,M011339,2026-01-12,
5473,M011339,2026-01-19,
5473,M010882,2025-12-29,
5473,M010882,2026-01-05,
5473,M010882,2026-01-12,
5473,M010882,2026-01-19,
5473,M010132,2025-12-29,
5473,M010132,2026-01-05,
5473,M010132,2026-01-12,
5473,M010132,2026-01-19,
5473,M010771,2025-12-29,
5473,M010771,2026-01-05,
5473,M010771,2026-01-12,
5473,M010771,2026-01-19,
5473,M014771,2025-12-29,
5473,M014771,2026-01-05,
5473,M014771,2026-01-12,
5473,M014771,2026-01-19,
5473,M016350,2025-12-29,
5473,M016350,2026-01-05,
5473,M016350,2026-01-12,
5473,M016350,2026-01-19,
5473,M012706,2025-12-29,
5473,M012706,2026-01-05,
5473,M012706,2026-01-12,
5473,M012706,2026-01-19,
5473,M013294,2025-12-29,
5473,M013294,2026-01-05,
5473,M013294,2026-01-12,
5473,M013294,2026-01-19,
5684,M016641,2025-12-29,
5684,M016641,2026-01-05,
5684,M016641,2026-01-12,
5684,M016641,2026-01-19,
5684,M009050,2025-12-29,
5684,M009050,2026-01-05,
5684,M009050,2026-01-12,
5684,M009050,2026-01-19,
5684,M010453,2025-12-29,
5684,M010453,2026-01-05,
5684,M010453,2026-01-12,
5684,M010453,2026-01-19,
5684,M010676,2025-12-29,
5684,M010676,2026-01-05,
5684,M010676,2026-01-12,
5684,M010676,2026-01-19,
5684,M009898,2025-12-29,
5684,M009898,2026-01-05,
5684,M009898,2026-01-12,
5684,M009898,2026-01-19,
5684,M011339,2025-12-29,
5684,M011339,2026-01-05,
5684,M011339,2026-01-12,
5684,M011339,2026-01-19,
5684,M010771,2025-12-29,
5684,M010771,2026-01-05,
5684,M010771,2026-01-12,
5684,M010771,2026-01-19,
5684,M009970,2025-12-29,
5684,M009970,2026-01-05,
5684,M009970,2026-01-12,
5684,M009970,2026-01-19,
5684,M010253,2025-12-29,
5684,M010253,2026-01-05,
5684,M010253,2026-01-12,
5684,M010253,2026-01-19,
5684,M012706,2025-12-29,
5684,M012706,2026-01-05,
5684,M012706,2026-01-12,
5684,M012706,2026-01-19,
5684,M016350,2025-12-29,
5684,M016350,2026-01-05,
5684,M016350,2026-01-12,
5684,M016350,2026-01-19,
5819,M009648,2025-12-29,
5819,M009648,2026-01-05,
5819,M009648,2026-01-12,
5819,M009648,2026-01-19,
5819,M010253,2025-12-29,
5819,M010253,2026-01-05,
5819,M010253,2026-01-12,
5819,M010253,2026-01-19,
5819,M010676,2025-12-29,
5819,M010676,2026-01-05,
5819,M010676,2026-01-12,
5819,M010676,2026-01-19,
5819,M011339,2025-12-29,
5819,M011339,2026-01-05,
5819,M011339,2026-01-12,
5819,M011339,2026-01-19,
5819,M016311,2025-12-29,
5819,M016311,2026-01-05,
5819,M016311,2026-01-12,
5819,M016311,2026-01-19,
5819,M012665,2025-12-29,
5819,M012665,2026-01-05,
5819,M012665,2026-01-12,
5819,M012665,2026-01-19,
5819,M010079,2025-12-29,
5819,M010079,2026-01-05,
5819,M010079,2026-01-12,
5819,M010079,2026-01-19,
5819,M009898,2025-12-29,
5819,M009898,2026-01-05,
5819,M009898,2026-01-12,
5819,M009898,2026-01-19,
5850,M009651,2025-12-29,
5850,M009651,2026-01-05,
5850,M009651,2026-01-12,
5850,M009651,2026-01-19,
5850,M014771,2025-12-29,
5850,M014771,2026-01-05,
5850,M014771,2026-01-12,
5850,M014771,2026-01-19,
5850,M012860,2025-12-29,
5850,M012860,2026-01-05,
5850,M012860,2026-01-12,
5850,M012860,2026-01-19,
5850,M010532,2025-12-29,
5850,M010532,2026-01-05,
5850,M010532,2026-01-12,
5850,M010532,2026-01-19,
5850,M010132,2025-12-29,
5850,M010132,2026-01-05,
5850,M010132,2026-01-12,
5850,M010132,2026-01-19,
5850,M014013,2025-12-29,
5850,M014013,2026-01-05,
5850,M014013,2026-01-12,
5850,M014013,2026-01-19,
5850,M009898,2025-12-29,
5850,M009898,2026-01-05,
5850,M009898,2026-01-12,
5850,M009898,2026-01-19,
5850,M010453,2025-12-29,
5850,M010453,2026-01-05,
5850,M010453,2026-01-12,
5850,M010453,2026-01-19,
5850,M010868,2025-12-29,
5850,M010868,2026-01-05,
5850,M010868,2026-01-12,
5850,M010868,2026-01-19,
5850,M010788,2025-12-29,
5850,M010788,2026-01-05,
5850,M010788,2026-01-12,
5850,M010788,2026-01-19,
5850,M010771,2025-12-29,
5850,M010771,2026-01-05,
5850,M010771,2026-01-12,
5850,M010771,2026-01-19,
5850,M009518,2025-12-29,
5850,M009518,2026-01-05,
5850,M009518,2026-01-12,
5850,M009518,2026-01-19,
5850,M010862,2025-12-29,
5850,M010862,2026-01-05,
5850,M010862,2026-01-12,
5850,M010862,2026-01-19,
5850,M013962,2025-12-29,
5850,M013962,2026-01-05,
5850,M013962,2026-01-12,
5850,M013962,2026-01-19,
5850,M010082,2025-12-29,
5850,M010082,2026-01-05,
5850,M010082,2026-01-12,
5850,M010082,2026-01-19,
5850,M012115,2025-12-29,
5850,M012115,2026-01-05,
5850,M012115,2026-01-12,
5850,M012115,2026-01-19,
5850,M010882,2025-12-29,
5850,M010882,2026-01-05,
5850,M010882,2026-01-12,
5850,M010882,2026-01-19,
5850,M011075,2025-12-29,
5850,M011075,2026-01-05,
5850,M011075,2026-01-12,
5850,M011075,2026-01-19,
5850,M010676,2025-12-29,
5850,M010676,2026-01-05,
5850,M010676,2026-01-12,
5850,M010676,2026-01-19,
5850,M010204,2025-12-29,
5850,M010204,2026-01-05,
5850,M010204,2026-01-12,
5850,M010204,2026-01-19,
5850,M016350,2025-12-29,
5850,M016350,2026-01-05,
5850,M016350,2026-01-12,
5850,M016350,2026-01-19,
5850,M012706,2025-12-29,
5850,M012706,2026-01-05,
5850,M012706,2026-01-12,
5850,M012706,2026-01-19,
5850,M011339,2025-12-29,
5850,M011339,2026-01-05,
5850,M011339,2026-01-12,
5850,M011339,2026-01-19,
5955,M009630,2025-12-29,
5955,M009630,2026-01-05,
5955,M009630,2026-01-12,
5955,M009630,2026-01-19,
5955,M010038,2025-12-29,
5955,M010038,2026-01-05,
5955,M010038,2026-01-12,
5955,M010038,2026-01-19,
5955,M010253,2025-12-29,
5955,M010253,2026-01-05,
5955,M010253,2026-01-12,
5955,M010253,2026-01-19,
5955,M010771,2025-12-29,
5955,M010771,2026-01-05,
5955,M010771,2026-01-12,
5955,M010771,2026-01-19,
5955,M010862,2025-12-29,
5955,M010862,2026-01-05,
5955,M010862,2026-01-12,
5955,M010862,2026-01-19,
5955,M009970,2025-12-29,
5955,M009970,2026-01-05,
5955,M009970,2026-01-12,
5955,M009970,2026-01-19,
5955,M010184,2025-12-29,
5955,M010184,2026-01-05,
5955,M010184,2026-01-12,
5955,M010184,2026-01-19,
5955,M009371,2025-12-29,
5955,M009371,2026-01-05,
5955,M009371,2026-01-12,
5955,M009371,2026-01-19,
5961,M009648,2025-12-29,
5961,M009648,2026-01-05,
5961,M009648,2026-01-12,
5961,M009648,2026-01-19,
5961,M011339,2025-12-29,
5961,M011339,2026-01-05,
5961,M011339,2026-01-12,
5961,M011339,2026-01-19,
5961,M010075,2025-12-29,
5961,M010075,2026-01-05,
5961,M010075,2026-01-12,
5961,M010075,2026-01-19,
5961,M010882,2025-12-29,
5961,M010882,2026-01-05,
5961,M010882,2026-01-12,
5961,M010882,2026-01-19,
5961,M013962,2025-12-29,
5961,M013962,2026-01-05,
5961,M013962,2026-01-12,
5961,M013962,2026-01-19,
5961,M013477,2025-12-29,
5961,M013477,2026-01-05,
5961,M013477,2026-01-12,
5961,M013477,2026-01-19,
5961,M010208,2025-12-29,
5961,M010208,2026-01-05,
5961,M010208,2026-01-12,
5961,M010208,2026-01-19,
5961,M010862,2025-12-29,
5961,M010862,2026-01-05,
5961,M010862,2026-01-12,
5961,M010862,2026-01-19,
5961,M009542,2025-12-29,
5961,M009542,2026-01-05,
5961,M009542,2026-01-12,
5961,M009542,2026-01-19,
5961,M009050,2025-12-29,
5961,M009050,2026-01-05,
5961,M009050,2026-01-12,
5961,M009050,2026-01-19,
5961,M013086,2025-12-29,
5961,M013086,2026-01-05,
5961,M013086,2026-01-12,
5961,M013086,2026-01-19,
5961,M014013,2025-12-29,
5961,M014013,2026-01-05,
5961,M014013,2026-01-12,
5961,M014013,2026-01-19,
5961,M010676,2025-12-29,
5961,M010676,2026-01-05,
5961,M010676,2026-01-12,
5961,M010676,2026-01-19,
5961,M012706,2025-12-29,
5961,M012706,2026-01-05,
5961,M012706,2026-01-12,
5961,M012706,2026-01-19,
5961,M010132,2025-12-29,
5961,M010132,2026-01-05,
5961,M010132,2026-01-12,
5961,M010132,2026-01-19,
5961,M011232,2025-12-29,
5961,M011232,2026-01-05,
5961,M011232,2026-01-12,
5961,M011232,2026-01-19,
5961,M013220,2025-12-29,
5961,M013220,2026-01-05,
5961,M013220,2026-01-12,
5961,M013220,2026-01-19,
5961,M016350,2025-12-29,
5961,M016350,2026-01-05,
5961,M016350,2026-01-12,
5961,M016350,2026-01-19,
5961,M009371,2025-12-29,
5961,M009371,2026-01-05,
5961,M009371,2026-01-12,
5961,M009371,2026-01-19,
6242,M009898,2025-12-29,
6242,M009898,2026-01-05,
6242,M009898,2026-01-12,
6242,M009898,2026-01-19,
6242,M011339,2025-12-29,
6242,M011339,2026-01-05,
6242,M011339,2026-01-12,
6242,M011339,2026-01-19,
6242,M009284,2025-12-29,
6242,M009284,2026-01-05,
6242,M009284,2026-01-12,
6242,M009284,2026-01-19,
6242,M016641,2025-12-29,
6242,M016641,2026-01-05,
6242,M016641,2026-01-12,
6242,M016641,2026-01-19,
6242,M013220,2025-12-29,
6242,M013220,2026-01-05,
6242,M013220,2026-01-12,
6242,M013220,2026-01-19,
6242,M011075,2025-12-29,
6242,M011075,2026-01-05,
6242,M011075,2026-01-12,
6242,M011075,2026-01-19,
6242,M010075,2025-12-29,
6242,M010075,2026-01-05,
6242,M010075,2026-01-12,
6242,M010075,2026-01-19,
6242,M010079,2025-12-29,
6242,M010079,2026-01-05,
6242,M010079,2026-01-12,
6242,M010079,2026-01-19,
6242,M009518,2025-12-29,
6242,M009518,2026-01-05,
6242,M009518,2026-01-12,
6242,M009518,2026-01-19,
6242,M009648,2025-12-29,
6242,M009648,2026-01-05,
6242,M009648,2026-01-12,
6242,M009648,2026-01-19,
6242,M009970,2025-12-29,
6242,M009970,2026-01-05,
6242,M009970,2026-01-12,
6242,M009970,2026-01-19,
6242,M016350,2025-12-29,
6242,M016350,2026-01-05,
6242,M016350,2026-01-12,
6242,M016350,2026-01-19,
6242,M013962,2025-12-29,
6242,M013962,2026-01-05,
6242,M013962,2026-01-12,
6242,M013962,2026-01-19,
6242,M009072,2025-12-29,
6242,M009072,2026-01-05,
6242,M009072,2026-01-12,
6242,M009072,2026-01-19,
6242,M009050,2025-12-29,
6242,M009050,2026-01-05,
6242,M009050,2026-01-12,
6242,M009050,2026-01-19,
6242,M014771,2025-12-29,
6242,M014771,2026-01-05,
6242,M014771,2026-01-12,
6242,M014771,2026-01-19,
6242,M014013,2025-12-29,
6242,M014013,2026-01-05,
6242,M014013,2026-01-12,
6242,M014013,2026-01-19,
6242,M009594,2025-12-29,
6242,M009594,2026-01-05,
6242,M009594,2026-01-12,
6242,M009594,2026-01-19,
6242,M009364,2025-12-29,
6242,M009364,2026-01-05,
6242,M009364,2026-01-12,
6242,M009364,2026-01-19,
6242,M009371,2025-12-29,
6242,M009371,2026-01-05,
6242,M009371,2026-01-12,
6242,M009371,2026-01-19,
6242,M010038,2025-12-29,
6242,M010038,2026-01-05,
6242,M010038,2026-01-12,
6242,M010038,2026-01-19,
6242,M013294,2025-12-29,
6242,M013294,2026-01-05,
6242,M013294,2026-01-12,
6242,M013294,2026-01-19,
6242,M010132,2025-12-29,
6242,M010132,2026-01-05,
6242,M010132,2026-01-12,
6242,M010132,2026-01-19,
6242,M010862,2025-12-29,
6242,M010862,2026-01-05,
6242,M010862,2026-01-12,
6242,M010862,2026-01-19,
6242,M010184,2025-12-29,
6242,M010184,2026-01-05,
6242,M010184,2026-01-12,
6242,M010184,2026-01-19,
6242,M009542,2025-12-29,
6242,M009542,2026-01-05,
6242,M009542,2026-01-12,
6242,M009542,2026-01-19,
6242,M010253,2025-12-29,
6242,M010253,2026-01-05,
6242,M010253,2026-01-12,
6242,M010253,2026-01-19,
6242,M013086,2025-12-29,
6242,M013086,2026-01-05,
6242,M013086,2026-01-12,
6242,M013086,2026-01-19,
6242,M010882,2025-12-29,
6242,M010882,2026-01-05,
6242,M010882,2026-01-12,
6242,M010882,2026-01-19,
6242,M012706,2025-12-29,
6242,M012706,2026-01-05,
6242,M012706,2026-01-12,
6242,M012706,2026-01-19,
6242,M010453,2025-12-29,
6242,M010453,2026-01-05,
6242,M010453,2026-01-12,
6242,M010453,2026-01-19,
6242,M010532,2025-12-29,
6242,M010532,2026-01-05,
6242,M010532,2026-01-12,
6242,M010532,2026-01-19,
6242,M013477,2025-12-29,
6242,M013477,2026-01-05,
6242,M013477,2026-01-12,
6242,M013477,2026-01-19,
6242,M011086,2025-12-29,
6242,M011086,2026-01-05,
6242,M011086,2026-01-12,
6242,M011086,2026-01-19,
6242,M010788,2025-12-29,
6242,M010788,2026-01-05,
6242,M010788,2026-01-12,
6242,M010788,2026-01-19,
6242,M010082,2025-12-29,
6242,M010082,2026-01-05,
6242,M010082,2026-01-12,
6242,M010082,2026-01-19,
6242,M010200,2025-12-29,
6242,M010200,2026-01-05,
6242,M010200,2026-01-12,
6242,M010200,2026-01-19,
6242,M016311,2025-12-29,
6242,M016311,2026-01-05,
6242,M016311,2026-01-12,
6242,M016311,2026-01-19,
6242,M010868,2025-12-29,
6242,M010868,2026-01-05,
6242,M010868,2026-01-12,
6242,M010868,2026-01-19,
6257,M011232,2025-12-29,
6257,M011232,2026-01-05,
6257,M011232,2026-01-12,
6257,M011232,2026-01-19,
6257,M010771,2025-12-29,
6257,M010771,2026-01-05,
6257,M010771,2026-01-12,
6257,M010771,2026-01-19,
6257,M011086,2025-12-29,
6257,M011086,2026-01-05,
6257,M011086,2026-01-12,
6257,M011086,2026-01-19,
6257,M014013,2025-12-29,
6257,M014013,2026-01-05,
6257,M014013,2026-01-12,
6257,M014013,2026-01-19,
6257,M012665,2025-12-29,
6257,M012665,2026-01-05,
6257,M012665,2026-01-12,
6257,M012665,2026-01-19,
6257,M010038,2025-12-29,
6257,M010038,2026-01-05,
6257,M010038,2026-01-12,
6257,M010038,2026-01-19,
6257,M009072,2025-12-29,
6257,M009072,2026-01-05,
6257,M009072,2026-01-12,
6257,M009072,2026-01-19,
6257,M012860,2025-12-29,
6257,M012860,2026-01-05,
6257,M012860,2026-01-12,
6257,M012860,2026-01-19,
6257,M013294,2025-12-29,
6257,M013294,2026-01-05,
6257,M013294,2026-01-12,
6257,M013294,2026-01-19,
6257,M010208,2025-12-29,
6257,M010208,2026-01-05,
6257,M010208,2026-01-12,
6257,M010208,2026-01-19,
6257,M010082,2025-12-29,
6257,M010082,2026-01-05,
6257,M010082,2026-01-12,
6257,M010082,2026-01-19,
6257,M009284,2025-12-29,
6257,M009284,2026-01-05,
6257,M009284,2026-01-12,
6257,M009284,2026-01-19,
6257,M012115,2025-12-29,
6257,M012115,2026-01-05,
6257,M012115,2026-01-12,
6257,M012115,2026-01-19,
6257,M013220,2025-12-29,
6257,M013220,2026-01-05,
6257,M013220,2026-01-12,
6257,M013220,2026-01-19,
6324,M010204,2025-12-29,
6324,M010204,2026-01-05,
6324,M010204,2026-01-12,
6324,M010204,2026-01-19,
6324,M010079,2025-12-29,
6324,M010079,2026-01-05,
6324,M010079,2026-01-12,
6324,M010079,2026-01-19,
6324,M011339,2025-12-29,
6324,M011339,2026-01-05,
6324,M011339,2026-01-12,
6324,M011339,2026-01-19,
6324,M010200,2025-12-29,
6324,M010200,2026-01-05,
6324,M010200,2026-01-12,
6324,M010200,2026-01-19,
6324,M014013,2025-12-29,
6324,M014013,2026-01-05,
6324,M014013,2026-01-12,
6324,M014013,2026-01-19,
6324,M009050,2025-12-29,
6324,M009050,2026-01-05,
6324,M009050,2026-01-12,
6324,M009050,2026-01-19,
6324,M010532,2025-12-29,
6324,M010532,2026-01-05,
6324,M010532,2026-01-12,
6324,M010532,2026-01-19,
6324,M010208,2025-12-29,
6324,M010208,2026-01-05,
6324,M010208,2026-01-12,
6324,M010208,2026-01-19,
6324,M009284,2025-12-29,
6324,M009284,2026-01-05,
6324,M009284,2026-01-12,
6324,M009284,2026-01-19,
6324,M010771,2025-12-29,
6324,M010771,2026-01-05,
6324,M010771,2026-01-12,
6324,M010771,2026-01-19,
6324,M010862,2025-12-29,
6324,M010862,2026-01-05,
6324,M010862,2026-01-12,
6324,M010862,2026-01-19,
6324,M010082,2025-12-29,
6324,M010082,2026-01-05,
6324,M010082,2026-01-12,
6324,M010082,2026-01-19,
6324,M011232,2025-12-29,
6324,M011232,2026-01-05,
6324,M011232,2026-01-12,
6324,M011232,2026-01-19,
6324,M009648,2025-12-29,
6324,M009648,2026-01-05,
6324,M009648,2026-01-12,
6324,M009648,2026-01-19,
6324,M011075,2025-12-29,
6324,M011075,2026-01-05,
6324,M011075,2026-01-12,
6324,M011075,2026-01-19,
6324,M016311,2025-12-29,
6324,M016311,2026-01-05,
6324,M016311,2026-01-12,
6324,M016311,2026-01-19,
6324,M016641,2025-12-29,
6324,M016641,2026-01-05,
6324,M016641,2026-01-12,
6324,M016641,2026-01-19,
6324,M010676,2025-12-29,
6324,M010676,2026-01-05,
6324,M010676,2026-01-12,
6324,M010676,2026-01-19,
6324,M009594,2025-12-29,
6324,M009594,2026-01-05,
6324,M009594,2026-01-12,
6324,M009594,2026-01-19,
6324,M009542,2025-12-29,
6324,M009542,2026-01-05,
6324,M009542,2026-01-12,
6324,M009542,2026-01-19,
6324,M013477,2025-12-29,
6324,M013477,2026-01-05,
6324,M013477,2026-01-12,
6324,M013477,2026-01-19,
6324,M009630,2025-12-29,
6324,M009630,2026-01-05,
6324,M009630,2026-01-12,
6324,M009630,2026-01-19,
6324,M010882,2025-12-29,
6324,M010882,2026-01-05,
6324,M010882,2026-01-12,
6324,M010882,2026-01-19,
6324,M009970,2025-12-29,
6324,M009970,2026-01-05,
6324,M009970,2026-01-12,
6324,M009970,2026-01-19,
6324,M010075,2025-12-29,
6324,M010075,2026-01-05,
6324,M010075,2026-01-12,
6324,M010075,2026-01-19,
6324,M009651,2025-12-29,
6324,M009651,2026-01-05,
6324,M009651,2026-01-12,
6324,M009651,2026-01-19,
6324,M014771,2025-12-29,
6324,M014771,2026-01-05,
6324,M014771,2026-01-12,
6324,M014771,2026-01-19,
6725,M016641,2025-12-29,
6725,M016641,2026-01-05,
6725,M016641,2026-01-12,
6725,M016641,2026-01-19,
6725,M010771,2025-12-29,
6725,M010771,2026-01-05,
6725,M010771,2026-01-12,
6725,M010771,2026-01-19,
6725,M009284,2025-12-29,
6725,M009284,2026-01-05,
6725,M009284,2026-01-12,
6725,M009284,2026-01-19,
6725,M010532,2025-12-29,
6725,M010532,2026-01-05,
6725,M010532,2026-01-12,
6725,M010532,2026-01-19,
6725,M013459,2025-12-29,
6725,M013459,2026-01-05,
6725,M013459,2026-01-12,
6725,M013459,2026-01-19,
6725,M010082,2025-12-29,
6725,M010082,2026-01-05,
6725,M010082,2026-01-12,
6725,M010082,2026-01-19,
6725,M009648,2025-12-29,
6725,M009648,2026-01-05,
6725,M009648,2026-01-12,
6725,M009648,2026-01-19,
6725,M009542,2025-12-29,
6725,M009542,2026-01-05,
6725,M009542,2026-01-12,
6725,M009542,2026-01-19,
6725,M009594,2025-12-29,
6725,M009594,2026-01-05,
6725,M009594,2026-01-12,
6725,M009594,2026-01-19,
6725,M009364,2025-12-29,
6725,M009364,2026-01-05,
6725,M009364,2026-01-12,
6725,M009364,2026-01-19,
6725,M010184,2025-12-29,
6725,M010184,2026-01-05,
6725,M010184,2026-01-12,
6725,M010184,2026-01-19,
6725,M013294,2025-12-29,
6725,M013294,2026-01-05,
6725,M013294,2026-01-12,
6725,M013294,2026-01-19,
6725,M010788,2025-12-29,
6725,M010788,2026-01-05,
6725,M010788,2026-01-12,
6725,M010788,2026-01-19,
6979,M009898,2025-12-29,
6979,M009898,2026-01-05,
6979,M009898,2026-01-12,
6979,M009898,2026-01-19,
6979,M009651,2025-12-29,
6979,M009651,2026-01-05,
6979,M009651,2026-01-12,
6979,M009651,2026-01-19,
6979,M010676,2025-12-29,
6979,M010676,2026-01-05,
6979,M010676,2026-01-12,
6979,M010676,2026-01-19,
6979,M009518,2025-12-29,
6979,M009518,2026-01-05,
6979,M009518,2026-01-12,
6979,M009518,2026-01-19,
6979,M010453,2025-12-29,
6979,M010453,2026-01-05,
6979,M010453,2026-01-12,
6979,M010453,2026-01-19,
6979,M013220,2025-12-29,
6979,M013220,2026-01-05,
6979,M013220,2026-01-12,
6979,M013220,2026-01-19,
6979,M009970,2025-12-29,
6979,M009970,2026-01-05,
6979,M009970,2026-01-12,
6979,M009970,2026-01-19,
6979,M010132,2025-12-29,
6979,M010132,2026-01-05,
6979,M010132,2026-01-12,
6979,M010132,2026-01-19,
6979,M011339,2025-12-29,
6979,M011339,2026-01-05,
6979,M011339,2026-01-12,
6979,M011339,2026-01-19,
6979,M016350,2025-12-29,
6979,M016350,2026-01-05,
6979,M016350,2026-01-12,
6979,M016350,2026-01-19,
6979,M012665,2025-12-29,
6979,M012665,2026-01-05,
6979,M012665,2026-01-12,
6979,M012665,2026-01-19,
6979,M010862,2025-12-29,
6979,M010862,2026-01-05,
6979,M010862,2026-01-12,
6979,M010862,2026-01-19,
6979,M010882,2025-12-29,
6979,M010882,2026-01-05,
6979,M010882,2026-01-12,
6979,M010882,2026-01-19,
6979,M009648,2025-12-29,
6979,M009648,2026-01-05,
6979,M009648,2026-01-12,
6979,M009648,2026-01-19,
6979,M010075,2025-12-29,
6979,M010075,2026-01-05,
6979,M010075,2026-01-12,
6979,M010075,2026-01-19,
6979,M009050,2025-12-29,
6979,M009050,2026-01-05,
6979,M009050,2026-01-12,
6979,M009050,2026-01-19,
6979,M013459,2025-12-29,
6979,M013459,2026-01-05,
6979,M013459,2026-01-12,
6979,M013459,2026-01-19,
6979,M012115,2025-12-29,
6979,M012115,2026-01-05,
6979,M012115,2026-01-12,
6979,M012115,2026-01-19,
6979,M009364,2025-12-29,
6979,M009364,2026-01-05,
6979,M009364,2026-01-12,
6979,M009364,2026-01-19,
6979,M016311,2025-12-29,
6979,M016311,2026-01-05,
6979,M016311,2026-01-12,
6979,M016311,2026-01-19,
6979,M013086,2025-12-29,
6979,M013086,2026-01-05,
6979,M013086,2026-01-12,
6979,M013086,2026-01-19,
6979,M010200,2025-12-29,
6979,M010200,2026-01-05,
6979,M010200,2026-01-12,
6979,M010200,2026-01-19,
6979,M011075,2025-12-29,
6979,M011075,2026-01-05,
6979,M011075,2026-01-12,
6979,M011075,2026-01-19,
6979,M009594,2025-12-29,
6979,M009594,2026-01-05,
6979,M009594,2026-01-12,
6979,M009594,2026-01-19,
7036,M010132,2025-12-29,
7036,M010132,2026-01-05,
7036,M010132,2026-01-12,
7036,M010132,2026-01-19,
7036,M014013,2025-12-29,
7036,M014013,2026-01-05,
7036,M014013,2026-01-12,
7036,M014013,2026-01-19,
7036,M010079,2025-12-29,
7036,M010079,2026-01-05,
7036,M010079,2026-01-12,
7036,M010079,2026-01-19,
7036,M016641,2025-12-29,
7036,M016641,2026-01-05,
7036,M016641,2026-01-12,
7036,M016641,2026-01-19,
7036,M009651,2025-12-29,
7036,M009651,2026-01-05,
7036,M009651,2026-01-12,
7036,M009651,2026-01-19,
7036,M010862,2025-12-29,
7036,M010862,2026-01-05,
7036,M010862,2026-01-12,
7036,M010862,2026-01-19,
7036,M009542,2025-12-29,
7036,M009542,2026-01-05,
7036,M009542,2026-01-12,
7036,M009542,2026-01-19,
7036,M009630,2025-12-29,
7036,M009630,2026-01-05,
7036,M009630,2026-01-12,
7036,M009630,2026-01-19,
7036,M010082,2025-12-29,
7036,M010082,2026-01-05,
7036,M010082,2026-01-12,
7036,M010082,2026-01-19,
7111,M011339,2025-12-29,
7111,M011339,2026-01-05,
7111,M011339,2026-01-12,
7111,M011339,2026-01-19,
7111,M009072,2025-12-29,
7111,M009072,2026-01-05,
7111,M009072,2026-01-12,
7111,M009072,2026-01-19,
7111,M009284,2025-12-29,
7111,M009284,2026-01-05,
7111,M009284,2026-01-12,
7111,M009284,2026-01-19,
7111,M011232,2025-12-29,
7111,M011232,2026-01-05,
7111,M011232,2026-01-12,
7111,M011232,2026-01-19,
7111,M009364,2025-12-29,
7111,M009364,2026-01-05,
7111,M009364,2026-01-12,
7111,M009364,2026-01-19,
7111,M009594,2025-12-29,
7111,M009594,2026-01-05,
7111,M009594,2026-01-12,
7111,M009594,2026-01-19,
7111,M010184,2025-12-29,
7111,M010184,2026-01-05,
7111,M010184,2026-01-12,
7111,M010184,2026-01-19,
7111,M010253,2025-12-29,
7111,M010253,2026-01-05,
7111,M010253,2026-01-12,
7111,M010253,2026-01-19,
7111,M016641,2025-12-29,
7111,M016641,2026-01-05,
7111,M016641,2026-01-12,
7111,M016641,2026-01-19,
7111,M009970,2025-12-29,
7111,M009970,2026-01-05,
7111,M009970,2026-01-12,
7111,M009970,2026-01-19,
7111,M010868,2025-12-29,
7111,M010868,2026-01-05,
7111,M010868,2026-01-12,
7111,M010868,2026-01-19,
7111,M012706,2025-12-29,
7111,M012706,2026-01-05,
7111,M012706,2026-01-12,
7111,M012706,2026-01-19,
7111,M010788,2025-12-29,
7111,M010788,2026-01-05,
7111,M010788,2026-01-12,
7111,M010788,2026-01-19,
7268,M009518,2025-12-29,
7268,M009518,2026-01-05,
7268,M009518,2026-01-12,
7268,M009518,2026-01-19,
7268,M010132,2025-12-29,
7268,M010132,2026-01-05,
7268,M010132,2026-01-12,
7268,M010132,2026-01-19,
7268,M016350,2025-12-29,
7268,M016350,2026-01-05,
7268,M016350,2026-01-12,
7268,M016350,2026-01-19,
7268,M009630,2025-12-29,
7268,M009630,2026-01-05,
7268,M009630,2026-01-12,
7268,M009630,2026-01-19,
7268,M011075,2025-12-29,
7268,M011075,2026-01-05,
7268,M011075,2026-01-12,
7268,M011075,2026-01-19,
7268,M010253,2025-12-29,
7268,M010253,2026-01-05,
7268,M010253,2026-01-12,
7268,M010253,2026-01-19,
7268,M009898,2025-12-29,
7268,M009898,2026-01-05,
7268,M009898,2026-01-12,
7268,M009898,2026-01-19,
7268,M009542,2025-12-29,
7268,M009542,2026-01-05,
7268,M009542,2026-01-12,
7268,M009542,2026-01-19,
7268,M010453,2025-12-29,
7268,M010453,2026-01-05,
7268,M010453,2026-01-12,
7268,M010453,2026-01-19,
7268,M013459,2025-12-29,
7268,M013459,2026-01-05,
7268,M013459,2026-01-12,
7268,M013459,2026-01-19,
7268,M012860,2025-12-29,
7268,M012860,2026-01-05,
7268,M012860,2026-01-12,
7268,M012860,2026-01-19,
7268,M009371,2025-12-29,
7268,M009371,2026-01-05,
7268,M009371,2026-01-12,
7268,M009371,2026-01-19,
7268,M009594,2025-12-29,
7268,M009594,2026-01-05,
7268,M009594,2026-01-12,
7268,M009594,2026-01-19,
7268,M014771,2025-12-29,
7268,M014771,2026-01-05,
7268,M014771,2026-01-12,
7268,M014771,2026-01-19,
7268,M011086,2025-12-29,
7268,M011086,2026-01-05,
7268,M011086,2026-01-12,
7268,M011086,2026-01-19,
7268,M010771,2025-12-29,
7268,M010771,2026-01-05,
7268,M010771,2026-01-12,
7268,M010771,2026-01-19,
7268,M009651,2025-12-29,
7268,M009651,2026-01-05,
7268,M009651,2026-01-12,
7268,M009651,2026-01-19,
7331,M010079,2025-12-29,
7331,M010079,2026-01-05,
7331,M010079,2026-01-12,
7331,M010079,2026-01-19,
7331,M010208,2025-12-29,
7331,M010208,2026-01-05,
7331,M010208,2026-01-12,
7331,M010208,2026-01-19,
7331,M010676,2025-12-29,
7331,M010676,2026-01-05,
7331,M010676,2026-01-12,
7331,M010676,2026-01-19,
7331,M009898,2025-12-29,
7331,M009898,2026-01-05,
7331,M009898,2026-01-12,
7331,M009898,2026-01-19,
7331,M009364,2025-12-29,
7331,M009364,2026-01-05,
7331,M009364,2026-01-12,
7331,M009364,2026-01-19,
7331,M016641,2025-12-29,
7331,M016641,2026-01-05,
7331,M016641,2026-01-12,
7331,M016641,2026-01-19,
7331,M013962,2025-12-29,
7331,M013962,2026-01-05,
7331,M013962,2026-01-12,
7331,M013962,2026-01-19,
7331,M010132,2025-12-29,
7331,M010132,2026-01-05,
7331,M010132,2026-01-12,
7331,M010132,2026-01-19,
7331,M010868,2025-12-29,
7331,M010868,2026-01-05,
7331,M010868,2026-01-12,
7331,M010868,2026-01-19,
7331,M009970,2025-12-29,
7331,M009970,2026-01-05,
7331,M009970,2026-01-12,
7331,M009970,2026-01-19,
7331,M010200,2025-12-29,
7331,M010200,2026-01-05,
7331,M010200,2026-01-12,
7331,M010200,2026-01-19,
7571,M009648,2025-12-29,
7571,M009648,2026-01-05,
7571,M009648,2026-01-12,
7571,M009648,2026-01-19,
7571,M009364,2025-12-29,
7571,M009364,2026-01-05,
7571,M009364,2026-01-12,
7571,M009364,2026-01-19,
7571,M009594,2025-12-29,
7571,M009594,2026-01-05,
7571,M009594,2026-01-12,
7571,M009594,2026-01-19,
7571,M010132,2025-12-29,
7571,M010132,2026-01-05,
7571,M010132,2026-01-12,
7571,M010132,2026-01-19,
7571,M012706,2025-12-29,
7571,M012706,2026-01-05,
7571,M012706,2026-01-12,
7571,M012706,2026-01-19,
7571,M013962,2025-12-29,
7571,M013962,2026-01-05,
7571,M013962,2026-01-12,
7571,M013962,2026-01-19,
7571,M009898,2025-12-29,
7571,M009898,2026-01-05,
7571,M009898,2026-01-12,
7571,M009898,2026-01-19,
7571,M010200,2025-12-29,
7571,M010200,2026-01-05,
7571,M010200,2026-01-12,
7571,M010200,2026-01-19,
7571,M014013,2025-12-29,
7571,M014013,2026-01-05,
7571,M014013,2026-01-12,
7571,M014013,2026-01-19,
7571,M009970,2025-12-29,
7571,M009970,2026-01-05,
7571,M009970,2026-01-12,
7571,M009970,2026-01-19,
7571,M013477,2025-12-29,
7571,M013477,2026-01-05,
7571,M013477,2026-01-12,
7571,M013477,2026-01-19,
7571,M010868,2025-12-29,
7571,M010868,2026-01-05,
7571,M010868,2026-01-12,
7571,M010868,2026-01-19,
7571,M010038,2025-12-29,
7571,M010038,2026-01-05,
7571,M010038,2026-01-12,
7571,M010038,2026-01-19,
7571,M012115,2025-12-29,
7571,M012115,2026-01-05,
7571,M012115,2026-01-12,
7571,M012115,2026-01-19,
7571,M011339,2025-12-29,
7571,M011339,2026-01-05,
7571,M011339,2026-01-12,
7571,M011339,2026-01-19,
7702,M010082,2025-12-29,
7702,M010082,2026-01-05,
7702,M010082,2026-01-12,
7702,M010082,2026-01-19,
7702,M009651,2025-12-29,
7702,M009651,2026-01-05,
7702,M009651,2026-01-12,
7702,M009651,2026-01-19,
7702,M013459,2025-12-29,
7702,M013459,2026-01-05,
7702,M013459,2026-01-12,
7702,M013459,2026-01-19,
7702,M012706,2025-12-29,
7702,M012706,2026-01-05,
7702,M012706,2026-01-12,
7702,M012706,2026-01-19,
7702,M009898,2025-12-29,
7702,M009898,2026-01-05,
7702,M009898,2026-01-12,
7702,M009898,2026-01-19,
7702,M010200,2025-12-29,
7702,M010200,2026-01-05,
7702,M010200,2026-01-12,
7702,M010200,2026-01-19,
7702,M012860,2025-12-29,
7702,M012860,2026-01-05,
7702,M012860,2026-01-12,
7702,M012860,2026-01-19,
7702,M013086,2025-12-29,
7702,M013086,2026-01-05,
7702,M013086,2026-01-12,
7702,M013086,2026-01-19,
7702,M010253,2025-12-29,
7702,M010253,2026-01-05,
7702,M010253,2026-01-12,
7702,M010253,2026-01-19,
7702,M009050,2025-12-29,
7702,M009050,2026-01-05,
7702,M009050,2026-01-12,
7702,M009050,2026-01-19,
7702,M010079,2025-12-29,
7702,M010079,2026-01-05,
7702,M010079,2026-01-12,
7702,M010079,2026-01-19,
7702,M010184,2025-12-29,
7702,M010184,2026-01-05,
7702,M010184,2026-01-12,
7702,M010184,2026-01-19,
7702,M013220,2025-12-29,
7702,M013220,2026-01-05,
7702,M013220,2026-01-12,
7702,M013220,2026-01-19,
7702,M014771,2025-12-29,
7702,M014771,2026-01-05,
7702,M014771,2026-01-12,
7702,M014771,2026-01-19,
7702,M009630,2025-12-29,
7702,M009630,2026-01-05,
7702,M009630,2026-01-12,
7702,M009630,2026-01-19,
7705,M010079,2025-12-29,
7705,M010079,2026-01-05,
7705,M010079,2026-01-12,
7705,M010079,2026-01-19,
7705,M009970,2025-12-29,
7705,M009970,2026-01-05,
7705,M009970,2026-01-12,
7705,M009970,2026-01-19,
7705,M014013,2025-12-29,
7705,M014013,2026-01-05,
7705,M014013,2026-01-12,
7705,M014013,2026-01-19,
7705,M009364,2025-12-29,
7705,M009364,2026-01-05,
7705,M009364,2026-01-12,
7705,M009364,2026-01-19,
7705,M013477,2025-12-29,
7705,M013477,2026-01-05,
7705,M013477,2026-01-12,
7705,M013477,2026-01-19,
7705,M011086,2025-12-29,
7705,M011086,2026-01-05,
7705,M011086,2026-01-12,
7705,M011086,2026-01-19,
7705,M013294,2025-12-29,
7705,M013294,2026-01-05,
7705,M013294,2026-01-12,
7705,M013294,2026-01-19,
7705,M010038,2025-12-29,
7705,M010038,2026-01-05,
7705,M010038,2026-01-12,
7705,M010038,2026-01-19,
8104,M009050,2025-12-29,
8104,M009050,2026-01-05,
8104,M009050,2026-01-12,
8104,M009050,2026-01-19,
8104,M010038,2025-12-29,
8104,M010038,2026-01-05,
8104,M010038,2026-01-12,
8104,M010038,2026-01-19,
8104,M013294,2025-12-29,
8104,M013294,2026-01-05,
8104,M013294,2026-01-12,
8104,M013294,2026-01-19,
8104,M010082,2025-12-29,
8104,M010082,2026-01-05,
8104,M010082,2026-01-12,
8104,M010082,2026-01-19,
8104,M013477,2025-12-29,
8104,M013477,2026-01-05,
8104,M013477,2026-01-12,
8104,M013477,2026-01-19,
8104,M009630,2025-12-29,
8104,M009630,2026-01-05,
8104,M009630,2026-01-12,
8104,M009630,2026-01-19,
8104,M009648,2025-12-29,
8104,M009648,2026-01-05,
8104,M009648,2026-01-12,
8104,M009648,2026-01-19,
8104,M010453,2025-12-29,
8104,M010453,2026-01-05,
8104,M010453,2026-01-12,
8104,M010453,2026-01-19,
8104,M012860,2025-12-29,
8104,M012860,2026-01-05,
8104,M012860,2026-01-12,
8104,M012860,2026-01-19,
8169,M016641,2025-12-29,
8169,M016641,2026-01-05,
8169,M016641,2026-01-12,
8169,M016641,2026-01-19,
8169,M014013,2025-12-29,
8169,M014013,2026-01-05,
8169,M014013,2026-01-12,
8169,M014013,2026-01-19,
8169,M011339,2025-12-29,
8169,M011339,2026-01-05,
8169,M011339,2026-01-12,
8169,M011339,2026-01-19,
8169,M009651,2025-12-29,
8169,M009651,2026-01-05,
8169,M009651,2026-01-12,
8169,M009651,2026-01-19,
8169,M009050,2025-12-29,
8169,M009050,2026-01-05,
8169,M009050,2026-01-12,
8169,M009050,2026-01-19,
8169,M012860,2025-12-29,
8169,M012860,2026-01-05,
8169,M012860,2026-01-12,
8169,M012860,2026-01-19,
8169,M009648,2025-12-29,
8169,M009648,2026-01-05,
8169,M009648,2026-01-12,
8169,M009648,2026-01-19,
8169,M009364,2025-12-29,
8169,M009364,2026-01-05,
8169,M009364,2026-01-12,
8169,M009364,2026-01-19,
8169,M011086,2025-12-29,
8169,M011086,2026-01-05,
8169,M011086,2026-01-12,
8169,M011086,2026-01-19,
8418,M014771,2025-12-29,
8418,M014771,2026-01-05,
8418,M014771,2026-01-12,
8418,M014771,2026-01-19,
8418,M010079,2025-12-29,
8418,M010079,2026-01-05,
8418,M010079,2026-01-12,
8418,M010079,2026-01-19,
8418,M013477,2025-12-29,
8418,M013477,2026-01-05,
8418,M013477,2026-01-12,
8418,M013477,2026-01-19,
8418,M009630,2025-12-29,
8418,M009630,2026-01-05,
8418,M009630,2026-01-12,
8418,M009630,2026-01-19,
8418,M012860,2025-12-29,
8418,M012860,2026-01-05,
8418,M012860,2026-01-12,
8418,M012860,2026-01-19,
8418,M010208,2025-12-29,
8418,M010208,2026-01-05,
8418,M010208,2026-01-12,
8418,M010208,2026-01-19,
8418,M009594,2025-12-29,
8418,M009594,2026-01-05,
8418,M009594,2026-01-12,
8418,M009594,2026-01-19,
8418,M010453,2025-12-29,
8418,M010453,2026-01-05,
8418,M010453,2026-01-12,
8418,M010453,2026-01-19,
8418,M013220,2025-12-29,
8418,M013220,2026-01-05,
8418,M013220,2026-01-12,
8418,M013220,2026-01-19,
9329,M010453,2025-12-29,
9329,M010453,2026-01-05,
9329,M010453,2026-01-12,
9329,M010453,2026-01-19,
9329,M014013,2025-12-29,
9329,M014013,2026-01-05,
9329,M014013,2026-01-12,
9329,M014013,2026-01-19,
9329,M010079,2025-12-29,
9329,M010079,2026-01-05,
9329,M010079,2026-01-12,
9329,M010079,2026-01-19,
9329,M010208,2025-12-29,
9329,M010208,2026-01-05,
9329,M010208,2026-01-12,
9329,M010208,2026-01-19,
9329,M009050,2025-12-29,
9329,M009050,2026-01-05,
9329,M009050,2026-01-12,
9329,M009050,2026-01-19,
9329,M009648,2025-12-29,
9329,M009648,2026-01-05,
9329,M009648,2026-01-12,
9329,M009648,2026-01-19,
9329,M009518,2025-12-29,
9329,M009518,2026-01-05,
9329,M009518,2026-01-12,
9329,M009518,2026-01-19,
9329,M012665,2025-12-29,
9329,M012665,2026-01-05,
9329,M012665,2026-01-12,
9329,M012665,2026-01-19,
9329,M009970,2025-12-29,
9329,M009970,2026-01-05,
9329,M009970,2026-01-12,
9329,M009970,2026-01-19,
9329,M010132,2025-12-29,
9329,M010132,2026-01-05,
9329,M010132,2026-01-12,
9329,M010132,2026-01-19,
9329,M010075,2025-12-29,
9329,M010075,2026-01-05,
9329,M010075,2026-01-12,
9329,M010075,2026-01-19,
9329,M010868,2025-12-29,
9329,M010868,2026-01-05,
9329,M010868,2026-01-12,
9329,M010868,2026-01-19,
9329,M010200,2025-12-29,
9329,M010200,2026-01-05,
9329,M010200,2026-01-12,
9329,M010200,2026-01-19,
9329,M009898,2025-12-29,
9329,M009898,2026-01-05,
9329,M009898,2026-01-12,
9329,M009898,2026-01-19,
9329,M010253,2025-12-29,
9329,M010253,2026-01-05,
9329,M010253,2026-01-12,
9329,M010253,2026-01-19,
9329,M010082,2025-12-29,
9329,M010082,2026-01-05,
9329,M010082,2026-01-12,
9329,M010082,2026-01-19,
9329,M010676,2025-12-29,
9329,M010676,2026-01-05,
9329,M010676,2026-01-12,
9329,M010676,2026-01-19,
9329,M012860,2025-12-29,
9329,M012860,2026-01-05,
9329,M012860,2026-01-12,
9329,M012860,2026-01-19,
9329,M010532,2025-12-29,
9329,M010532,2026-01-05,
9329,M010532,2026-01-12,
9329,M010532,2026-01-19,
9329,M013294,2025-12-29,
9329,M013294,2026-01-05,
9329,M013294,2026-01-12,
9329,M013294,2026-01-19,
9329,M010882,2025-12-29,
9329,M010882,2026-01-05,
9329,M010882,2026-01-12,
9329,M010882,2026-01-19,
9329,M013086,2025-12-29,
9329,M013086,2026-01-05,
9329,M013086,2026-01-12,
9329,M013086,2026-01-19,
9329,M016311,2025-12-29,
9329,M016311,2026-01-05,
9329,M016311,2026-01-12,
9329,M016311,2026-01-19,
9329,M010038,2025-12-29,
9329,M010038,2026-01-05,
9329,M010038,2026-01-12,
9329,M010038,2026-01-19,
9329,M010788,2025-12-29,
9329,M010788,2026-01-05,
9329,M010788,2026-01-12,
9329,M010788,2026-01-19,
9329,M013220,2025-12-29,
9329,M013220,2026-01-05,
9329,M013220,2026-01-12,
9329,M013220,2026-01-19,
9329,M016350,2025-12-29,
9329,M016350,2026-01-05,
9329,M016350,2026-01-12,
9329,M016350,2026-01-19,
9329,M010862,2025-12-29,
9329,M010862,2026-01-05,
9329,M010862,2026-01-12,
9329,M010862,2026-01-19,
9556,M010788,2025-12-29,
9556,M010788,2026-01-05,
9556,M010788,2026-01-12,
9556,M010788,2026-01-19,
9556,M010082,2025-12-29,
9556,M010082,2026-01-05,
9556,M010082,2026-01-12,
9556,M010082,2026-01-19,
9556,M009072,2025-12-29,
9556,M009072,2026-01-05,
9556,M009072,2026-01-12,
9556,M009072,2026-01-19,
9556,M012665,2025-12-29,
9556,M012665,2026-01-05,
9556,M012665,2026-01-12,
9556,M012665,2026-01-19,
9556,M010532,2025-12-29,
9556,M010532,2026-01-05,
9556,M010532,2026-01-12,
9556,M010532,2026-01-19,
9556,M012115,2025-12-29,
9556,M012115,2026-01-05,
9556,M012115,2026-01-12,
9556,M012115,2026-01-19,
9556,M010453,2025-12-29,
9556,M010453,2026-01-05,
9556,M010453,2026-01-12,
9556,M010453,2026-01-19,
9556,M010132,2025-12-29,
9556,M010132,2026-01-05,
9556,M010132,2026-01-12,
9556,M010132,2026-01-19,
9862,M014771,2025-12-29,
9862,M014771,2026-01-05,
9862,M014771,2026-01-12,
9862,M014771,2026-01-19,
9862,M009651,2025-12-29,
9862,M009651,2026-01-05,
9862,M009651,2026-01-12,
9862,M009651,2026-01-19,
9862,M010532,2025-12-29,
9862,M010532,2026-01-05,
9862,M010532,2026-01-12,
9862,M010532,2026-01-19,
9862,M009648,2025-12-29,
9862,M009648,2026-01-05,
9862,M009648,2026-01-12,
9862,M009648,2026-01-19,
9862,M009364,2025-12-29,
9862,M009364,2026-01-05,
9862,M009364,2026-01-12,
9862,M009364,2026-01-19,
9862,M013086,2025-12-29,
9862,M013086,2026-01-05,
9862,M013086,2026-01-12,
9862,M013086,2026-01-19,
9862,M011339,2025-12-29,
9862,M011339,2026-01-05,
9862,M011339,2026-01-12,
9862,M011339,2026-01-19,
9862,M011086,2025-12-29,
9862,M011086,2026-01-05,
9862,M011086,2026-01-12,
9862,M011086,2026-01-19,
9862,M012706,2025-12-29,
9862,M012706,2026-01-05,
9862,M012706,2026-01-12,
9862,M012706,2026-01-19,
9862,M014013,2025-12-29,
9862,M014013,2026-01-05,
9862,M014013,2026-01-12,
9862,M014013,2026-01-19,
9862,M011232,2025-12-29,
9862,M011232,2026-01-05,
9862,M011232,2026-01-12,
9862,M011232,2026-01-19,
9862,M010132,2025-12-29,
9862,M010132,2026-01-05,
9862,M010132,2026-01-12,
9862,M010132,2026-01-19,
9862,M010253,2025-12-29,
9862,M010253,2026-01-05,
9862,M010253,2026-01-12,
9862,M010253,2026-01-19,
10059,M013220,2025-12-29,
10059,M013220,2026-01-05,
10059,M013220,2026-01-12,
10059,M013220,2026-01-19,
10059,M009970,2025-12-29,
10059,M009970,2026-01-05,
10059,M009970,2026-01-12,
10059,M009970,2026-01-19,
10059,M014771,2025-12-29,
10059,M014771,2026-01-05,
10059,M014771,2026-01-12,
10059,M014771,2026-01-19,
10059,M010184,2025-12-29,
10059,M010184,2026-01-05,
10059,M010184,2026-01-12,
10059,M010184,2026-01-19,
10059,M009630,2025-12-29,
10059,M009630,2026-01-05,
10059,M009630,2026-01-12,
10059,M009630,2026-01-19,
10059,M009898,2025-12-29,
10059,M009898,2026-01-05,
10059,M009898,2026-01-12,
10059,M009898,2026-01-19,
10059,M010532,2025-12-29,
10059,M010532,2026-01-05,
10059,M010532,2026-01-12,
10059,M010532,2026-01-19,
10059,M010208,2025-12-29,
10059,M010208,2026-01-05,
10059,M010208,2026-01-12,
10059,M010208,2026-01-19,
10059,M010082,2025-12-29,
10059,M010082,2026-01-05,
10059,M010082,2026-01-12,
10059,M010082,2026-01-19,
10241,M010082,2025-12-29,
10241,M010082,2026-01-05,
10241,M010082,2026-01-12,
10241,M010082,2026-01-19,
10241,M010132,2025-12-29,
10241,M010132,2026-01-05,
10241,M010132,2026-01-12,
10241,M010132,2026-01-19,
10241,M010200,2025-12-29,
10241,M010200,2026-01-05,
10241,M010200,2026-01-12,
10241,M010200,2026-01-19,
10241,M013459,2025-12-29,
10241,M013459,2026-01-05,
10241,M013459,2026-01-12,
10241,M013459,2026-01-19,
10241,M009542,2025-12-29,
10241,M009542,2026-01-05,
10241,M009542,2026-01-12,
10241,M009542,2026-01-19,
10241,M009364,2025-12-29,
10241,M009364,2026-01-05,
10241,M009364,2026-01-12,
10241,M009364,2026-01-19,
10241,M013294,2025-12-29,
10241,M013294,2026-01-05,
10241,M013294,2026-01-12,
10241,M013294,2026-01-19,
10241,M010208,2025-12-29,
10241,M010208,2026-01-05,
10241,M010208,2026-01-12,
10241,M010208,2026-01-19,
10241,M009630,2025-12-29,
10241,M009630,2026-01-05,
10241,M009630,2026-01-12,
10241,M009630,2026-01-19,
10241,M010862,2025-12-29,
10241,M010862,2026-01-05,
10241,M010862,2026-01-12,
10241,M010862,2026-01-19,
10241,M009648,2025-12-29,
10241,M009648,2026-01-05,
10241,M009648,2026-01-12,
10241,M009648,2026-01-19,
10241,M012665,2025-12-29,
10241,M012665,2026-01-05,
10241,M012665,2026-01-12,
10241,M012665,2026-01-19,
10241,M013220,2025-12-29,
10241,M013220,2026-01-05,
10241,M013220,2026-01-12,
10241,M013220,2026-01-19,
10241,M013086,2025-12-29,
10241,M013086,2026-01-05,
10241,M013086,2026-01-12,
10241,M013086,2026-01-19,
10241,M010253,2025-12-29,
10241,M010253,2026-01-05,
10241,M010253,2026-01-12,
10241,M010253,2026-01-19,
10241,M011086,2025-12-29,
10241,M011086,2026-01-05,
10241,M011086,2026-01-12,
10241,M011086,2026-01-19,
10494,M013477,2025-12-29,
10494,M013477,2026-01-05,
10494,M013477,2026-01-12,
10494,M013477,2026-01-19,
10494,M010184,2025-12-29,
10494,M010184,2026-01-05,
10494,M010184,2026-01-12,
10494,M010184,2026-01-19,
10494,M010208,2025-12-29,
10494,M010208,2026-01-05,
10494,M010208,2026-01-12,
10494,M010208,2026-01-19,
10494,M009651,2025-12-29,
10494,M009651,2026-01-05,
10494,M009651,2026-01-12,
10494,M009651,2026-01-19,
10494,M009364,2025-12-29,
10494,M009364,2026-01-05,
10494,M009364,2026-01-12,
10494,M009364,2026-01-19,
10494,M014013,2025-12-29,
10494,M014013,2026-01-05,
10494,M014013,2026-01-12,
10494,M014013,2026-01-19,
10494,M012860,2025-12-29,
10494,M012860,2026-01-05,
10494,M012860,2026-01-12,
10494,M012860,2026-01-19,
10494,M011075,2025-12-29,
10494,M011075,2026-01-05,
10494,M011075,2026-01-12,
10494,M011075,2026-01-19,
10494,M009371,2025-12-29,
10494,M009371,2026-01-05,
10494,M009371,2026-01-12,
10494,M009371,2026-01-19,
10494,M012115,2025-12-29,
10494,M012115,2026-01-05,
10494,M012115,2026-01-12,
10494,M012115,2026-01-19,
10494,M010453,2025-12-29,
10494,M010453,2026-01-05,
10494,M010453,2026-01-12,
10494,M010453,2026-01-19,
10494,M012706,2025-12-29,
10494,M012706,2026-01-05,
10494,M012706,2026-01-12,
10494,M012706,2026-01-19,
10494,M009630,2025-12-29,
10494,M009630,2026-01-05,
10494,M009630,2026-01-12,
10494,M009630,2026-01-19,
10494,M010532,2025-12-29,
10494,M010532,2026-01-05,
10494,M010532,2026-01-12,
10494,M010532,2026-01-19,
10494,M010868,2025-12-29,
10494,M010868,2026-01-05,
10494,M010868,2026-01-12,
10494,M010868,2026-01-19,
10494,M016311,2025-12-29,
10494,M016311,2026-01-05,
10494,M016311,2026-01-12,
10494,M016311,2026-01-19,
10494,M009542,2025-12-29,
10494,M009542,2026-01-05,
10494,M009542,2026-01-12,
10494,M009542,2026-01-19,
10494,M010132,2025-12-29,
10494,M010132,2026-01-05,
10494,M010132,2026-01-12,
10494,M010132,2026-01-19,
10494,M009284,2025-12-29,
10494,M009284,2026-01-05,
10494,M009284,2026-01-12,
10494,M009284,2026-01-19,
10494,M010771,2025-12-29,
10494,M010771,2026-01-05,
10494,M010771,2026-01-12,
10494,M010771,2026-01-19,
10494,M010676,2025-12-29,
10494,M010676,2026-01-05,
10494,M010676,2026-01-12,
10494,M010676,2026-01-19,
10494,M011086,2025-12-29,
10494,M011086,2026-01-05,
10494,M011086,2026-01-12,
10494,M011086,2026-01-19,
10494,M010079,2025-12-29,
10494,M010079,2026-01-05,
10494,M010079,2026-01-12,
10494,M010079,2026-01-19,
10494,M011232,2025-12-29,
10494,M011232,2026-01-05,
10494,M011232,2026-01-12,
10494,M011232,2026-01-19,
10494,M010253,2025-12-29,
10494,M010253,2026-01-05,
10494,M010253,2026-01-12,
10494,M010253,2026-01-19,
10595,M009648,2025-12-29,
10595,M009648,2026-01-05,
10595,M009648,2026-01-12,
10595,M009648,2026-01-19,
10595,M009072,2025-12-29,
10595,M009072,2026-01-05,
10595,M009072,2026-01-12,
10595,M009072,2026-01-19,
10595,M013086,2025-12-29,
10595,M013086,2026-01-05,
10595,M013086,2026-01-12,
10595,M013086,2026-01-19,
10595,M013294,2025-12-29,
10595,M013294,2026-01-05,
10595,M013294,2026-01-12,
10595,M013294,2026-01-19,
10595,M009630,2025-12-29,
10595,M009630,2026-01-05,
10595,M009630,2026-01-12,
10595,M009630,2026-01-19,
10595,M012115,2025-12-29,
10595,M012115,2026-01-05,
10595,M012115,2026-01-12,
10595,M012115,2026-01-19,
10595,M011232,2025-12-29,
10595,M011232,2026-01-05,
10595,M011232,2026-01-12,
10595,M011232,2026-01-19,
10595,M012706,2025-12-29,
10595,M012706,2026-01-05,
10595,M012706,2026-01-12,
10595,M012706,2026-01-19,
10595,M009050,2025-12-29,
10595,M009050,2026-01-05,
10595,M009050,2026-01-12,
10595,M009050,2026-01-19,
10595,M010132,2025-12-29,
10595,M010132,2026-01-05,
10595,M010132,2026-01-12,
10595,M010132,2026-01-19,
10595,M009284,2025-12-29,
10595,M009284,2026-01-05,
10595,M009284,2026-01-12,
10595,M009284,2026-01-19,
10595,M013220,2025-12-29,
10595,M013220,2026-01-05,
10595,M013220,2026-01-12,
10595,M013220,2026-01-19,
10595,M009542,2025-12-29,
10595,M009542,2026-01-05,
10595,M009542,2026-01-12,
10595,M009542,2026-01-19,
10595,M010208,2025-12-29,
10595,M010208,2026-01-05,
10595,M010208,2026-01-12,
10595,M010208,2026-01-19,
10595,M010038,2025-12-29,
10595,M010038,2026-01-05,
10595,M010038,2026-01-12,
10595,M010038,2026-01-19,
10595,M010079,2025-12-29,
10595,M010079,2026-01-05,
10595,M010079,2026-01-12,
10595,M010079,2026-01-19,
10730,M010075,2025-12-29,
10730,M010075,2026-01-05,
10730,M010075,2026-01-12,
10730,M010075,2026-01-19,
10730,M012115,2025-12-29,
10730,M012115,2026-01-05,
10730,M012115,2026-01-12,
10730,M012115,2026-01-19,
10730,M013459,2025-12-29,
10730,M013459,2026-01-05,
10730,M013459,2026-01-12,
10730,M013459,2026-01-19,
10730,M011339,2025-12-29,
10730,M011339,2026-01-05,
10730,M011339,2026-01-12,
10730,M011339,2026-01-19,
10730,M013477,2025-12-29,
10730,M013477,2026-01-05,
10730,M013477,2026-01-12,
10730,M013477,2026-01-19,
10730,M012860,2025-12-29,
10730,M012860,2026-01-05,
10730,M012860,2026-01-12,
10730,M012860,2026-01-19,
10730,M010208,2025-12-29,
10730,M010208,2026-01-05,
10730,M010208,2026-01-12,
10730,M010208,2026-01-19,
10730,M010788,2025-12-29,
10730,M010788,2026-01-05,
10730,M010788,2026-01-12,
10730,M010788,2026-01-19,
10730,M010862,2025-12-29,
10730,M010862,2026-01-05,
10730,M010862,2026-01-12,
10730,M010862,2026-01-19,
10730,M016350,2025-12-29,
10730,M016350,2026-01-05,
10730,M016350,2026-01-12,
10730,M016350,2026-01-19,
10730,M009284,2025-12-29,
10730,M009284,2026-01-05,
10730,M009284,2026-01-12,
10730,M009284,2026-01-19,
10730,M009518,2025-12-29,
10730,M009518,2026-01-05,
10730,M009518,2026-01-12,
10730,M009518,2026-01-19,
10730,M013086,2025-12-29,
10730,M013086,2026-01-05,
10730,M013086,2026-01-12,
10730,M013086,2026-01-19,
10730,M010771,2025-12-29,
10730,M010771,2026-01-05,
10730,M010771,2026-01-12,
10730,M010771,2026-01-19,
10730,M010038,2025-12-29,
10730,M010038,2026-01-05,
10730,M010038,2026-01-12,
10730,M010038,2026-01-19,
10730,M010204,2025-12-29,
10730,M010204,2026-01-05,
10730,M010204,2026-01-12,
10730,M010204,2026-01-19,
10730,M010676,2025-12-29,
10730,M010676,2026-01-05,
10730,M010676,2026-01-12,
10730,M010676,2026-01-19,
10730,M009970,2025-12-29,
10730,M009970,2026-01-05,
10730,M009970,2026-01-12,
10730,M009970,2026-01-19,
10730,M009648,2025-12-29,
10730,M009648,2026-01-05,
10730,M009648,2026-01-12,
10730,M009648,2026-01-19,
10730,M012665,2025-12-29,
10730,M012665,2026-01-05,
10730,M012665,2026-01-12,
10730,M012665,2026-01-19,
10730,M010882,2025-12-29,
10730,M010882,2026-01-05,
10730,M010882,2026-01-12,
10730,M010882,2026-01-19,
10730,M011075,2025-12-29,
10730,M011075,2026-01-05,
10730,M011075,2026-01-12,
10730,M011075,2026-01-19,
10730,M014013,2025-12-29,
10730,M014013,2026-01-05,
10730,M014013,2026-01-12,
10730,M014013,2026-01-19,
10730,M010532,2025-12-29,
10730,M010532,2026-01-05,
10730,M010532,2026-01-12,
10730,M010532,2026-01-19,
10730,M009898,2025-12-29,
10730,M009898,2026-01-05,
10730,M009898,2026-01-12,
10730,M009898,2026-01-19,
10730,M009542,2025-12-29,
10730,M009542,2026-01-05,
10730,M009542,2026-01-12,
10730,M009542,2026-01-19,
10730,M010184,2025-12-29,
10730,M010184,2026-01-05,
10730,M010184,2026-01-12,
10730,M010184,2026-01-19,
10730,M009072,2025-12-29,
10730,M009072,2026-01-05,
10730,M009072,2026-01-12,
10730,M009072,2026-01-19,
10730,M014771,2025-12-29,
10730,M014771,2026-01-05,
10730,M014771,2026-01-12,
10730,M014771,2026-01-19,
10730,M010453,2025-12-29,
10730,M010453,2026-01-05,
10730,M010453,2026-01-12,
10730,M010453,2026-01-19,
10730,M013962,2025-12-29,
10730,M013962,2026-01-05,
10730,M013962,2026-01-12,
10730,M013962,2026-01-19,
10730,M010132,2025-12-29,
10730,M010132,2026-01-05,
10730,M010132,2026-01-12,
10730,M010132,2026-01-19,
10730,M009630,2025-12-29,
10730,M009630,2026-01-05,
10730,M009630,2026-01-12,
10730,M009630,2026-01-19,
10961,M013477,2025-12-29,
10961,M013477,2026-01-05,
10961,M013477,2026-01-12,
10961,M013477,2026-01-19,
10961,M010038,2025-12-29,
10961,M010038,2026-01-05,
10961,M010038,2026-01-12,
10961,M010038,2026-01-19,
10961,M010200,2025-12-29,
10961,M010200,2026-01-05,
10961,M010200,2026-01-12,
10961,M010200,2026-01-19,
10961,M009364,2025-12-29,
10961,M009364,2026-01-05,
10961,M009364,2026-01-12,
10961,M009364,2026-01-19,
10961,M011086,2025-12-29,
10961,M011086,2026-01-05,
10961,M011086,2026-01-12,
10961,M011086,2026-01-19,
10961,M011232,2025-12-29,
10961,M011232,2026-01-05,
10961,M011232,2026-01-12,
10961,M011232,2026-01-19,
10961,M010788,2025-12-29,
10961,M010788,2026-01-05,
10961,M010788,2026-01-12,
10961,M010788,2026-01-19,
10961,M010253,2025-12-29,
10961,M010253,2026-01-05,
10961,M010253,2026-01-12,
10961,M010253,2026-01-19,
10961,M009898,2025-12-29,
10961,M009898,2026-01-05,
10961,M009898,2026-01-12,
10961,M009898,2026-01-19,
11984,M009970,2025-12-29,
11984,M009970,2026-01-05,
11984,M009970,2026-01-12,
11984,M009970,2026-01-19,
11984,M010532,2025-12-29,
11984,M010532,2026-01-05,
11984,M010532,2026-01-12,
11984,M010532,2026-01-19,
11984,M010200,2025-12-29,
11984,M010200,2026-01-05,
11984,M010200,2026-01-12,
11984,M010200,2026-01-19,
11984,M010676,2025-12-29,
11984,M010676,2026-01-05,
11984,M010676,2026-01-12,
11984,M010676,2026-01-19,
11984,M012706,2025-12-29,
11984,M012706,2026-01-05,
11984,M012706,2026-01-12,
11984,M012706,2026-01-19,
11984,M010184,2025-12-29,
11984,M010184,2026-01-05,
11984,M010184,2026-01-12,
11984,M010184,2026-01-19,
11984,M010208,2025-12-29,
11984,M010208,2026-01-05,
11984,M010208,2026-01-12,
11984,M010208,2026-01-19,
11984,M010862,2025-12-29,
11984,M010862,2026-01-05,
11984,M010862,2026-01-12,
11984,M010862,2026-01-19,
11984,M009542,2025-12-29,
11984,M009542,2026-01-05,
11984,M009542,2026-01-12,
11984,M009542,2026-01-19,
12346,M010771,2025-12-29,
12346,M010771,2026-01-05,
12346,M010771,2026-01-12,
12346,M010771,2026-01-19,
12346,M013220,2025-12-29,
12346,M013220,2026-01-05,
12346,M013220,2026-01-12,
12346,M013220,2026-01-19,
12346,M009594,2025-12-29,
12346,M009594,2026-01-05,
12346,M009594,2026-01-12,
12346,M009594,2026-01-19,
12346,M011086,2025-12-29,
12346,M011086,2026-01-05,
12346,M011086,2026-01-12,
12346,M011086,2026-01-19,
12346,M013962,2025-12-29,
12346,M013962,2026-01-05,
12346,M013962,2026-01-12,
12346,M013962,2026-01-19,
12346,M009970,2025-12-29,
12346,M009970,2026-01-05,
12346,M009970,2026-01-12,
12346,M009970,2026-01-19,
12346,M010079,2025-12-29,
12346,M010079,2026-01-05,
12346,M010079,2026-01-12,
12346,M010079,2026-01-19,
12346,M009651,2025-12-29,
12346,M009651,2026-01-05,
12346,M009651,2026-01-12,
12346,M009651,2026-01-19,
12346,M010453,2025-12-29,
12346,M010453,2026-01-05,
12346,M010453,2026-01-12,
12346,M010453,2026-01-19,
12485,M014771,2025-12-29,
12485,M014771,2026-01-05,
12485,M014771,2026-01-12,
12485,M014771,2026-01-19,
12485,M012860,2025-12-29,
12485,M012860,2026-01-05,
12485,M012860,2026-01-12,
12485,M012860,2026-01-19,
12485,M009284,2025-12-29,
12485,M009284,2026-01-05,
12485,M009284,2026-01-12,
12485,M009284,2026-01-19,
12485,M011086,2025-12-29,
12485,M011086,2026-01-05,
12485,M011086,2026-01-12,
12485,M011086,2026-01-19,
12485,M010676,2025-12-29,
12485,M010676,2026-01-05,
12485,M010676,2026-01-12,
12485,M010676,2026-01-19,
12485,M009594,2025-12-29,
12485,M009594,2026-01-05,
12485,M009594,2026-01-12,
12485,M009594,2026-01-19,
12485,M016350,2025-12-29,
12485,M016350,2026-01-05,
12485,M016350,2026-01-12,
12485,M016350,2026-01-19,
12485,M010082,2025-12-29,
12485,M010082,2026-01-05,
12485,M010082,2026-01-12,
12485,M010082,2026-01-19,
12485,M010204,2025-12-29,
12485,M010204,2026-01-05,
12485,M010204,2026-01-12,
12485,M010204,2026-01-19,
12485,M010788,2025-12-29,
12485,M010788,2026-01-05,
12485,M010788,2026-01-12,
12485,M010788,2026-01-19,
12485,M013477,2025-12-29,
12485,M013477,2026-01-05,
12485,M013477,2026-01-12,
12485,M013477,2026-01-19,
12485,M011339,2025-12-29,
12485,M011339,2026-01-05,
12485,M011339,2026-01-12,
12485,M011339,2026-01-19,
12485,M014013,2025-12-29,
12485,M014013,2026-01-05,
12485,M014013,2026-01-12,
12485,M014013,2026-01-19,
12485,M010882,2025-12-29,
12485,M010882,2026-01-05,
12485,M010882,2026-01-12,
12485,M010882,2026-01-19,
12485,M009630,2025-12-29,
12485,M009630,2026-01-05,
12485,M009630,2026-01-12,
12485,M009630,2026-01-19,
12485,M010453,2025-12-29,
12485,M010453,2026-01-05,
12485,M010453,2026-01-12,
12485,M010453,2026-01-19,
12485,M009648,2025-12-29,
12485,M009648,2026-01-05,
12485,M009648,2026-01-12,
12485,M009648,2026-01-19,
12485,M010253,2025-12-29,
12485,M010253,2026-01-05,
12485,M010253,2026-01-12,
12485,M010253,2026-01-19,
12485,M009970,2025-12-29,
12485,M009970,2026-01-05,
12485,M009970,2026-01-12,
12485,M009970,2026-01-19,
12485,M010184,2025-12-29,
12485,M010184,2026-01-05,
12485,M010184,2026-01-12,
12485,M010184,2026-01-19,
12485,M013220,2025-12-29,
12485,M013220,2026-01-05,
12485,M013220,2026-01-12,
12485,M013220,2026-01-19,
12485,M012115,2025-12-29,
12485,M012115,2026-01-05,
12485,M012115,2026-01-12,
12485,M012115,2026-01-19,
12485,M016311,2025-12-29,
12485,M016311,2026-01-05,
12485,M016311,2026-01-12,
12485,M016311,2026-01-19,
12485,M009364,2025-12-29,
12485,M009364,2026-01-05,
12485,M009364,2026-01-12,
12485,M009364,2026-01-19,
12485,M010208,2025-12-29,
12485,M010208,2026-01-05,
12485,M010208,2026-01-12,
12485,M010208,2026-01-19,
2513,M010868,2025-12-29,
2513,M010868,2026-01-05,
2513,M010868,2026-01-12,
2513,M010868,2026-01-19,
2513,M013477,2025-12-29,
2513,M013477,2026-01-05,
2513,M013477,2026-01-12,
2513,M013477,2026-01-19,
2513,M010038,2025-12-29,
2513,M010038,2026-01-05,
2513,M010038,2026-01-12,
2513,M010038,2026-01-19,
2513,M009050,2025-12-29,
2513,M009050,2026-01-05,
2513,M009050,2026-01-12,
2513,M009050,2026-01-19,
2513,M012115,2025-12-29,
2513,M012115,2026-01-05,
2513,M012115,2026-01-12,
2513,M012115,2026-01-19,
2513,M010082,2025-12-29,
2513,M010082,2026-01-05,
2513,M010082,2026-01-12,
2513,M010082,2026-01-19,
2513,M009072,2025-12-29,
2513,M009072,2026-01-05,
2513,M009072,2026-01-12,
2513,M009072,2026-01-19,
2513,M012706,2025-12-29,
2513,M012706,2026-01-05,
2513,M012706,2026-01-12,
2513,M012706,2026-01-19,
2513,M013086,2025-12-29,
2513,M013086,2026-01-05,
2513,M013086,2026-01-12,
2513,M013086,2026-01-19,
2839,M009648,2025-12-29,
2839,M009648,2026-01-05,
2839,M009648,2026-01-12,
2839,M009648,2026-01-19,
2839,M010868,2025-12-29,
2839,M010868,2026-01-05,
2839,M010868,2026-01-12,
2839,M010868,2026-01-19,
2839,M013459,2025-12-29,
2839,M013459,2026-01-05,
2839,M013459,2026-01-12,
2839,M013459,2026-01-19,
2839,M010788,2025-12-29,
2839,M010788,2026-01-05,
2839,M010788,2026-01-12,
2839,M010788,2026-01-19,
2839,M010200,2025-12-29,
2839,M010200,2026-01-05,
2839,M010200,2026-01-12,
2839,M010200,2026-01-19,
2839,M013086,2025-12-29,
2839,M013086,2026-01-05,
2839,M013086,2026-01-12,
2839,M013086,2026-01-19,
2839,M010079,2025-12-29,
2839,M010079,2026-01-05,
2839,M010079,2026-01-12,
2839,M010079,2026-01-19,
2839,M011086,2025-12-29,
2839,M011086,2026-01-05,
2839,M011086,2026-01-12,
2839,M011086,2026-01-19,
2839,M012706,2025-12-29,
2839,M012706,2026-01-05,
2839,M012706,2026-01-12,
2839,M012706,2026-01-19,
2839,M010676,2025-12-29,
2839,M010676,2026-01-05,
2839,M010676,2026-01-12,
2839,M010676,2026-01-19,
2839,M013294,2025-12-29,
2839,M013294,2026-01-05,
2839,M013294,2026-01-12,
2839,M013294,2026-01-19,
2839,M013220,2025-12-29,
2839,M013220,2026-01-05,
2839,M013220,2026-01-12,
2839,M013220,2026-01-19,
4107,M009050,2025-12-29,
4107,M009050,2026-01-05,
4107,M009050,2026-01-12,
4107,M009050,2026-01-19,
4107,M009898,2025-12-29,
4107,M009898,2026-01-05,
4107,M009898,2026-01-12,
4107,M009898,2026-01-19,
4107,M013459,2025-12-29,
4107,M013459,2026-01-05,
4107,M013459,2026-01-12,
4107,M013459,2026-01-19,
4107,M009630,2025-12-29,
4107,M009630,2026-01-05,
4107,M009630,2026-01-12,
4107,M009630,2026-01-19,
4107,M010184,2025-12-29,
4107,M010184,2026-01-05,
4107,M010184,2026-01-12,
4107,M010184,2026-01-19,
4107,M010200,2025-12-29,
4107,M010200,2026-01-05,
4107,M010200,2026-01-12,
4107,M010200,2026-01-19,
4107,M010132,2025-12-29,
4107,M010132,2026-01-05,
4107,M010132,2026-01-12,
4107,M010132,2026-01-19,
4107,M009542,2025-12-29,
4107,M009542,2026-01-05,
4107,M009542,2026-01-12,
4107,M009542,2026-01-19,
4107,M010532,2025-12-29,
4107,M010532,2026-01-05,
4107,M010532,2026-01-12,
4107,M010532,2026-01-19,
4480,M010082,2025-12-29,
4480,M010082,2026-01-05,
4480,M010082,2026-01-12,
4480,M010082,2026-01-19,
4480,M009630,2025-12-29,
4480,M009630,2026-01-05,
4480,M009630,2026-01-12,
4480,M009630,2026-01-19,
4480,M012706,2025-12-29,
4480,M012706,2026-01-05,
4480,M012706,2026-01-12,
4480,M012706,2026-01-19,
4480,M010532,2025-12-29,
4480,M010532,2026-01-05,
4480,M010532,2026-01-12,
4480,M010532,2026-01-19,
4480,M009651,2025-12-29,
4480,M009651,2026-01-05,
4480,M009651,2026-01-12,
4480,M009651,2026-01-19,
4480,M009072,2025-12-29,
4480,M009072,2026-01-05,
4480,M009072,2026-01-12,
4480,M009072,2026-01-19,
4480,M012860,2025-12-29,
4480,M012860,2026-01-05,
4480,M012860,2026-01-12,
4480,M012860,2026-01-19,
4480,M013459,2025-12-29,
4480,M013459,2026-01-05,
4480,M013459,2026-01-12,
4480,M013459,2026-01-19,
4480,M009050,2025-12-29,
4480,M009050,2026-01-05,
4480,M009050,2026-01-12,
4480,M009050,2026-01-19,
4480,M013220,2025-12-29,
4480,M013220,2026-01-05,
4480,M013220,2026-01-12,
4480,M013220,2026-01-19,
4480,M010038,2025-12-29,
4480,M010038,2026-01-05,
4480,M010038,2026-01-12,
4480,M010038,2026-01-19,
4813,M009594,2025-12-29,
4813,M009594,2026-01-05,
4813,M009594,2026-01-12,
4813,M009594,2026-01-19,
4813,M013962,2025-12-29,
4813,M013962,2026-01-05,
4813,M013962,2026-01-12,
4813,M013962,2026-01-19,
4813,M010453,2025-12-29,
4813,M010453,2026-01-05,
4813,M010453,2026-01-12,
4813,M010453,2026-01-19,
4813,M009284,2025-12-29,
4813,M009284,2026-01-05,
4813,M009284,2026-01-12,
4813,M009284,2026-01-19,
4813,M013086,2025-12-29,
4813,M013086,2026-01-05,
4813,M013086,2026-01-12,
4813,M013086,2026-01-19,
5497,M013086,2025-12-29,
5497,M013086,2026-01-05,
5497,M013086,2026-01-12,
5497,M013086,2026-01-19,
5497,M012706,2025-12-29,
5497,M012706,2026-01-05,
5497,M012706,2026-01-12,
5497,M012706,2026-01-19,
5497,M009648,2025-12-29,
5497,M009648,2026-01-05,
5497,M009648,2026-01-12,
5497,M009648,2026-01-19,
5497,M013477,2025-12-29,
5497,M013477,2026-01-05,
5497,M013477,2026-01-12,
5497,M013477,2026-01-19,
5497,M011086,2025-12-29,
5497,M011086,2026-01-05,
5497,M011086,2026-01-12,
5497,M011086,2026-01-19,
5497,M013220,2025-12-29,
5497,M013220,2026-01-05,
5497,M013220,2026-01-12,
5497,M013220,2026-01-19,
5497,M009050,2025-12-29,
5497,M009050,2026-01-05,
5497,M009050,2026-01-12,
5497,M009050,2026-01-19,
6659,M010676,2025-12-29,
6659,M010676,2026-01-05,
6659,M010676,2026-01-12,
6659,M010676,2026-01-19,
6659,M013294,2025-12-29,
6659,M013294,2026-01-05,
6659,M013294,2026-01-12,
6659,M013294,2026-01-19,
6659,M010771,2025-12-29,
6659,M010771,2026-01-05,
6659,M010771,2026-01-12,
6659,M010771,2026-01-19,
6659,M011339,2025-12-29,
6659,M011339,2026-01-05,
6659,M011339,2026-01-12,
6659,M011339,2026-01-19,
6659,M010038,2025-12-29,
6659,M010038,2026-01-05,
6659,M010038,2026-01-12,
6659,M010038,2026-01-19,
6659,M009898,2025-12-29,
6659,M009898,2026-01-05,
6659,M009898,2026-01-12,
6659,M009898,2026-01-19,
7058,M014013,2025-12-29,
7058,M014013,2026-01-05,
7058,M014013,2026-01-12,
7058,M014013,2026-01-19,
7058,M009072,2025-12-29,
7058,M009072,2026-01-05,
7058,M009072,2026-01-12,
7058,M009072,2026-01-19,
7058,M009970,2025-12-29,
7058,M009970,2026-01-05,
7058,M009970,2026-01-12,
7058,M009970,2026-01-19,
7058,M010200,2025-12-29,
7058,M010200,2026-01-05,
7058,M010200,2026-01-12,
7058,M010200,2026-01-19,
7058,M013477,2025-12-29,
7058,M013477,2026-01-05,
7058,M013477,2026-01-12,
7058,M013477,2026-01-19,
7058,M010038,2025-12-29,
7058,M010038,2026-01-05,
7058,M010038,2026-01-12,
7058,M010038,2026-01-19,
7058,M010862,2025-12-29,
7058,M010862,2026-01-05,
7058,M010862,2026-01-12,
7058,M010862,2026-01-19,
9024,M012665,2025-12-29,
9024,M012665,2026-01-05,
9024,M012665,2026-01-12,
9024,M012665,2026-01-19,
9024,M010532,2025-12-29,
9024,M010532,2026-01-05,
9024,M010532,2026-01-12,
9024,M010532,2026-01-19,
9024,M009648,2025-12-29,
9024,M009648,2026-01-05,
9024,M009648,2026-01-12,
9024,M009648,2026-01-19,
9024,M010862,2025-12-29,
9024,M010862,2026-01-05,
9024,M010862,2026-01-12,
9024,M010862,2026-01-19,
9024,M010200,2025-12-29,
9024,M010200,2026-01-05,
9024,M010200,2026-01-12,
9024,M010200,2026-01-19,
9024,M009594,2025-12-29,
9024,M009594,2026-01-05,
9024,M009594,2026-01-12,
9024,M009594,2026-01-19,
9024,M013220,2025-12-29,
9024,M013220,2026-01-05,
9024,M013220,2026-01-12,
9024,M013220,2026-01-19,
9205,M016641,2025-12-29,
9205,M016641,2026-01-05,
9205,M016641,2026-01-12,
9205,M016641,2026-01-19,
9205,M009630,2025-12-29,
9205,M009630,2026-01-05,
9205,M009630,2026-01-12,
9205,M009630,2026-01-19,
9205,M009364,2025-12-29,
9205,M009364,2026-01-05,
9205,M009364,2026-01-12,
9205,M009364,2026-01-19,
9205,M010082,2025-12-29,
9205,M010082,2026-01-05,
9205,M010082,2026-01-12,
9205,M010082,2026-01-19,
9205,M013962,2025-12-29,
9205,M013962,2026-01-05,
9205,M013962,2026-01-12,
9205,M013962,2026-01-19,
9205,M014771,2025-12-29,
9205,M014771,2026-01-05,
9205,M014771,2026-01-12,
9205,M014771,2026-01-19,
9205,M010132,2025-12-29,
9205,M010132,2026-01-05,
9205,M010132,2026-01-12,
9205,M010132,2026-01-19,
9205,M012115,2025-12-29,
9205,M012115,2026-01-05,
9205,M012115,2026-01-12,
9205,M012115,2026-01-19,
9544,M014013,2025-12-29,
9544,M014013,2026-01-05,
9544,M014013,2026-01-12,
9544,M014013,2026-01-19,
9544,M013294,2025-12-29,
9544,M013294,2026-01-05,
9544,M013294,2026-01-12,
9544,M013294,2026-01-19,
9544,M013962,2025-12-29,
9544,M013962,2026-01-05,
9544,M013962,2026-01-12,
9544,M013962,2026-01-19,
9544,M009364,2025-12-29,
9544,M009364,2026-01-05,
9544,M009364,2026-01-12,
9544,M009364,2026-01-19,
9544,M010532,2025-12-29,
9544,M010532,2026-01-05,
9544,M010532,2026-01-12,
9544,M010532,2026-01-19,
9544,M011232,2025-12-29,
9544,M011232,2026-01-05,
9544,M011232,2026-01-12,
9544,M011232,2026-01-19,
9544,M010862,2025-12-29,
9544,M010862,2026-01-05,
9544,M010862,2026-01-12,
9544,M010862,2026-01-19,
9544,M010676,2025-12-29,
9544,M010676,2026-01-05,
9544,M010676,2026-01-12,
9544,M010676,2026-01-19,
9544,M013086,2025-12-29,
9544,M013086,2026-01-05,
9544,M013086,2026-01-12,
9544,M013086,2026-01-19,
9544,M010079,2025-12-29,
9544,M010079,2026-01-05,
9544,M010079,2026-01-12,
9544,M010079,2026-01-19,
9544,M009970,2025-12-29,
9544,M009970,2026-01-05,
9544,M009970,2026-01-12,
9544,M009970,2026-01-19,
9544,M010208,2025-12-29,
9544,M010208,2026-01-05,
9544,M010208,2026-01-12,
9544,M010208,2026-01-19,
9544,M012860,2025-12-29,
9544,M012860,2026-01-05,
9544,M012860,2026-01-12,
9544,M012860,2026-01-19,
9557,M009072,2025-12-29,
9557,M009072,2026-01-05,
9557,M009072,2026-01-12,
9557,M009072,2026-01-19,
9557,M013962,2025-12-29,
9557,M013962,2026-01-05,
9557,M013962,2026-01-12,
9557,M013962,2026-01-19,
9557,M012706,2025-12-29,
9557,M012706,2026-01-05,
9557,M012706,2026-01-12,
9557,M012706,2026-01-19,
9557,M010082,2025-12-29,
9557,M010082,2026-01-05,
9557,M010082,2026-01-12,
9557,M010082,2026-01-19,
9557,M009542,2025-12-29,
9557,M009542,2026-01-05,
9557,M009542,2026-01-12,
9557,M009542,2026-01-19,
9557,M009648,2025-12-29,
9557,M009648,2026-01-05,
9557,M009648,2026-01-12,
9557,M009648,2026-01-19,
9557,M013294,2025-12-29,
9557,M013294,2026-01-05,
9557,M013294,2026-01-12,
9557,M013294,2026-01-19,
9557,M009651,2025-12-29,
9557,M009651,2026-01-05,
9557,M009651,2026-01-12,
9557,M009651,2026-01-19,
9557,M010862,2025-12-29,
9557,M010862,2026-01-05,
9557,M010862,2026-01-12,
9557,M010862,2026-01-19,
9557,M009630,2025-12-29,
9557,M009630,2026-01-05,
9557,M009630,2026-01-12,
9557,M009630,2026-01-19,
9557,M010771,2025-12-29,
9557,M010771,2026-01-05,
9557,M010771,2026-01-12,
9557,M010771,2026-01-19,
9557,M011339,2025-12-29,
9557,M011339,2026-01-05,
9557,M011339,2026-01-12,
9557,M011339,2026-01-19,
9557,M010788,2025-12-29,
9557,M010788,2026-01-05,
9557,M010788,2026-01-12,
9557,M010788,2026-01-19,
9557,M011232,2025-12-29,
9557,M011232,2026-01-05,
9557,M011232,2026-01-12,
9557,M011232,2026-01-19,
9557,M016641,2025-12-29,
9557,M016641,2026-01-05,
9557,M016641,2026-01-12,
9557,M016641,2026-01-19,
10350,M010079,2025-12-29,
10350,M010079,2026-01-05,
10350,M010079,2026-01-12,
10350,M010079,2026-01-19,
10350,M009284,2025-12-29,
10350,M009284,2026-01-05,
10350,M009284,2026-01-12,
10350,M009284,2026-01-19,
10350,M009542,2025-12-29,
10350,M009542,2026-01-05,
10350,M009542,2026-01-12,
10350,M009542,2026-01-19,
10350,M011339,2025-12-29,
10350,M011339,2026-01-05,
10350,M011339,2026-01-12,
10350,M011339,2026-01-19,
10350,M010132,2025-12-29,
10350,M010132,2026-01-05,
10350,M010132,2026-01-12,
10350,M010132,2026-01-19,
10350,M009630,2025-12-29,
10350,M009630,2026-01-05,
10350,M009630,2026-01-12,
10350,M009630,2026-01-19,
10350,M013294,2025-12-29,
10350,M013294,2026-01-05,
10350,M013294,2026-01-12,
10350,M013294,2026-01-19,
10350,M013086,2025-12-29,
10350,M013086,2026-01-05,
10350,M013086,2026-01-12,
10350,M013086,2026-01-19,
10350,M013459,2025-12-29,
10350,M013459,2026-01-05,
10350,M013459,2026-01-12,
10350,M013459,2026-01-19,
10350,M009594,2025-12-29,
10350,M009594,2026-01-05,
10350,M009594,2026-01-12,
10350,M009594,2026-01-19,
10350,M014013,2025-12-29,
10350,M014013,2026-01-05,
10350,M014013,2026-01-12,
10350,M014013,2026-01-19,
10350,M012115,2025-12-29,
10350,M012115,2026-01-05,
10350,M012115,2026-01-12,
10350,M012115,2026-01-19,
10350,M010200,2025-12-29,
10350,M010200,2026-01-05,
10350,M010200,2026-01-12,
10350,M010200,2026-01-19,
10350,M010184,2025-12-29,
10350,M010184,2026-01-05,
10350,M010184,2026-01-12,
10350,M010184,2026-01-19,
12944,M012665,2025-12-29,
12944,M012665,2026-01-05,
12944,M012665,2026-01-12,
12944,M012665,2026-01-19,
12944,M009651,2025-12-29,
12944,M009651,2026-01-05,
12944,M009651,2026-01-12,
12944,M009651,2026-01-19,
12944,M014013,2025-12-29,
12944,M014013,2026-01-05,
12944,M014013,2026-01-12,
12944,M014013,2026-01-19,
12944,M012706,2025-12-29,
12944,M012706,2026-01-05,
12944,M012706,2026-01-12,
12944,M012706,2026-01-19,
12944,M009648,2025-12-29,
12944,M009648,2026-01-05,
12944,M009648,2026-01-12,
12944,M009648,2026-01-19,
12944,M013477,2025-12-29,
12944,M013477,2026-01-05,
12944,M013477,2026-01-12,
12944,M013477,2026-01-19,
12944,M012860,2025-12-29,
12944,M012860,2026-01-05,
12944,M012860,2026-01-12,
12944,M012860,2026-01-19,
12944,M012115,2025-12-29,
12944,M012115,2026-01-05,
12944,M012115,2026-01-12,
12944,M012115,2026-01-19,
12944,M009284,2025-12-29,
12944,M009284,2026-01-05,
12944,M009284,2026-01-12,
12944,M009284,2026-01-19,
12944,M011232,2025-12-29,
12944,M011232,2026-01-05,
12944,M011232,2026-01-12,
12944,M011232,2026-01-19,
12944,M009364,2025-12-29,
12944,M009364,2026-01-05,
12944,M009364,2026-01-12,
12944,M009364,2026-01-19,
11486,M016641,2025-12-29,
11486,M016641,2026-01-05,
11486,M016641,2026-01-12,
11486,M016641,2026-01-19,
11486,M010676,2025-12-29,
11486,M010676,2026-01-05,
11486,M010676,2026-01-12,
11486,M010676,2026-01-19,
11486,M009364,2025-12-29,
11486,M009364,2026-01-05,
11486,M009364,2026-01-12,
11486,M009364,2026-01-19,
11486,M009648,2025-12-29,
11486,M009648,2026-01-05,
11486,M009648,2026-01-12,
11486,M009648,2026-01-19,
11486,M011086,2025-12-29,
11486,M011086,2026-01-05,
11486,M011086,2026-01-12,
11486,M011086,2026-01-19,
11486,M014013,2025-12-29,
11486,M014013,2026-01-05,
11486,M014013,2026-01-12,
11486,M014013,2026-01-19,
11486,M010132,2025-12-29,
11486,M010132,2026-01-05,
11486,M010132,2026-01-12,
11486,M010132,2026-01-19,
11486,M010788,2025-12-29,
11486,M010788,2026-01-05,
11486,M010788,2026-01-12,
11486,M010788,2026-01-19,
11486,M010862,2025-12-29,
11486,M010862,2026-01-05,
11486,M010862,2026-01-12,
11486,M010862,2026-01-19,
2082,M014771,2025-12-29,
2082,M014771,2026-01-05,
2082,M014771,2026-01-12,
2082,M014771,2026-01-19,
2082,M010184,2025-12-29,
2082,M010184,2026-01-05,
2082,M010184,2026-01-12,
2082,M010184,2026-01-19,
2082,M010788,2025-12-29,
2082,M010788,2026-01-05,
2082,M010788,2026-01-12,
2082,M010788,2026-01-19,
2082,M009284,2025-12-29,
2082,M009284,2026-01-05,
2082,M009284,2026-01-12,
2082,M009284,2026-01-19,
2082,M012706,2025-12-29,
2082,M012706,2026-01-05,
2082,M012706,2026-01-12,
2082,M012706,2026-01-19,
2082,M009542,2025-12-29,
2082,M009542,2026-01-05,
2082,M009542,2026-01-12,
2082,M009542,2026-01-19,
2082,M011339,2025-12-29,
2082,M011339,2026-01-05,
2082,M011339,2026-01-12,
2082,M011339,2026-01-19,
2082,M009364,2025-12-29,
2082,M009364,2026-01-05,
2082,M009364,2026-01-12,
2082,M009364,2026-01-19,
2082,M010079,2025-12-29,
2082,M010079,2026-01-05,
2082,M010079,2026-01-12,
2082,M010079,2026-01-19,
2082,M009648,2025-12-29,
2082,M009648,2026-01-05,
2082,M009648,2026-01-12,
2082,M009648,2026-01-19,
2082,M011075,2025-12-29,
2082,M011075,2026-01-05,
2082,M011075,2026-01-12,
2082,M011075,2026-01-19,
2210,M010532,2025-12-29,
2210,M010532,2026-01-05,
2210,M010532,2026-01-12,
2210,M010532,2026-01-19,
2210,M014013,2025-12-29,
2210,M014013,2026-01-05,
2210,M014013,2026-01-12,
2210,M014013,2026-01-19,
2210,M013477,2025-12-29,
2210,M013477,2026-01-05,
2210,M013477,2026-01-12,
2210,M013477,2026-01-19,
2210,M011086,2025-12-29,
2210,M011086,2026-01-05,
2210,M011086,2026-01-12,
2210,M011086,2026-01-19,
2210,M010079,2025-12-29,
2210,M010079,2026-01-05,
2210,M010079,2026-01-12,
2210,M010079,2026-01-19,
2210,M009898,2025-12-29,
2210,M009898,2026-01-05,
2210,M009898,2026-01-12,
2210,M009898,2026-01-19,
2210,M009630,2025-12-29,
2210,M009630,2026-01-05,
2210,M009630,2026-01-12,
2210,M009630,2026-01-19,
2210,M010676,2025-12-29,
2210,M010676,2026-01-05,
2210,M010676,2026-01-12,
2210,M010676,2026-01-19,
2210,M009371,2025-12-29,
2210,M009371,2026-01-05,
2210,M009371,2026-01-12,
2210,M009371,2026-01-19,
2210,M012115,2025-12-29,
2210,M012115,2026-01-05,
2210,M012115,2026-01-12,
2210,M012115,2026-01-19,
2210,M009364,2025-12-29,
2210,M009364,2026-01-05,
2210,M009364,2026-01-12,
2210,M009364,2026-01-19,
2210,M013962,2025-12-29,
2210,M013962,2026-01-05,
2210,M013962,2026-01-12,
2210,M013962,2026-01-19,
2210,M009518,2025-12-29,
2210,M009518,2026-01-05,
2210,M009518,2026-01-12,
2210,M009518,2026-01-19,
2210,M016350,2025-12-29,
2210,M016350,2026-01-05,
2210,M016350,2026-01-12,
2210,M016350,2026-01-19,
2818,M009542,2025-12-29,
2818,M009542,2026-01-05,
2818,M009542,2026-01-12,
2818,M009542,2026-01-19,
2818,M010208,2025-12-29,
2818,M010208,2026-01-05,
2818,M010208,2026-01-12,
2818,M010208,2026-01-19,
2818,M010532,2025-12-29,
2818,M010532,2026-01-05,
2818,M010532,2026-01-12,
2818,M010532,2026-01-19,
2818,M009050,2025-12-29,
2818,M009050,2026-01-05,
2818,M009050,2026-01-12,
2818,M009050,2026-01-19,
2818,M010082,2025-12-29,
2818,M010082,2026-01-05,
2818,M010082,2026-01-12,
2818,M010082,2026-01-19,
2818,M011339,2025-12-29,
2818,M011339,2026-01-05,
2818,M011339,2026-01-12,
2818,M011339,2026-01-19,
2818,M013477,2025-12-29,
2818,M013477,2026-01-05,
2818,M013477,2026-01-12,
2818,M013477,2026-01-19,
2818,M013459,2025-12-29,
2818,M013459,2026-01-05,
2818,M013459,2026-01-12,
2818,M013459,2026-01-19,
2818,M010868,2025-12-29,
2818,M010868,2026-01-05,
2818,M010868,2026-01-12,
2818,M010868,2026-01-19,
2818,M010788,2025-12-29,
2818,M010788,2026-01-05,
2818,M010788,2026-01-12,
2818,M010788,2026-01-19,
2818,M010075,2025-12-29,
2818,M010075,2026-01-05,
2818,M010075,2026-01-12,
2818,M010075,2026-01-19,
3606,M010079,2025-12-29,
3606,M010079,2026-01-05,
3606,M010079,2026-01-12,
3606,M010079,2026-01-19,
3606,M010882,2025-12-29,
3606,M010882,2026-01-05,
3606,M010882,2026-01-12,
3606,M010882,2026-01-19,
3606,M010075,2025-12-29,
3606,M010075,2026-01-05,
3606,M010075,2026-01-12,
3606,M010075,2026-01-19,
3606,M009072,2025-12-29,
3606,M009072,2026-01-05,
3606,M009072,2026-01-12,
3606,M009072,2026-01-19,
3606,M010676,2025-12-29,
3606,M010676,2026-01-05,
3606,M010676,2026-01-12,
3606,M010676,2026-01-19,
3606,M013477,2025-12-29,
3606,M013477,2026-01-05,
3606,M013477,2026-01-12,
3606,M013477,2026-01-19,
3606,M010204,2025-12-29,
3606,M010204,2026-01-05,
3606,M010204,2026-01-12,
3606,M010204,2026-01-19,
3606,M010184,2025-12-29,
3606,M010184,2026-01-05,
3606,M010184,2026-01-12,
3606,M010184,2026-01-19,
3606,M011232,2025-12-29,
3606,M011232,2026-01-05,
3606,M011232,2026-01-12,
3606,M011232,2026-01-19,
3606,M009371,2025-12-29,
3606,M009371,2026-01-05,
3606,M009371,2026-01-12,
3606,M009371,2026-01-19,
3606,M012860,2025-12-29,
3606,M012860,2026-01-05,
3606,M012860,2026-01-12,
3606,M012860,2026-01-19,
3606,M016641,2025-12-29,
3606,M016641,2026-01-05,
3606,M016641,2026-01-12,
3606,M016641,2026-01-19,
3606,M009518,2025-12-29,
3606,M009518,2026-01-05,
3606,M009518,2026-01-12,
3606,M009518,2026-01-19,
3606,M009594,2025-12-29,
3606,M009594,2026-01-05,
3606,M009594,2026-01-12,
3606,M009594,2026-01-19,
4790,M013086,2025-12-29,
4790,M013086,2026-01-05,
4790,M013086,2026-01-12,
4790,M013086,2026-01-19,
4790,M011075,2025-12-29,
4790,M011075,2026-01-05,
4790,M011075,2026-01-12,
4790,M011075,2026-01-19,
4790,M016311,2025-12-29,
4790,M016311,2026-01-05,
4790,M016311,2026-01-12,
4790,M016311,2026-01-19,
4790,M014013,2025-12-29,
4790,M014013,2026-01-05,
4790,M014013,2026-01-12,
4790,M014013,2026-01-19,
4790,M010868,2025-12-29,
4790,M010868,2026-01-05,
4790,M010868,2026-01-12,
4790,M010868,2026-01-19,
4790,M010184,2025-12-29,
4790,M010184,2026-01-05,
4790,M010184,2026-01-12,
4790,M010184,2026-01-19,
4790,M010204,2025-12-29,
4790,M010204,2026-01-05,
4790,M010204,2026-01-12,
4790,M010204,2026-01-19,
5036,M013962,2025-12-29,
5036,M013962,2026-01-05,
5036,M013962,2026-01-12,
5036,M013962,2026-01-19,
5036,M009364,2025-12-29,
5036,M009364,2026-01-05,
5036,M009364,2026-01-12,
5036,M009364,2026-01-19,
5036,M010132,2025-12-29,
5036,M010132,2026-01-05,
5036,M010132,2026-01-12,
5036,M010132,2026-01-19,
5036,M014771,2025-12-29,
5036,M014771,2026-01-05,
5036,M014771,2026-01-12,
5036,M014771,2026-01-19,
5036,M009050,2025-12-29,
5036,M009050,2026-01-05,
5036,M009050,2026-01-12,
5036,M009050,2026-01-19,
5036,M010676,2025-12-29,
5036,M010676,2026-01-05,
5036,M010676,2026-01-12,
5036,M010676,2026-01-19,
5036,M009594,2025-12-29,
5036,M009594,2026-01-05,
5036,M009594,2026-01-12,
5036,M009594,2026-01-19,
5036,M009970,2025-12-29,
5036,M009970,2026-01-05,
5036,M009970,2026-01-12,
5036,M009970,2026-01-19,
5036,M016641,2025-12-29,
5036,M016641,2026-01-05,
5036,M016641,2026-01-12,
5036,M016641,2026-01-19,
5036,M010038,2025-12-29,
5036,M010038,2026-01-05,
5036,M010038,2026-01-12,
5036,M010038,2026-01-19,
5036,M009651,2025-12-29,
5036,M009651,2026-01-05,
5036,M009651,2026-01-12,
5036,M009651,2026-01-19,
5036,M011086,2025-12-29,
5036,M011086,2026-01-05,
5036,M011086,2026-01-12,
5036,M011086,2026-01-19,
5272,M010038,2025-12-29,
5272,M010038,2026-01-05,
5272,M010038,2026-01-12,
5272,M010038,2026-01-19,
5272,M009898,2025-12-29,
5272,M009898,2026-01-05,
5272,M009898,2026-01-12,
5272,M009898,2026-01-19,
5272,M010079,2025-12-29,
5272,M010079,2026-01-05,
5272,M010079,2026-01-12,
5272,M010079,2026-01-19,
5272,M010200,2025-12-29,
5272,M010200,2026-01-05,
5272,M010200,2026-01-12,
5272,M010200,2026-01-19,
5272,M010075,2025-12-29,
5272,M010075,2026-01-05,
5272,M010075,2026-01-12,
5272,M010075,2026-01-19,
5272,M011339,2025-12-29,
5272,M011339,2026-01-05,
5272,M011339,2026-01-12,
5272,M011339,2026-01-19,
5272,M016311,2025-12-29,
5272,M016311,2026-01-05,
5272,M016311,2026-01-12,
5272,M016311,2026-01-19,
5272,M013086,2025-12-29,
5272,M013086,2026-01-05,
5272,M013086,2026-01-12,
5272,M013086,2026-01-19,
5272,M016641,2025-12-29,
5272,M016641,2026-01-05,
5272,M016641,2026-01-12,
5272,M016641,2026-01-19,
5272,M010868,2025-12-29,
5272,M010868,2026-01-05,
5272,M010868,2026-01-12,
5272,M010868,2026-01-19,
6157,M009284,2025-12-29,
6157,M009284,2026-01-05,
6157,M009284,2026-01-12,
6157,M009284,2026-01-19,
6157,M014771,2025-12-29,
6157,M014771,2026-01-05,
6157,M014771,2026-01-12,
6157,M014771,2026-01-19,
6157,M012706,2025-12-29,
6157,M012706,2026-01-05,
6157,M012706,2026-01-12,
6157,M012706,2026-01-19,
6157,M009072,2025-12-29,
6157,M009072,2026-01-05,
6157,M009072,2026-01-12,
6157,M009072,2026-01-19,
6157,M012115,2025-12-29,
6157,M012115,2026-01-05,
6157,M012115,2026-01-12,
6157,M012115,2026-01-19,
6157,M010771,2025-12-29,
6157,M010771,2026-01-05,
6157,M010771,2026-01-12,
6157,M010771,2026-01-19,
6157,M009898,2025-12-29,
6157,M009898,2026-01-05,
6157,M009898,2026-01-12,
6157,M009898,2026-01-19,
6157,M010676,2025-12-29,
6157,M010676,2026-01-05,
6157,M010676,2026-01-12,
6157,M010676,2026-01-19,
6157,M013459,2025-12-29,
6157,M013459,2026-01-05,
6157,M013459,2026-01-12,
6157,M013459,2026-01-19,
6157,M009648,2025-12-29,
6157,M009648,2026-01-05,
6157,M009648,2026-01-12,
6157,M009648,2026-01-19,
6162,M009594,2025-12-29,
6162,M009594,2026-01-05,
6162,M009594,2026-01-12,
6162,M009594,2026-01-19,
6162,M009648,2025-12-29,
6162,M009648,2026-01-05,
6162,M009648,2026-01-12,
6162,M009648,2026-01-19,
6162,M009072,2025-12-29,
6162,M009072,2026-01-05,
6162,M009072,2026-01-12,
6162,M009072,2026-01-19,
6162,M010079,2025-12-29,
6162,M010079,2026-01-05,
6162,M010079,2026-01-12,
6162,M010079,2026-01-19,
6162,M011339,2025-12-29,
6162,M011339,2026-01-05,
6162,M011339,2026-01-12,
6162,M011339,2026-01-19,
6162,M012706,2025-12-29,
6162,M012706,2026-01-05,
6162,M012706,2026-01-12,
6162,M012706,2026-01-19,
6162,M010253,2025-12-29,
6162,M010253,2026-01-05,
6162,M010253,2026-01-12,
6162,M010253,2026-01-19,
6162,M010862,2025-12-29,
6162,M010862,2026-01-05,
6162,M010862,2026-01-12,
6162,M010862,2026-01-19,
6162,M009050,2025-12-29,
6162,M009050,2026-01-05,
6162,M009050,2026-01-12,
6162,M009050,2026-01-19,
6211,M016350,2025-12-29,
6211,M016350,2026-01-05,
6211,M016350,2026-01-12,
6211,M016350,2026-01-19,
6211,M012860,2025-12-29,
6211,M012860,2026-01-05,
6211,M012860,2026-01-12,
6211,M012860,2026-01-19,
6211,M009630,2025-12-29,
6211,M009630,2026-01-05,
6211,M009630,2026-01-12,
6211,M009630,2026-01-19,
6211,M009050,2025-12-29,
6211,M009050,2026-01-05,
6211,M009050,2026-01-12,
6211,M009050,2026-01-19,
6211,M011232,2025-12-29,
6211,M011232,2026-01-05,
6211,M011232,2026-01-12,
6211,M011232,2026-01-19,
6211,M012115,2025-12-29,
6211,M012115,2026-01-05,
6211,M012115,2026-01-12,
6211,M012115,2026-01-19,
6211,M010453,2025-12-29,
6211,M010453,2026-01-05,
6211,M010453,2026-01-12,
6211,M010453,2026-01-19,
6211,M010862,2025-12-29,
6211,M010862,2026-01-05,
6211,M010862,2026-01-12,
6211,M010862,2026-01-19,
6211,M009518,2025-12-29,
6211,M009518,2026-01-05,
6211,M009518,2026-01-12,
6211,M009518,2026-01-19,
6211,M010184,2025-12-29,
6211,M010184,2026-01-05,
6211,M010184,2026-01-12,
6211,M010184,2026-01-19,
6211,M011075,2025-12-29,
6211,M011075,2026-01-05,
6211,M011075,2026-01-12,
6211,M011075,2026-01-19,
6211,M010075,2025-12-29,
6211,M010075,2026-01-05,
6211,M010075,2026-01-12,
6211,M010075,2026-01-19,
6211,M010788,2025-12-29,
6211,M010788,2026-01-05,
6211,M010788,2026-01-12,
6211,M010788,2026-01-19,
6211,M016311,2025-12-29,
6211,M016311,2026-01-05,
6211,M016311,2026-01-12,
6211,M016311,2026-01-19,
6211,M013477,2025-12-29,
6211,M013477,2026-01-05,
6211,M013477,2026-01-12,
6211,M013477,2026-01-19,
6211,M013220,2025-12-29,
6211,M013220,2026-01-05,
6211,M013220,2026-01-12,
6211,M013220,2026-01-19,
6211,M011086,2025-12-29,
6211,M011086,2026-01-05,
6211,M011086,2026-01-12,
6211,M011086,2026-01-19,
6211,M009970,2025-12-29,
6211,M009970,2026-01-05,
6211,M009970,2026-01-12,
6211,M009970,2026-01-19,
6211,M011339,2025-12-29,
6211,M011339,2026-01-05,
6211,M011339,2026-01-12,
6211,M011339,2026-01-19,
6211,M013086,2025-12-29,
6211,M013086,2026-01-05,
6211,M013086,2026-01-12,
6211,M013086,2026-01-19,
6211,M012706,2025-12-29,
6211,M012706,2026-01-05,
6211,M012706,2026-01-12,
6211,M012706,2026-01-19,
6211,M010771,2025-12-29,
6211,M010771,2026-01-05,
6211,M010771,2026-01-12,
6211,M010771,2026-01-19,
6211,M010038,2025-12-29,
6211,M010038,2026-01-05,
6211,M010038,2026-01-12,
6211,M010038,2026-01-19,
6211,M010882,2025-12-29,
6211,M010882,2026-01-05,
6211,M010882,2026-01-12,
6211,M010882,2026-01-19,
6211,M012665,2025-12-29,
6211,M012665,2026-01-05,
6211,M012665,2026-01-12,
6211,M012665,2026-01-19,
6211,M014771,2025-12-29,
6211,M014771,2026-01-05,
6211,M014771,2026-01-12,
6211,M014771,2026-01-19,
6211,M009072,2025-12-29,
6211,M009072,2026-01-05,
6211,M009072,2026-01-12,
6211,M009072,2026-01-19,
6211,M010253,2025-12-29,
6211,M010253,2026-01-05,
6211,M010253,2026-01-12,
6211,M010253,2026-01-19,
6211,M009371,2025-12-29,
6211,M009371,2026-01-05,
6211,M009371,2026-01-12,
6211,M009371,2026-01-19,
6211,M010868,2025-12-29,
6211,M010868,2026-01-05,
6211,M010868,2026-01-12,
6211,M010868,2026-01-19,
6211,M010204,2025-12-29,
6211,M010204,2026-01-05,
6211,M010204,2026-01-12,
6211,M010204,2026-01-19,
6211,M014013,2025-12-29,
6211,M014013,2026-01-05,
6211,M014013,2026-01-12,
6211,M014013,2026-01-19,
6211,M009542,2025-12-29,
6211,M009542,2026-01-05,
6211,M009542,2026-01-12,
6211,M009542,2026-01-19,
6211,M009651,2025-12-29,
6211,M009651,2026-01-05,
6211,M009651,2026-01-12,
6211,M009651,2026-01-19,
6211,M013459,2025-12-29,
6211,M013459,2026-01-05,
6211,M013459,2026-01-12,
6211,M013459,2026-01-19,
6211,M010676,2025-12-29,
6211,M010676,2026-01-05,
6211,M010676,2026-01-12,
6211,M010676,2026-01-19,
6211,M009594,2025-12-29,
6211,M009594,2026-01-05,
6211,M009594,2026-01-12,
6211,M009594,2026-01-19,
6253,M009594,2025-12-29,
6253,M009594,2026-01-05,
6253,M009594,2026-01-12,
6253,M009594,2026-01-19,
6253,M012706,2025-12-29,
6253,M012706,2026-01-05,
6253,M012706,2026-01-12,
6253,M012706,2026-01-19,
6253,M013459,2025-12-29,
6253,M013459,2026-01-05,
6253,M013459,2026-01-12,
6253,M013459,2026-01-19,
6253,M013962,2025-12-29,
6253,M013962,2026-01-05,
6253,M013962,2026-01-12,
6253,M013962,2026-01-19,
6253,M010788,2025-12-29,
6253,M010788,2026-01-05,
6253,M010788,2026-01-12,
6253,M010788,2026-01-19,
6253,M010771,2025-12-29,
6253,M010771,2026-01-05,
6253,M010771,2026-01-12,
6253,M010771,2026-01-19,
6253,M009898,2025-12-29,
6253,M009898,2026-01-05,
6253,M009898,2026-01-12,
6253,M009898,2026-01-19,
6295,M009594,2025-12-29,
6295,M009594,2026-01-05,
6295,M009594,2026-01-12,
6295,M009594,2026-01-19,
6295,M010788,2025-12-29,
6295,M010788,2026-01-05,
6295,M010788,2026-01-12,
6295,M010788,2026-01-19,
6295,M013086,2025-12-29,
6295,M013086,2026-01-05,
6295,M013086,2026-01-12,
6295,M013086,2026-01-19,
6295,M014771,2025-12-29,
6295,M014771,2026-01-05,
6295,M014771,2026-01-12,
6295,M014771,2026-01-19,
6295,M013459,2025-12-29,
6295,M013459,2026-01-05,
6295,M013459,2026-01-12,
6295,M013459,2026-01-19,
6295,M010253,2025-12-29,
6295,M010253,2026-01-05,
6295,M010253,2026-01-12,
6295,M010253,2026-01-19,
6295,M009072,2025-12-29,
6295,M009072,2026-01-05,
6295,M009072,2026-01-12,
6295,M009072,2026-01-19,
6295,M010079,2025-12-29,
6295,M010079,2026-01-05,
6295,M010079,2026-01-12,
6295,M010079,2026-01-19,
6295,M009648,2025-12-29,
6295,M009648,2026-01-05,
6295,M009648,2026-01-12,
6295,M009648,2026-01-19,
6295,M009542,2025-12-29,
6295,M009542,2026-01-05,
6295,M009542,2026-01-12,
6295,M009542,2026-01-19,
6295,M009284,2025-12-29,
6295,M009284,2026-01-05,
6295,M009284,2026-01-12,
6295,M009284,2026-01-19,
6295,M012665,2025-12-29,
6295,M012665,2026-01-05,
6295,M012665,2026-01-12,
6295,M012665,2026-01-19,
6295,M009898,2025-12-29,
6295,M009898,2026-01-05,
6295,M009898,2026-01-12,
6295,M009898,2026-01-19,
6309,M014013,2025-12-29,
6309,M014013,2026-01-05,
6309,M014013,2026-01-12,
6309,M014013,2026-01-19,
6309,M009050,2025-12-29,
6309,M009050,2026-01-05,
6309,M009050,2026-01-12,
6309,M009050,2026-01-19,
6309,M010082,2025-12-29,
6309,M010082,2026-01-05,
6309,M010082,2026-01-12,
6309,M010082,2026-01-19,
6309,M011075,2025-12-29,
6309,M011075,2026-01-05,
6309,M011075,2026-01-12,
6309,M011075,2026-01-19,
6309,M010253,2025-12-29,
6309,M010253,2026-01-05,
6309,M010253,2026-01-12,
6309,M010253,2026-01-19,
6309,M010882,2025-12-29,
6309,M010882,2026-01-05,
6309,M010882,2026-01-12,
6309,M010882,2026-01-19,
6309,M010676,2025-12-29,
6309,M010676,2026-01-05,
6309,M010676,2026-01-12,
6309,M010676,2026-01-19,
6309,M009651,2025-12-29,
6309,M009651,2026-01-05,
6309,M009651,2026-01-12,
6309,M009651,2026-01-19,
6309,M013962,2025-12-29,
6309,M013962,2026-01-05,
6309,M013962,2026-01-12,
6309,M013962,2026-01-19,
6309,M010771,2025-12-29,
6309,M010771,2026-01-05,
6309,M010771,2026-01-12,
6309,M010771,2026-01-19,
6309,M016350,2025-12-29,
6309,M016350,2026-01-05,
6309,M016350,2026-01-12,
6309,M016350,2026-01-19,
6309,M009630,2025-12-29,
6309,M009630,2026-01-05,
6309,M009630,2026-01-12,
6309,M009630,2026-01-19,
6309,M009072,2025-12-29,
6309,M009072,2026-01-05,
6309,M009072,2026-01-12,
6309,M009072,2026-01-19,
6309,M009371,2025-12-29,
6309,M009371,2026-01-05,
6309,M009371,2026-01-12,
6309,M009371,2026-01-19,
6309,M013086,2025-12-29,
6309,M013086,2026-01-05,
6309,M013086,2026-01-12,
6309,M013086,2026-01-19,
6309,M009518,2025-12-29,
6309,M009518,2026-01-05,
6309,M009518,2026-01-12,
6309,M009518,2026-01-19,
6309,M009970,2025-12-29,
6309,M009970,2026-01-05,
6309,M009970,2026-01-12,
6309,M009970,2026-01-19,
6309,M013220,2025-12-29,
6309,M013220,2026-01-05,
6309,M013220,2026-01-12,
6309,M013220,2026-01-19,
6309,M012115,2025-12-29,
6309,M012115,2026-01-05,
6309,M012115,2026-01-12,
6309,M012115,2026-01-19,
6309,M011232,2025-12-29,
6309,M011232,2026-01-05,
6309,M011232,2026-01-12,
6309,M011232,2026-01-19,
6309,M010075,2025-12-29,
6309,M010075,2026-01-05,
6309,M010075,2026-01-12,
6309,M010075,2026-01-19,
6309,M010204,2025-12-29,
6309,M010204,2026-01-05,
6309,M010204,2026-01-12,
6309,M010204,2026-01-19,
6309,M009648,2025-12-29,
6309,M009648,2026-01-05,
6309,M009648,2026-01-12,
6309,M009648,2026-01-19,
6309,M010132,2025-12-29,
6309,M010132,2026-01-05,
6309,M010132,2026-01-12,
6309,M010132,2026-01-19,
6309,M012665,2025-12-29,
6309,M012665,2026-01-05,
6309,M012665,2026-01-12,
6309,M012665,2026-01-19,
6309,M010184,2025-12-29,
6309,M010184,2026-01-05,
6309,M010184,2026-01-12,
6309,M010184,2026-01-19,
6316,M010200,2025-12-29,
6316,M010200,2026-01-05,
6316,M010200,2026-01-12,
6316,M010200,2026-01-19,
6316,M009542,2025-12-29,
6316,M009542,2026-01-05,
6316,M009542,2026-01-12,
6316,M009542,2026-01-19,
6316,M014771,2025-12-29,
6316,M014771,2026-01-05,
6316,M014771,2026-01-12,
6316,M014771,2026-01-19,
6316,M010208,2025-12-29,
6316,M010208,2026-01-05,
6316,M010208,2026-01-12,
6316,M010208,2026-01-19,
6316,M010453,2025-12-29,
6316,M010453,2026-01-05,
6316,M010453,2026-01-12,
6316,M010453,2026-01-19,
6316,M009364,2025-12-29,
6316,M009364,2026-01-05,
6316,M009364,2026-01-12,
6316,M009364,2026-01-19,
6316,M010184,2025-12-29,
6316,M010184,2026-01-05,
6316,M010184,2026-01-12,
6316,M010184,2026-01-19,
6343,M013086,2025-12-29,
6343,M013086,2026-01-05,
6343,M013086,2026-01-12,
6343,M013086,2026-01-19,
6343,M010868,2025-12-29,
6343,M010868,2026-01-05,
6343,M010868,2026-01-12,
6343,M010868,2026-01-19,
6343,M010208,2025-12-29,
6343,M010208,2026-01-05,
6343,M010208,2026-01-12,
6343,M010208,2026-01-19,
6343,M009050,2025-12-29,
6343,M009050,2026-01-05,
6343,M009050,2026-01-12,
6343,M009050,2026-01-19,
6343,M010862,2025-12-29,
6343,M010862,2026-01-05,
6343,M010862,2026-01-12,
6343,M010862,2026-01-19,
6416,M013477,2025-12-29,
6416,M013477,2026-01-05,
6416,M013477,2026-01-12,
6416,M013477,2026-01-19,
6416,M009542,2025-12-29,
6416,M009542,2026-01-05,
6416,M009542,2026-01-12,
6416,M009542,2026-01-19,
6416,M009970,2025-12-29,
6416,M009970,2026-01-05,
6416,M009970,2026-01-12,
6416,M009970,2026-01-19,
6416,M014013,2025-12-29,
6416,M014013,2026-01-05,
6416,M014013,2026-01-12,
6416,M014013,2026-01-19,
6416,M010253,2025-12-29,
6416,M010253,2026-01-05,
6416,M010253,2026-01-12,
6416,M010253,2026-01-19,
6416,M013220,2025-12-29,
6416,M013220,2026-01-05,
6416,M013220,2026-01-12,
6416,M013220,2026-01-19,
6416,M010532,2025-12-29,
6416,M010532,2026-01-05,
6416,M010532,2026-01-12,
6416,M010532,2026-01-19,
6416,M011232,2025-12-29,
6416,M011232,2026-01-05,
6416,M011232,2026-01-12,
6416,M011232,2026-01-19,
6416,M009364,2025-12-29,
6416,M009364,2026-01-05,
6416,M009364,2026-01-12,
6416,M009364,2026-01-19,
6416,M010200,2025-12-29,
6416,M010200,2026-01-05,
6416,M010200,2026-01-12,
6416,M010200,2026-01-19,
6416,M009284,2025-12-29,
6416,M009284,2026-01-05,
6416,M009284,2026-01-12,
6416,M009284,2026-01-19,
6416,M009898,2025-12-29,
6416,M009898,2026-01-05,
6416,M009898,2026-01-12,
6416,M009898,2026-01-19,
6416,M011339,2025-12-29,
6416,M011339,2026-01-05,
6416,M011339,2026-01-12,
6416,M011339,2026-01-19,
6578,M010082,2025-12-29,
6578,M010082,2026-01-05,
6578,M010082,2026-01-12,
6578,M010082,2026-01-19,
6578,M014013,2025-12-29,
6578,M014013,2026-01-05,
6578,M014013,2026-01-12,
6578,M014013,2026-01-19,
6578,M009970,2025-12-29,
6578,M009970,2026-01-05,
6578,M009970,2026-01-12,
6578,M009970,2026-01-19,
6578,M013294,2025-12-29,
6578,M013294,2026-01-05,
6578,M013294,2026-01-12,
6578,M013294,2026-01-19,
6578,M010862,2025-12-29,
6578,M010862,2026-01-05,
6578,M010862,2026-01-12,
6578,M010862,2026-01-19,
6578,M009072,2025-12-29,
6578,M009072,2026-01-05,
6578,M009072,2026-01-12,
6578,M009072,2026-01-19,
6578,M012860,2025-12-29,
6578,M012860,2026-01-05,
6578,M012860,2026-01-12,
6578,M012860,2026-01-19,
6578,M009364,2025-12-29,
6578,M009364,2026-01-05,
6578,M009364,2026-01-12,
6578,M009364,2026-01-19,
6578,M010184,2025-12-29,
6578,M010184,2026-01-05,
6578,M010184,2026-01-12,
6578,M010184,2026-01-19,
6578,M010788,2025-12-29,
6578,M010788,2026-01-05,
6578,M010788,2026-01-12,
6578,M010788,2026-01-19,
6578,M009284,2025-12-29,
6578,M009284,2026-01-05,
6578,M009284,2026-01-12,
6578,M009284,2026-01-19,
6578,M010453,2025-12-29,
6578,M010453,2026-01-05,
6578,M010453,2026-01-12,
6578,M010453,2026-01-19,
6578,M010868,2025-12-29,
6578,M010868,2026-01-05,
6578,M010868,2026-01-12,
6578,M010868,2026-01-19,
6578,M009542,2025-12-29,
6578,M009542,2026-01-05,
6578,M009542,2026-01-12,
6578,M009542,2026-01-19,
6578,M010771,2025-12-29,
6578,M010771,2026-01-05,
6578,M010771,2026-01-12,
6578,M010771,2026-01-19,
6925,M011339,2025-12-29,
6925,M011339,2026-01-05,
6925,M011339,2026-01-12,
6925,M011339,2026-01-19,
6925,M009594,2025-12-29,
6925,M009594,2026-01-05,
6925,M009594,2026-01-12,
6925,M009594,2026-01-19,
6925,M010676,2025-12-29,
6925,M010676,2026-01-05,
6925,M010676,2026-01-12,
6925,M010676,2026-01-19,
6925,M013477,2025-12-29,
6925,M013477,2026-01-05,
6925,M013477,2026-01-12,
6925,M013477,2026-01-19,
6925,M010208,2025-12-29,
6925,M010208,2026-01-05,
6925,M010208,2026-01-12,
6925,M010208,2026-01-19,
7931,M010862,2025-12-29,
7931,M010862,2026-01-05,
7931,M010862,2026-01-12,
7931,M010862,2026-01-19,
7931,M012115,2025-12-29,
7931,M012115,2026-01-05,
7931,M012115,2026-01-12,
7931,M012115,2026-01-19,
7931,M014771,2025-12-29,
7931,M014771,2026-01-05,
7931,M014771,2026-01-12,
7931,M014771,2026-01-19,
7931,M012665,2025-12-29,
7931,M012665,2026-01-05,
7931,M012665,2026-01-12,
7931,M012665,2026-01-19,
7931,M010200,2025-12-29,
7931,M010200,2026-01-05,
7931,M010200,2026-01-12,
7931,M010200,2026-01-19,
7931,M010868,2025-12-29,
7931,M010868,2026-01-05,
7931,M010868,2026-01-12,
7931,M010868,2026-01-19,
7931,M012860,2025-12-29,
7931,M012860,2026-01-05,
7931,M012860,2026-01-12,
7931,M012860,2026-01-19,
7931,M009072,2025-12-29,
7931,M009072,2026-01-05,
7931,M009072,2026-01-12,
7931,M009072,2026-01-19,
7931,M010532,2025-12-29,
7931,M010532,2026-01-05,
7931,M010532,2026-01-12,
7931,M010532,2026-01-19,
8773,M009284,2025-12-29,
8773,M009284,2026-01-05,
8773,M009284,2026-01-12,
8773,M009284,2026-01-19,
8773,M009651,2025-12-29,
8773,M009651,2026-01-05,
8773,M009651,2026-01-12,
8773,M009651,2026-01-19,
8773,M016641,2025-12-29,
8773,M016641,2026-01-05,
8773,M016641,2026-01-12,
8773,M016641,2026-01-19,
8773,M014771,2025-12-29,
8773,M014771,2026-01-05,
8773,M014771,2026-01-12,
8773,M014771,2026-01-19,
8773,M010771,2025-12-29,
8773,M010771,2026-01-05,
8773,M010771,2026-01-12,
8773,M010771,2026-01-19,
8773,M009898,2025-12-29,
8773,M009898,2026-01-05,
8773,M009898,2026-01-12,
8773,M009898,2026-01-19,
8773,M009364,2025-12-29,
8773,M009364,2026-01-05,
8773,M009364,2026-01-12,
8773,M009364,2026-01-19,
8773,M012665,2025-12-29,
8773,M012665,2026-01-05,
8773,M012665,2026-01-12,
8773,M012665,2026-01-19,
8773,M010868,2025-12-29,
8773,M010868,2026-01-05,
8773,M010868,2026-01-12,
8773,M010868,2026-01-19,
8952,M012665,2025-12-29,
8952,M012665,2026-01-05,
8952,M012665,2026-01-12,
8952,M012665,2026-01-19,
8952,M009651,2025-12-29,
8952,M009651,2026-01-05,
8952,M009651,2026-01-12,
8952,M009651,2026-01-19,
8952,M009072,2025-12-29,
8952,M009072,2026-01-05,
8952,M009072,2026-01-12,
8952,M009072,2026-01-19,
8952,M011232,2025-12-29,
8952,M011232,2026-01-05,
8952,M011232,2026-01-12,
8952,M011232,2026-01-19,
8952,M009648,2025-12-29,
8952,M009648,2026-01-05,
8952,M009648,2026-01-12,
8952,M009648,2026-01-19,
8952,M013962,2025-12-29,
8952,M013962,2026-01-05,
8952,M013962,2026-01-12,
8952,M013962,2026-01-19,
8952,M013459,2025-12-29,
8952,M013459,2026-01-05,
8952,M013459,2026-01-12,
8952,M013459,2026-01-19,
8952,M010079,2025-12-29,
8952,M010079,2026-01-05,
8952,M010079,2026-01-12,
8952,M010079,2026-01-19,
8952,M009364,2025-12-29,
8952,M009364,2026-01-05,
8952,M009364,2026-01-12,
8952,M009364,2026-01-19,
8952,M014771,2025-12-29,
8952,M014771,2026-01-05,
8952,M014771,2026-01-12,
8952,M014771,2026-01-19,
8952,M016641,2025-12-29,
8952,M016641,2026-01-05,
8952,M016641,2026-01-12,
8952,M016641,2026-01-19,
8952,M010253,2025-12-29,
8952,M010253,2026-01-05,
8952,M010253,2026-01-12,
8952,M010253,2026-01-19,
8952,M010208,2025-12-29,
8952,M010208,2026-01-05,
8952,M010208,2026-01-12,
8952,M010208,2026-01-19,
8952,M009284,2025-12-29,
8952,M009284,2026-01-05,
8952,M009284,2026-01-12,
8952,M009284,2026-01-19,
8952,M013294,2025-12-29,
8952,M013294,2026-01-05,
8952,M013294,2026-01-12,
8952,M013294,2026-01-19,
8953,M009072,2025-12-29,
8953,M009072,2026-01-05,
8953,M009072,2026-01-12,
8953,M009072,2026-01-19,
8953,M010079,2025-12-29,
8953,M010079,2026-01-05,
8953,M010079,2026-01-12,
8953,M010079,2026-01-19,
8953,M009284,2025-12-29,
8953,M009284,2026-01-05,
8953,M009284,2026-01-12,
8953,M009284,2026-01-19,
8953,M013962,2025-12-29,
8953,M013962,2026-01-05,
8953,M013962,2026-01-12,
8953,M013962,2026-01-19,
8953,M010532,2025-12-29,
8953,M010532,2026-01-05,
8953,M010532,2026-01-12,
8953,M010532,2026-01-19,
8953,M009364,2025-12-29,
8953,M009364,2026-01-05,
8953,M009364,2026-01-12,
8953,M009364,2026-01-19,
8953,M009648,2025-12-29,
8953,M009648,2026-01-05,
8953,M009648,2026-01-12,
8953,M009648,2026-01-19,
8953,M009050,2025-12-29,
8953,M009050,2026-01-05,
8953,M009050,2026-01-12,
8953,M009050,2026-01-19,
8953,M010082,2025-12-29,
8953,M010082,2026-01-05,
8953,M010082,2026-01-12,
8953,M010082,2026-01-19,
8953,M014013,2025-12-29,
8953,M014013,2026-01-05,
8953,M014013,2026-01-12,
8953,M014013,2026-01-19,
8953,M012860,2025-12-29,
8953,M012860,2026-01-05,
8953,M012860,2026-01-12,
8953,M012860,2026-01-19,
8953,M009651,2025-12-29,
8953,M009651,2026-01-05,
8953,M009651,2026-01-12,
8953,M009651,2026-01-19,
8953,M009542,2025-12-29,
8953,M009542,2026-01-05,
8953,M009542,2026-01-12,
8953,M009542,2026-01-19,
8953,M010184,2025-12-29,
8953,M010184,2026-01-05,
8953,M010184,2026-01-12,
8953,M010184,2026-01-19,
8953,M013086,2025-12-29,
8953,M013086,2026-01-05,
8953,M013086,2026-01-12,
8953,M013086,2026-01-19,
8977,M013086,2025-12-29,
8977,M013086,2026-01-05,
8977,M013086,2026-01-12,
8977,M013086,2026-01-19,
8977,M013220,2025-12-29,
8977,M013220,2026-01-05,
8977,M013220,2026-01-12,
8977,M013220,2026-01-19,
8977,M014013,2025-12-29,
8977,M014013,2026-01-05,
8977,M014013,2026-01-12,
8977,M014013,2026-01-19,
8977,M009651,2025-12-29,
8977,M009651,2026-01-05,
8977,M009651,2026-01-12,
8977,M009651,2026-01-19,
8977,M011232,2025-12-29,
8977,M011232,2026-01-05,
8977,M011232,2026-01-12,
8977,M011232,2026-01-19,
8977,M010771,2025-12-29,
8977,M010771,2026-01-05,
8977,M010771,2026-01-12,
8977,M010771,2026-01-19,
8977,M011086,2025-12-29,
8977,M011086,2026-01-05,
8977,M011086,2026-01-12,
8977,M011086,2026-01-19,
8977,M010082,2025-12-29,
8977,M010082,2026-01-05,
8977,M010082,2026-01-12,
8977,M010082,2026-01-19,
8977,M009594,2025-12-29,
8977,M009594,2026-01-05,
8977,M009594,2026-01-12,
8977,M009594,2026-01-19,
8977,M014771,2025-12-29,
8977,M014771,2026-01-05,
8977,M014771,2026-01-12,
8977,M014771,2026-01-19,
8977,M012860,2025-12-29,
8977,M012860,2026-01-05,
8977,M012860,2026-01-12,
8977,M012860,2026-01-19,
8977,M013459,2025-12-29,
8977,M013459,2026-01-05,
8977,M013459,2026-01-12,
8977,M013459,2026-01-19,
8977,M010200,2025-12-29,
8977,M010200,2026-01-05,
8977,M010200,2026-01-12,
8977,M010200,2026-01-19,
9017,M010079,2025-12-29,
9017,M010079,2026-01-05,
9017,M010079,2026-01-12,
9017,M010079,2026-01-19,
9017,M013220,2025-12-29,
9017,M013220,2026-01-05,
9017,M013220,2026-01-12,
9017,M013220,2026-01-19,
9017,M011086,2025-12-29,
9017,M011086,2026-01-05,
9017,M011086,2026-01-12,
9017,M011086,2026-01-19,
9017,M010082,2025-12-29,
9017,M010082,2026-01-05,
9017,M010082,2026-01-12,
9017,M010082,2026-01-19,
9017,M010038,2025-12-29,
9017,M010038,2026-01-05,
9017,M010038,2026-01-12,
9017,M010038,2026-01-19,
9017,M010788,2025-12-29,
9017,M010788,2026-01-05,
9017,M010788,2026-01-12,
9017,M010788,2026-01-19,
9017,M010184,2025-12-29,
9017,M010184,2026-01-05,
9017,M010184,2026-01-12,
9017,M010184,2026-01-19,
9017,M010676,2025-12-29,
9017,M010676,2026-01-05,
9017,M010676,2026-01-12,
9017,M010676,2026-01-19,
9017,M009364,2025-12-29,
9017,M009364,2026-01-05,
9017,M009364,2026-01-12,
9017,M009364,2026-01-19,
9017,M009072,2025-12-29,
9017,M009072,2026-01-05,
9017,M009072,2026-01-12,
9017,M009072,2026-01-19,
9220,M009630,2025-12-29,
9220,M009630,2026-01-05,
9220,M009630,2026-01-12,
9220,M009630,2026-01-19,
9220,M009594,2025-12-29,
9220,M009594,2026-01-05,
9220,M009594,2026-01-12,
9220,M009594,2026-01-19,
9220,M009072,2025-12-29,
9220,M009072,2026-01-05,
9220,M009072,2026-01-12,
9220,M009072,2026-01-19,
9220,M010788,2025-12-29,
9220,M010788,2026-01-05,
9220,M010788,2026-01-12,
9220,M010788,2026-01-19,
9220,M010200,2025-12-29,
9220,M010200,2026-01-05,
9220,M010200,2026-01-12,
9220,M010200,2026-01-19,
9220,M010868,2025-12-29,
9220,M010868,2026-01-05,
9220,M010868,2026-01-12,
9220,M010868,2026-01-19,
9220,M011232,2025-12-29,
9220,M011232,2026-01-05,
9220,M011232,2026-01-12,
9220,M011232,2026-01-19,
9220,M013459,2025-12-29,
9220,M013459,2026-01-05,
9220,M013459,2026-01-12,
9220,M013459,2026-01-19,
9220,M009050,2025-12-29,
9220,M009050,2026-01-05,
9220,M009050,2026-01-12,
9220,M009050,2026-01-19,
9220,M013294,2025-12-29,
9220,M013294,2026-01-05,
9220,M013294,2026-01-12,
9220,M013294,2026-01-19,
10743,M013962,2025-12-29,
10743,M013962,2026-01-05,
10743,M013962,2026-01-12,
10743,M013962,2026-01-19,
10743,M009072,2025-12-29,
10743,M009072,2026-01-05,
10743,M009072,2026-01-12,
10743,M009072,2026-01-19,
10743,M010532,2025-12-29,
10743,M010532,2026-01-05,
10743,M010532,2026-01-12,
10743,M010532,2026-01-19,
10743,M010132,2025-12-29,
10743,M010132,2026-01-05,
10743,M010132,2026-01-12,
10743,M010132,2026-01-19,
10743,M010771,2025-12-29,
10743,M010771,2026-01-05,
10743,M010771,2026-01-12,
10743,M010771,2026-01-19,
10743,M010200,2025-12-29,
10743,M010200,2026-01-05,
10743,M010200,2026-01-12,
10743,M010200,2026-01-19,
10743,M009630,2025-12-29,
10743,M009630,2026-01-05,
10743,M009630,2026-01-12,
10743,M009630,2026-01-19,
10743,M013086,2025-12-29,
10743,M013086,2026-01-05,
10743,M013086,2026-01-12,
10743,M013086,2026-01-19,
10743,M009050,2025-12-29,
10743,M009050,2026-01-05,
10743,M009050,2026-01-12,
10743,M009050,2026-01-19,
12968,M009050,2025-12-29,
12968,M009050,2026-01-05,
12968,M009050,2026-01-12,
12968,M009050,2026-01-19,
12968,M010453,2025-12-29,
12968,M010453,2026-01-05,
12968,M010453,2026-01-12,
12968,M010453,2026-01-19,
12968,M012860,2025-12-29,
12968,M012860,2026-01-05,
12968,M012860,2026-01-12,
12968,M012860,2026-01-19,
12968,M012665,2025-12-29,
12968,M012665,2026-01-05,
12968,M012665,2026-01-12,
12968,M012665,2026-01-19,
12968,M013459,2025-12-29,
12968,M013459,2026-01-05,
12968,M013459,2026-01-12,
12968,M013459,2026-01-19,
12968,M009630,2025-12-29,
12968,M009630,2026-01-05,
12968,M009630,2026-01-12,
12968,M009630,2026-01-19,
12968,M010038,2025-12-29,
12968,M010038,2026-01-05,
12968,M010038,2026-01-12,
12968,M010038,2026-01-19,
12968,M009072,2025-12-29,
12968,M009072,2026-01-05,
12968,M009072,2026-01-12,
12968,M009072,2026-01-19,
12968,M011339,2025-12-29,
12968,M011339,2026-01-05,
12968,M011339,2026-01-12,
12968,M011339,2026-01-19,
12968,M010132,2025-12-29,
12968,M010132,2026-01-05,
12968,M010132,2026-01-12,
12968,M010132,2026-01-19,
12968,M013294,2025-12-29,
12968,M013294,2026-01-05,
12968,M013294,2026-01-12,
12968,M013294,2026-01-19,
12968,M009542,2025-12-29,
12968,M009542,2026-01-05,
12968,M009542,2026-01-12,
12968,M009542,2026-01-19,
5040,M010253,2025-12-29,
5040,M010253,2026-01-05,
5040,M010253,2026-01-12,
5040,M010253,2026-01-19,
5040,M010676,2025-12-29,
5040,M010676,2026-01-05,
5040,M010676,2026-01-12,
5040,M010676,2026-01-19,
5040,M010082,2025-12-29,
5040,M010082,2026-01-05,
5040,M010082,2026-01-12,
5040,M010082,2026-01-19,
5040,M013086,2025-12-29,
5040,M013086,2026-01-05,
5040,M013086,2026-01-12,
5040,M013086,2026-01-19,
5040,M010184,2025-12-29,
5040,M010184,2026-01-05,
5040,M010184,2026-01-12,
5040,M010184,2026-01-19,
5040,M013962,2025-12-29,
5040,M013962,2026-01-05,
5040,M013962,2026-01-12,
5040,M013962,2026-01-19,
5040,M009072,2025-12-29,
5040,M009072,2026-01-05,
5040,M009072,2026-01-12,
5040,M009072,2026-01-19,
5040,M010771,2025-12-29,
5040,M010771,2026-01-05,
5040,M010771,2026-01-12,
5040,M010771,2026-01-19,
5040,M010208,2025-12-29,
5040,M010208,2026-01-05,
5040,M010208,2026-01-12,
5040,M010208,2026-01-19,
5040,M010788,2025-12-29,
5040,M010788,2026-01-05,
5040,M010788,2026-01-12,
5040,M010788,2026-01-19,
5040,M010453,2025-12-29,
5040,M010453,2026-01-05,
5040,M010453,2026-01-12,
5040,M010453,2026-01-19,
5040,M010532,2025-12-29,
5040,M010532,2026-01-05,
5040,M010532,2026-01-12,
5040,M010532,2026-01-19,
5040,M016641,2025-12-29,
5040,M016641,2026-01-05,
5040,M016641,2026-01-12,
5040,M016641,2026-01-19,
5051,M009970,2025-12-29,
5051,M009970,2026-01-05,
5051,M009970,2026-01-12,
5051,M009970,2026-01-19,
5051,M010868,2025-12-29,
5051,M010868,2026-01-05,
5051,M010868,2026-01-12,
5051,M010868,2026-01-19,
5051,M009630,2025-12-29,
5051,M009630,2026-01-05,
5051,M009630,2026-01-12,
5051,M009630,2026-01-19,
5051,M010132,2025-12-29,
5051,M010132,2026-01-05,
5051,M010132,2026-01-12,
5051,M010132,2026-01-19,
5051,M010038,2025-12-29,
5051,M010038,2026-01-05,
5051,M010038,2026-01-12,
5051,M010038,2026-01-19,
5051,M010788,2025-12-29,
5051,M010788,2026-01-05,
5051,M010788,2026-01-12,
5051,M010788,2026-01-19,
5051,M016641,2025-12-29,
5051,M016641,2026-01-05,
5051,M016641,2026-01-12,
5051,M016641,2026-01-19,
5051,M009542,2025-12-29,
5051,M009542,2026-01-05,
5051,M009542,2026-01-12,
5051,M009542,2026-01-19,
5822,M010453,2025-12-29,
5822,M010453,2026-01-05,
5822,M010453,2026-01-12,
5822,M010453,2026-01-19,
5822,M009542,2025-12-29,
5822,M009542,2026-01-05,
5822,M009542,2026-01-12,
5822,M009542,2026-01-19,
5822,M014771,2025-12-29,
5822,M014771,2026-01-05,
5822,M014771,2026-01-12,
5822,M014771,2026-01-19,
5822,M016641,2025-12-29,
5822,M016641,2026-01-05,
5822,M016641,2026-01-12,
5822,M016641,2026-01-19,
5822,M009970,2025-12-29,
5822,M009970,2026-01-05,
5822,M009970,2026-01-12,
5822,M009970,2026-01-19,
5822,M012665,2025-12-29,
5822,M012665,2026-01-05,
5822,M012665,2026-01-12,
5822,M012665,2026-01-19,
5822,M010200,2025-12-29,
5822,M010200,2026-01-05,
5822,M010200,2026-01-12,
5822,M010200,2026-01-19,
5822,M010676,2025-12-29,
5822,M010676,2026-01-05,
5822,M010676,2026-01-12,
5822,M010676,2026-01-19,
5822,M013220,2025-12-29,
5822,M013220,2026-01-05,
5822,M013220,2026-01-12,
5822,M013220,2026-01-19,
5822,M013477,2025-12-29,
5822,M013477,2026-01-05,
5822,M013477,2026-01-12,
5822,M013477,2026-01-19,
5822,M009594,2025-12-29,
5822,M009594,2026-01-05,
5822,M009594,2026-01-12,
5822,M009594,2026-01-19,
5822,M011086,2025-12-29,
5822,M011086,2026-01-05,
5822,M011086,2026-01-12,
5822,M011086,2026-01-19,
5822,M009284,2025-12-29,
5822,M009284,2026-01-05,
5822,M009284,2026-01-12,
5822,M009284,2026-01-19,
5822,M009651,2025-12-29,
5822,M009651,2026-01-05,
5822,M009651,2026-01-12,
5822,M009651,2026-01-19,
5822,M010208,2025-12-29,
5822,M010208,2026-01-05,
5822,M010208,2026-01-12,
5822,M010208,2026-01-19,
5822,M009050,2025-12-29,
5822,M009050,2026-01-05,
5822,M009050,2026-01-12,
5822,M009050,2026-01-19,
8549,M010208,2025-12-29,
8549,M010208,2026-01-05,
8549,M010208,2026-01-12,
8549,M010208,2026-01-19,
8549,M013086,2025-12-29,
8549,M013086,2026-01-05,
8549,M013086,2026-01-12,
8549,M013086,2026-01-19,
8549,M012115,2025-12-29,
8549,M012115,2026-01-05,
8549,M012115,2026-01-12,
8549,M012115,2026-01-19,
8549,M013962,2025-12-29,
8549,M013962,2026-01-05,
8549,M013962,2026-01-12,
8549,M013962,2026-01-19,
8549,M010079,2025-12-29,
8549,M010079,2026-01-05,
8549,M010079,2026-01-12,
8549,M010079,2026-01-19,
8549,M009284,2025-12-29,
8549,M009284,2026-01-05,
8549,M009284,2026-01-12,
8549,M009284,2026-01-19,
8549,M014771,2025-12-29,
8549,M014771,2026-01-05,
8549,M014771,2026-01-12,
8549,M014771,2026-01-19,
8549,M010184,2025-12-29,
8549,M010184,2026-01-05,
8549,M010184,2026-01-12,
8549,M010184,2026-01-19,
8549,M013477,2025-12-29,
8549,M013477,2026-01-05,
8549,M013477,2026-01-12,
8549,M013477,2026-01-19,
8549,M013459,2025-12-29,
8549,M013459,2026-01-05,
8549,M013459,2026-01-12,
8549,M013459,2026-01-19,
8549,M009594,2025-12-29,
8549,M009594,2026-01-05,
8549,M009594,2026-01-12,
8549,M009594,2026-01-19,
8549,M010453,2025-12-29,
8549,M010453,2026-01-05,
8549,M010453,2026-01-12,
8549,M010453,2026-01-19,
8549,M012706,2025-12-29,
8549,M012706,2026-01-05,
8549,M012706,2026-01-12,
8549,M012706,2026-01-19,
9806,M009542,2025-12-29,
9806,M009542,2026-01-05,
9806,M009542,2026-01-12,
9806,M009542,2026-01-19,
9806,M011086,2025-12-29,
9806,M011086,2026-01-05,
9806,M011086,2026-01-12,
9806,M011086,2026-01-19,
9806,M010079,2025-12-29,
9806,M010079,2026-01-05,
9806,M010079,2026-01-12,
9806,M010079,2026-01-19,
9806,M010253,2025-12-29,
9806,M010253,2026-01-05,
9806,M010253,2026-01-12,
9806,M010253,2026-01-19,
9806,M010082,2025-12-29,
9806,M010082,2026-01-05,
9806,M010082,2026-01-12,
9806,M010082,2026-01-19,
9806,M010862,2025-12-29,
9806,M010862,2026-01-05,
9806,M010862,2026-01-12,
9806,M010862,2026-01-19,
9806,M012665,2025-12-29,
9806,M012665,2026-01-05,
9806,M012665,2026-01-12,
9806,M012665,2026-01-19,
9806,M013459,2025-12-29,
9806,M013459,2026-01-05,
9806,M013459,2026-01-12,
9806,M013459,2026-01-19,
10414,M013477,2025-12-29,
10414,M013477,2026-01-05,
10414,M013477,2026-01-12,
10414,M013477,2026-01-19,
10414,M009542,2025-12-29,
10414,M009542,2026-01-05,
10414,M009542,2026-01-12,
10414,M009542,2026-01-19,
10414,M014013,2025-12-29,
10414,M014013,2026-01-05,
10414,M014013,2026-01-12,
10414,M014013,2026-01-19,
10414,M012665,2025-12-29,
10414,M012665,2026-01-05,
10414,M012665,2026-01-12,
10414,M012665,2026-01-19,
10414,M011232,2025-12-29,
10414,M011232,2026-01-05,
10414,M011232,2026-01-12,
10414,M011232,2026-01-19,
10414,M014771,2025-12-29,
10414,M014771,2026-01-05,
10414,M014771,2026-01-12,
10414,M014771,2026-01-19,
10414,M013459,2025-12-29,
10414,M013459,2026-01-05,
10414,M013459,2026-01-12,
10414,M013459,2026-01-19,
10414,M010868,2025-12-29,
10414,M010868,2026-01-05,
10414,M010868,2026-01-12,
10414,M010868,2026-01-19,
10414,M009364,2025-12-29,
10414,M009364,2026-01-05,
10414,M009364,2026-01-12,
10414,M009364,2026-01-19,
2154,M011232,2025-12-29,
2154,M011232,2026-01-05,
2154,M011232,2026-01-12,
2154,M011232,2026-01-19,
2154,M009284,2025-12-29,
2154,M009284,2026-01-05,
2154,M009284,2026-01-12,
2154,M009284,2026-01-19,
2154,M012860,2025-12-29,
2154,M012860,2026-01-05,
2154,M012860,2026-01-12,
2154,M012860,2026-01-19,
2154,M012665,2025-12-29,
2154,M012665,2026-01-05,
2154,M012665,2026-01-12,
2154,M012665,2026-01-19,
2154,M009651,2025-12-29,
2154,M009651,2026-01-05,
2154,M009651,2026-01-12,
2154,M009651,2026-01-19,
2154,M013962,2025-12-29,
2154,M013962,2026-01-05,
2154,M013962,2026-01-12,
2154,M013962,2026-01-19,
2154,M010771,2025-12-29,
2154,M010771,2026-01-05,
2154,M010771,2026-01-12,
2154,M010771,2026-01-19,
2154,M011086,2025-12-29,
2154,M011086,2026-01-05,
2154,M011086,2026-01-12,
2154,M011086,2026-01-19,
2154,M009898,2025-12-29,
2154,M009898,2026-01-05,
2154,M009898,2026-01-12,
2154,M009898,2026-01-19,
2154,M010184,2025-12-29,
2154,M010184,2026-01-05,
2154,M010184,2026-01-12,
2154,M010184,2026-01-19,
2154,M009072,2025-12-29,
2154,M009072,2026-01-05,
2154,M009072,2026-01-12,
2154,M009072,2026-01-19,
2154,M009050,2025-12-29,
2154,M009050,2026-01-05,
2154,M009050,2026-01-12,
2154,M009050,2026-01-19,
2154,M009364,2025-12-29,
2154,M009364,2026-01-05,
2154,M009364,2026-01-12,
2154,M009364,2026-01-19,
2357,M014771,2025-12-29,
2357,M014771,2026-01-05,
2357,M014771,2026-01-12,
2357,M014771,2026-01-19,
2357,M013086,2025-12-29,
2357,M013086,2026-01-05,
2357,M013086,2026-01-12,
2357,M013086,2026-01-19,
2357,M009648,2025-12-29,
2357,M009648,2026-01-05,
2357,M009648,2026-01-12,
2357,M009648,2026-01-19,
2357,M010132,2025-12-29,
2357,M010132,2026-01-05,
2357,M010132,2026-01-12,
2357,M010132,2026-01-19,
2357,M010208,2025-12-29,
2357,M010208,2026-01-05,
2357,M010208,2026-01-12,
2357,M010208,2026-01-19,
2357,M010532,2025-12-29,
2357,M010532,2026-01-05,
2357,M010532,2026-01-12,
2357,M010532,2026-01-19,
2394,M011232,2025-12-29,
2394,M011232,2026-01-05,
2394,M011232,2026-01-12,
2394,M011232,2026-01-19,
2394,M010132,2025-12-29,
2394,M010132,2026-01-05,
2394,M010132,2026-01-12,
2394,M010132,2026-01-19,
2394,M012665,2025-12-29,
2394,M012665,2026-01-05,
2394,M012665,2026-01-12,
2394,M012665,2026-01-19,
2394,M010771,2025-12-29,
2394,M010771,2026-01-05,
2394,M010771,2026-01-12,
2394,M010771,2026-01-19,
2394,M010079,2025-12-29,
2394,M010079,2026-01-05,
2394,M010079,2026-01-12,
2394,M010079,2026-01-19,
2394,M011086,2025-12-29,
2394,M011086,2026-01-05,
2394,M011086,2026-01-12,
2394,M011086,2026-01-19,
2394,M014013,2025-12-29,
2394,M014013,2026-01-05,
2394,M014013,2026-01-12,
2394,M014013,2026-01-19,
2394,M009970,2025-12-29,
2394,M009970,2026-01-05,
2394,M009970,2026-01-12,
2394,M009970,2026-01-19,
2394,M013294,2025-12-29,
2394,M013294,2026-01-05,
2394,M013294,2026-01-12,
2394,M013294,2026-01-19,
2394,M009648,2025-12-29,
2394,M009648,2026-01-05,
2394,M009648,2026-01-12,
2394,M009648,2026-01-19,
2394,M010208,2025-12-29,
2394,M010208,2026-01-05,
2394,M010208,2026-01-12,
2394,M010208,2026-01-19,
2394,M009364,2025-12-29,
2394,M009364,2026-01-05,
2394,M009364,2026-01-12,
2394,M009364,2026-01-19,
2394,M010200,2025-12-29,
2394,M010200,2026-01-05,
2394,M010200,2026-01-12,
2394,M010200,2026-01-19,
3012,M012860,2025-12-29,
3012,M012860,2026-01-05,
3012,M012860,2026-01-12,
3012,M012860,2026-01-19,
3012,M013459,2025-12-29,
3012,M013459,2026-01-05,
3012,M013459,2026-01-12,
3012,M013459,2026-01-19,
3012,M016641,2025-12-29,
3012,M016641,2026-01-05,
3012,M016641,2026-01-12,
3012,M016641,2026-01-19,
3012,M010200,2025-12-29,
3012,M010200,2026-01-05,
3012,M010200,2026-01-12,
3012,M010200,2026-01-19,
3012,M009284,2025-12-29,
3012,M009284,2026-01-05,
3012,M009284,2026-01-12,
3012,M009284,2026-01-19,
3012,M012665,2025-12-29,
3012,M012665,2026-01-05,
3012,M012665,2026-01-12,
3012,M012665,2026-01-19,
3012,M010184,2025-12-29,
3012,M010184,2026-01-05,
3012,M010184,2026-01-12,
3012,M010184,2026-01-19,
3012,M010771,2025-12-29,
3012,M010771,2026-01-05,
3012,M010771,2026-01-12,
3012,M010771,2026-01-19,
3012,M014771,2025-12-29,
3012,M014771,2026-01-05,
3012,M014771,2026-01-12,
3012,M014771,2026-01-19,
3012,M010253,2025-12-29,
3012,M010253,2026-01-05,
3012,M010253,2026-01-12,
3012,M010253,2026-01-19,
3012,M010453,2025-12-29,
3012,M010453,2026-01-05,
3012,M010453,2026-01-12,
3012,M010453,2026-01-19,
3012,M009630,2025-12-29,
3012,M009630,2026-01-05,
3012,M009630,2026-01-12,
3012,M009630,2026-01-19,
3012,M014013,2025-12-29,
3012,M014013,2026-01-05,
3012,M014013,2026-01-12,
3012,M014013,2026-01-19,
3012,M009050,2025-12-29,
3012,M009050,2026-01-05,
3012,M009050,2026-01-12,
3012,M009050,2026-01-19,
3012,M010038,2025-12-29,
3012,M010038,2026-01-05,
3012,M010038,2026-01-12,
3012,M010038,2026-01-19,
4182,M012860,2025-12-29,
4182,M012860,2026-01-05,
4182,M012860,2026-01-12,
4182,M012860,2026-01-19,
4182,M012706,2025-12-29,
4182,M012706,2026-01-05,
4182,M012706,2026-01-12,
4182,M012706,2026-01-19,
4182,M016641,2025-12-29,
4182,M016641,2026-01-05,
4182,M016641,2026-01-12,
4182,M016641,2026-01-19,
4182,M009542,2025-12-29,
4182,M009542,2026-01-05,
4182,M009542,2026-01-12,
4182,M009542,2026-01-19,
4182,M009364,2025-12-29,
4182,M009364,2026-01-05,
4182,M009364,2026-01-12,
4182,M009364,2026-01-19,
4182,M010868,2025-12-29,
4182,M010868,2026-01-05,
4182,M010868,2026-01-12,
4182,M010868,2026-01-19,
4182,M013086,2025-12-29,
4182,M013086,2026-01-05,
4182,M013086,2026-01-12,
4182,M013086,2026-01-19,
4182,M011339,2025-12-29,
4182,M011339,2026-01-05,
4182,M011339,2026-01-12,
4182,M011339,2026-01-19,
4182,M009072,2025-12-29,
4182,M009072,2026-01-05,
4182,M009072,2026-01-12,
4182,M009072,2026-01-19,
5192,M009651,2025-12-29,
5192,M009651,2026-01-05,
5192,M009651,2026-01-12,
5192,M009651,2026-01-19,
5192,M010532,2025-12-29,
5192,M010532,2026-01-05,
5192,M010532,2026-01-12,
5192,M010532,2026-01-19,
5192,M010771,2025-12-29,
5192,M010771,2026-01-05,
5192,M010771,2026-01-12,
5192,M010771,2026-01-19,
5192,M012860,2025-12-29,
5192,M012860,2026-01-05,
5192,M012860,2026-01-12,
5192,M012860,2026-01-19,
5192,M010079,2025-12-29,
5192,M010079,2026-01-05,
5192,M010079,2026-01-12,
5192,M010079,2026-01-19,
5192,M011086,2025-12-29,
5192,M011086,2026-01-05,
5192,M011086,2026-01-12,
5192,M011086,2026-01-19,
5192,M012706,2025-12-29,
5192,M012706,2026-01-05,
5192,M012706,2026-01-12,
5192,M012706,2026-01-19,
5192,M013220,2025-12-29,
5192,M013220,2026-01-05,
5192,M013220,2026-01-12,
5192,M013220,2026-01-19,
5192,M010038,2025-12-29,
5192,M010038,2026-01-05,
5192,M010038,2026-01-12,
5192,M010038,2026-01-19,
5192,M009050,2025-12-29,
5192,M009050,2026-01-05,
5192,M009050,2026-01-12,
5192,M009050,2026-01-19,
5192,M010208,2025-12-29,
5192,M010208,2026-01-05,
5192,M010208,2026-01-12,
5192,M010208,2026-01-19,
5192,M014013,2025-12-29,
5192,M014013,2026-01-05,
5192,M014013,2026-01-12,
5192,M014013,2026-01-19,
5192,M010453,2025-12-29,
5192,M010453,2026-01-05,
5192,M010453,2026-01-12,
5192,M010453,2026-01-19,
5192,M009542,2025-12-29,
5192,M009542,2026-01-05,
5192,M009542,2026-01-12,
5192,M009542,2026-01-19,
5192,M009284,2025-12-29,
5192,M009284,2026-01-05,
5192,M009284,2026-01-12,
5192,M009284,2026-01-19,
5252,M009594,2025-12-29,
5252,M009594,2026-01-05,
5252,M009594,2026-01-12,
5252,M009594,2026-01-19,
5252,M012115,2025-12-29,
5252,M012115,2026-01-05,
5252,M012115,2026-01-12,
5252,M012115,2026-01-19,
5252,M010676,2025-12-29,
5252,M010676,2026-01-05,
5252,M010676,2026-01-12,
5252,M010676,2026-01-19,
5252,M010453,2025-12-29,
5252,M010453,2026-01-05,
5252,M010453,2026-01-12,
5252,M010453,2026-01-19,
5252,M010868,2025-12-29,
5252,M010868,2026-01-05,
5252,M010868,2026-01-12,
5252,M010868,2026-01-19,
5252,M010208,2025-12-29,
5252,M010208,2026-01-05,
5252,M010208,2026-01-12,
5252,M010208,2026-01-19,
5252,M010082,2025-12-29,
5252,M010082,2026-01-05,
5252,M010082,2026-01-12,
5252,M010082,2026-01-19,
5252,M010862,2025-12-29,
5252,M010862,2026-01-05,
5252,M010862,2026-01-12,
5252,M010862,2026-01-19,
5252,M014771,2025-12-29,
5252,M014771,2026-01-05,
5252,M014771,2026-01-12,
5252,M014771,2026-01-19,
5252,M010200,2025-12-29,
5252,M010200,2026-01-05,
5252,M010200,2026-01-12,
5252,M010200,2026-01-19,
6995,M010082,2025-12-29,
6995,M010082,2026-01-05,
6995,M010082,2026-01-12,
6995,M010082,2026-01-19,
6995,M014013,2025-12-29,
6995,M014013,2026-01-05,
6995,M014013,2026-01-12,
6995,M014013,2026-01-19,
6995,M010079,2025-12-29,
6995,M010079,2026-01-05,
6995,M010079,2026-01-12,
6995,M010079,2026-01-19,
6995,M009651,2025-12-29,
6995,M009651,2026-01-05,
6995,M009651,2026-01-12,
6995,M009651,2026-01-19,
6995,M010862,2025-12-29,
6995,M010862,2026-01-05,
6995,M010862,2026-01-12,
6995,M010862,2026-01-19,
6995,M010771,2025-12-29,
6995,M010771,2026-01-05,
6995,M010771,2026-01-12,
6995,M010771,2026-01-19,
6995,M013294,2025-12-29,
6995,M013294,2026-01-05,
6995,M013294,2026-01-12,
6995,M013294,2026-01-19,
9104,M010862,2025-12-29,
9104,M010862,2026-01-05,
9104,M010862,2026-01-12,
9104,M010862,2026-01-19,
9104,M010532,2025-12-29,
9104,M010532,2026-01-05,
9104,M010532,2026-01-12,
9104,M010532,2026-01-19,
9104,M010184,2025-12-29,
9104,M010184,2026-01-05,
9104,M010184,2026-01-12,
9104,M010184,2026-01-19,
9104,M012706,2025-12-29,
9104,M012706,2026-01-05,
9104,M012706,2026-01-12,
9104,M012706,2026-01-19,
9104,M010038,2025-12-29,
9104,M010038,2026-01-05,
9104,M010038,2026-01-12,
9104,M010038,2026-01-19,
9907,M013086,2025-12-29,
9907,M013086,2026-01-05,
9907,M013086,2026-01-12,
9907,M013086,2026-01-19,
9907,M010184,2025-12-29,
9907,M010184,2026-01-05,
9907,M010184,2026-01-12,
9907,M010184,2026-01-19,
9907,M014013,2025-12-29,
9907,M014013,2026-01-05,
9907,M014013,2026-01-12,
9907,M014013,2026-01-19,
9907,M011232,2025-12-29,
9907,M011232,2026-01-05,
9907,M011232,2026-01-12,
9907,M011232,2026-01-19,
9907,M009072,2025-12-29,
9907,M009072,2026-01-05,
9907,M009072,2026-01-12,
9907,M009072,2026-01-19,
9907,M010532,2025-12-29,
9907,M010532,2026-01-05,
9907,M010532,2026-01-12,
9907,M010532,2026-01-19,
9907,M010788,2025-12-29,
9907,M010788,2026-01-05,
9907,M010788,2026-01-12,
9907,M010788,2026-01-19,
9907,M013294,2025-12-29,
9907,M013294,2026-01-05,
9907,M013294,2026-01-12,
9907,M013294,2026-01-19,
9907,M010868,2025-12-29,
9907,M010868,2026-01-05,
9907,M010868,2026-01-12,
9907,M010868,2026-01-19,
9907,M012115,2025-12-29,
9907,M012115,2026-01-05,
9907,M012115,2026-01-12,
9907,M012115,2026-01-19,
9907,M013220,2025-12-29,
9907,M013220,2026-01-05,
9907,M013220,2026-01-12,
9907,M013220,2026-01-19,
9907,M010038,2025-12-29,
9907,M010038,2026-01-05,
9907,M010038,2026-01-12,
9907,M010038,2026-01-19,
9907,M010676,2025-12-29,
9907,M010676,2026-01-05,
9907,M010676,2026-01-12,
9907,M010676,2026-01-19,
9907,M009648,2025-12-29,
9907,M009648,2026-01-05,
9907,M009648,2026-01-12,
9907,M009648,2026-01-19,
9907,M010200,2025-12-29,
9907,M010200,2026-01-05,
9907,M010200,2026-01-12,
9907,M010200,2026-01-19,
9907,M016641,2025-12-29,
9907,M016641,2026-01-05,
9907,M016641,2026-01-12,
9907,M016641,2026-01-19,
10222,M011339,2025-12-29,
10222,M011339,2026-01-05,
10222,M011339,2026-01-12,
10222,M011339,2026-01-19,
10222,M010038,2025-12-29,
10222,M010038,2026-01-05,
10222,M010038,2026-01-12,
10222,M010038,2026-01-19,
10222,M009648,2025-12-29,
10222,M009648,2026-01-05,
10222,M009648,2026-01-12,
10222,M009648,2026-01-19,
10222,M010532,2025-12-29,
10222,M010532,2026-01-05,
10222,M010532,2026-01-12,
10222,M010532,2026-01-19,
10222,M010788,2025-12-29,
10222,M010788,2026-01-05,
10222,M010788,2026-01-12,
10222,M010788,2026-01-19,
10222,M013086,2025-12-29,
10222,M013086,2026-01-05,
10222,M013086,2026-01-12,
10222,M013086,2026-01-19,
10222,M014771,2025-12-29,
10222,M014771,2026-01-05,
10222,M014771,2026-01-12,
10222,M014771,2026-01-19,
10222,M009594,2025-12-29,
10222,M009594,2026-01-05,
10222,M009594,2026-01-12,
10222,M009594,2026-01-19,
10222,M010204,2025-12-29,
10222,M010204,2026-01-05,
10222,M010204,2026-01-12,
10222,M010204,2026-01-19,
10222,M011075,2025-12-29,
10222,M011075,2026-01-05,
10222,M011075,2026-01-12,
10222,M011075,2026-01-19,
10222,M010771,2025-12-29,
10222,M010771,2026-01-05,
10222,M010771,2026-01-12,
10222,M010771,2026-01-19,
10222,M009518,2025-12-29,
10222,M009518,2026-01-05,
10222,M009518,2026-01-12,
10222,M009518,2026-01-19,
10222,M012115,2025-12-29,
10222,M012115,2026-01-05,
10222,M012115,2026-01-12,
10222,M012115,2026-01-19,
10222,M010132,2025-12-29,
10222,M010132,2026-01-05,
10222,M010132,2026-01-12,
10222,M010132,2026-01-19,
10222,M009072,2025-12-29,
10222,M009072,2026-01-05,
10222,M009072,2026-01-12,
10222,M009072,2026-01-19,
10222,M010208,2025-12-29,
10222,M010208,2026-01-05,
10222,M010208,2026-01-12,
10222,M010208,2026-01-19,
10222,M010082,2025-12-29,
10222,M010082,2026-01-05,
10222,M010082,2026-01-12,
10222,M010082,2026-01-19,
10222,M010882,2025-12-29,
10222,M010882,2026-01-05,
10222,M010882,2026-01-12,
10222,M010882,2026-01-19,
10222,M013477,2025-12-29,
10222,M013477,2026-01-05,
10222,M013477,2026-01-12,
10222,M013477,2026-01-19,
10222,M009970,2025-12-29,
10222,M009970,2026-01-05,
10222,M009970,2026-01-12,
10222,M009970,2026-01-19,
10222,M009371,2025-12-29,
10222,M009371,2026-01-05,
10222,M009371,2026-01-12,
10222,M009371,2026-01-19,
10222,M010676,2025-12-29,
10222,M010676,2026-01-05,
10222,M010676,2026-01-12,
10222,M010676,2026-01-19,
10222,M010453,2025-12-29,
10222,M010453,2026-01-05,
10222,M010453,2026-01-12,
10222,M010453,2026-01-19,
10222,M009050,2025-12-29,
10222,M009050,2026-01-05,
10222,M009050,2026-01-12,
10222,M009050,2026-01-19,
10222,M013220,2025-12-29,
10222,M013220,2026-01-05,
10222,M013220,2026-01-12,
10222,M013220,2026-01-19,
10222,M012706,2025-12-29,
10222,M012706,2026-01-05,
10222,M012706,2026-01-12,
10222,M012706,2026-01-19,
10222,M010184,2025-12-29,
10222,M010184,2026-01-05,
10222,M010184,2026-01-12,
10222,M010184,2026-01-19,
10222,M009651,2025-12-29,
10222,M009651,2026-01-05,
10222,M009651,2026-01-12,
10222,M009651,2026-01-19,
10222,M009284,2025-12-29,
10222,M009284,2026-01-05,
10222,M009284,2026-01-12,
10222,M009284,2026-01-19,
10222,M016641,2025-12-29,
10222,M016641,2026-01-05,
10222,M016641,2026-01-12,
10222,M016641,2026-01-19,
10222,M009364,2025-12-29,
10222,M009364,2026-01-05,
10222,M009364,2026-01-12,
10222,M009364,2026-01-19,
10222,M010868,2025-12-29,
10222,M010868,2026-01-05,
10222,M010868,2026-01-12,
10222,M010868,2026-01-19,
10222,M011232,2025-12-29,
10222,M011232,2026-01-05,
10222,M011232,2026-01-12,
10222,M011232,2026-01-19,
10222,M009630,2025-12-29,
10222,M009630,2026-01-05,
10222,M009630,2026-01-12,
10222,M009630,2026-01-19,
10222,M010075,2025-12-29,
10222,M010075,2026-01-05,
10222,M010075,2026-01-12,
10222,M010075,2026-01-19,
10615,M009970,2025-12-29,
10615,M009970,2026-01-05,
10615,M009970,2026-01-12,
10615,M009970,2026-01-19,
10615,M010453,2025-12-29,
10615,M010453,2026-01-05,
10615,M010453,2026-01-12,
10615,M010453,2026-01-19,
10615,M009072,2025-12-29,
10615,M009072,2026-01-05,
10615,M009072,2026-01-12,
10615,M009072,2026-01-19,
10615,M012665,2025-12-29,
10615,M012665,2026-01-05,
10615,M012665,2026-01-12,
10615,M012665,2026-01-19,
10615,M016641,2025-12-29,
10615,M016641,2026-01-05,
10615,M016641,2026-01-12,
10615,M016641,2026-01-19,
10615,M014013,2025-12-29,
10615,M014013,2026-01-05,
10615,M014013,2026-01-12,
10615,M014013,2026-01-19,
10615,M010184,2025-12-29,
10615,M010184,2026-01-05,
10615,M010184,2026-01-12,
10615,M010184,2026-01-19,
10615,M011339,2025-12-29,
10615,M011339,2026-01-05,
10615,M011339,2026-01-12,
10615,M011339,2026-01-19,
10615,M010676,2025-12-29,
10615,M010676,2026-01-05,
10615,M010676,2026-01-12,
10615,M010676,2026-01-19,
10615,M011086,2025-12-29,
10615,M011086,2026-01-05,
10615,M011086,2026-01-12,
10615,M011086,2026-01-19,
10753,M009970,2025-12-29,
10753,M009970,2026-01-05,
10753,M009970,2026-01-12,
10753,M009970,2026-01-19,
10753,M009651,2025-12-29,
10753,M009651,2026-01-05,
10753,M009651,2026-01-12,
10753,M009651,2026-01-19,
10753,M010532,2025-12-29,
10753,M010532,2026-01-05,
10753,M010532,2026-01-12,
10753,M010532,2026-01-19,
10753,M013294,2025-12-29,
10753,M013294,2026-01-05,
10753,M013294,2026-01-12,
10753,M013294,2026-01-19,
10753,M011339,2025-12-29,
10753,M011339,2026-01-05,
10753,M011339,2026-01-12,
10753,M011339,2026-01-19,
10753,M010862,2025-12-29,
10753,M010862,2026-01-05,
10753,M010862,2026-01-12,
10753,M010862,2026-01-19,
10753,M012665,2025-12-29,
10753,M012665,2026-01-05,
10753,M012665,2026-01-12,
10753,M012665,2026-01-19,
10753,M016641,2025-12-29,
10753,M016641,2026-01-05,
10753,M016641,2026-01-12,
10753,M016641,2026-01-19,
10753,M010038,2025-12-29,
10753,M010038,2026-01-05,
10753,M010038,2026-01-12,
10753,M010038,2026-01-19,
10753,M013220,2025-12-29,
10753,M013220,2026-01-05,
10753,M013220,2026-01-12,
10753,M013220,2026-01-19,
10753,M009284,2025-12-29,
10753,M009284,2026-01-05,
10753,M009284,2026-01-12,
10753,M009284,2026-01-19,
10753,M010082,2025-12-29,
10753,M010082,2026-01-05,
10753,M010082,2026-01-12,
10753,M010082,2026-01-19,
10753,M013962,2025-12-29,
10753,M013962,2026-01-05,
10753,M013962,2026-01-12,
10753,M013962,2026-01-19,
11194,M009072,2025-12-29,
11194,M009072,2026-01-05,
11194,M009072,2026-01-12,
11194,M009072,2026-01-19,
11194,M010082,2025-12-29,
11194,M010082,2026-01-05,
11194,M010082,2026-01-12,
11194,M010082,2026-01-19,
11194,M010868,2025-12-29,
11194,M010868,2026-01-05,
11194,M010868,2026-01-12,
11194,M010868,2026-01-19,
11194,M010862,2025-12-29,
11194,M010862,2026-01-05,
11194,M010862,2026-01-12,
11194,M010862,2026-01-19,
11194,M012665,2025-12-29,
11194,M012665,2026-01-05,
11194,M012665,2026-01-12,
11194,M012665,2026-01-19,
11194,M012706,2025-12-29,
11194,M012706,2026-01-05,
11194,M012706,2026-01-12,
11194,M012706,2026-01-19,
11194,M013086,2025-12-29,
11194,M013086,2026-01-05,
11194,M013086,2026-01-12,
11194,M013086,2026-01-19,
11194,M010771,2025-12-29,
11194,M010771,2026-01-05,
11194,M010771,2026-01-12,
11194,M010771,2026-01-19,
11194,M010788,2025-12-29,
11194,M010788,2026-01-05,
11194,M010788,2026-01-12,
11194,M010788,2026-01-19,
11194,M014771,2025-12-29,
11194,M014771,2026-01-05,
11194,M014771,2026-01-12,
11194,M014771,2026-01-19,
11194,M009970,2025-12-29,
11194,M009970,2026-01-05,
11194,M009970,2026-01-12,
11194,M009970,2026-01-19,
11194,M010453,2025-12-29,
11194,M010453,2026-01-05,
11194,M010453,2026-01-12,
11194,M010453,2026-01-19,
11194,M009648,2025-12-29,
11194,M009648,2026-01-05,
11194,M009648,2026-01-12,
11194,M009648,2026-01-19,
11641,M010532,2025-12-29,
11641,M010532,2026-01-05,
11641,M010532,2026-01-12,
11641,M010532,2026-01-19,
11641,M009542,2025-12-29,
11641,M009542,2026-01-05,
11641,M009542,2026-01-12,
11641,M009542,2026-01-19,
11641,M009898,2025-12-29,
11641,M009898,2026-01-05,
11641,M009898,2026-01-12,
11641,M009898,2026-01-19,
11641,M010453,2025-12-29,
11641,M010453,2026-01-05,
11641,M010453,2026-01-12,
11641,M010453,2026-01-19,
11641,M009651,2025-12-29,
11641,M009651,2026-01-05,
11641,M009651,2026-01-12,
11641,M009651,2026-01-19,
11641,M014013,2025-12-29,
11641,M014013,2026-01-05,
11641,M014013,2026-01-12,
11641,M014013,2026-01-19,
11641,M010253,2025-12-29,
11641,M010253,2026-01-05,
11641,M010253,2026-01-12,
11641,M010253,2026-01-19,
11641,M009364,2025-12-29,
11641,M009364,2026-01-05,
11641,M009364,2026-01-12,
11641,M009364,2026-01-19,
11641,M011086,2025-12-29,
11641,M011086,2026-01-05,
11641,M011086,2026-01-12,
11641,M011086,2026-01-19,
11641,M016641,2025-12-29,
11641,M016641,2026-01-05,
11641,M016641,2026-01-12,
11641,M016641,2026-01-19,
11641,M009594,2025-12-29,
11641,M009594,2026-01-05,
11641,M009594,2026-01-12,
11641,M009594,2026-01-19,
11641,M013962,2025-12-29,
11641,M013962,2026-01-05,
11641,M013962,2026-01-12,
11641,M013962,2026-01-19,
11641,M010079,2025-12-29,
11641,M010079,2026-01-05,
11641,M010079,2026-01-12,
11641,M010079,2026-01-19,
11641,M014771,2025-12-29,
11641,M014771,2026-01-05,
11641,M014771,2026-01-12,
11641,M014771,2026-01-19,
11641,M013220,2025-12-29,
11641,M013220,2026-01-05,
11641,M013220,2026-01-12,
11641,M013220,2026-01-19,
2855,M010253,2025-12-29,
2855,M010253,2026-01-05,
2855,M010253,2026-01-12,
2855,M010253,2026-01-19,
2855,M013477,2025-12-29,
2855,M013477,2026-01-05,
2855,M013477,2026-01-12,
2855,M013477,2026-01-19,
2855,M010771,2025-12-29,
2855,M010771,2026-01-05,
2855,M010771,2026-01-12,
2855,M010771,2026-01-19,
2855,M009898,2025-12-29,
2855,M009898,2026-01-05,
2855,M009898,2026-01-12,
2855,M009898,2026-01-19,
2855,M010082,2025-12-29,
2855,M010082,2026-01-05,
2855,M010082,2026-01-12,
2855,M010082,2026-01-19,
2855,M011232,2025-12-29,
2855,M011232,2026-01-05,
2855,M011232,2026-01-12,
2855,M011232,2026-01-19,
10678,M010208,2025-12-29,
10678,M010208,2026-01-05,
10678,M010208,2026-01-12,
10678,M010208,2026-01-19,
10678,M010079,2025-12-29,
10678,M010079,2026-01-05,
10678,M010079,2026-01-12,
10678,M010079,2026-01-19,
10678,M010532,2025-12-29,
10678,M010532,2026-01-05,
10678,M010532,2026-01-12,
10678,M010532,2026-01-19,
10678,M011339,2025-12-29,
10678,M011339,2026-01-05,
10678,M011339,2026-01-12,
10678,M011339,2026-01-19,
10678,M014771,2025-12-29,
10678,M014771,2026-01-05,
10678,M014771,2026-01-12,
10678,M014771,2026-01-19,
10678,M013459,2025-12-29,
10678,M013459,2026-01-05,
10678,M013459,2026-01-12,
10678,M013459,2026-01-19,
10678,M012665,2025-12-29,
10678,M012665,2026-01-05,
10678,M012665,2026-01-12,
10678,M012665,2026-01-19,
10678,M012706,2025-12-29,
10678,M012706,2026-01-05,
10678,M012706,2026-01-12,
10678,M012706,2026-01-19,
10678,M010771,2025-12-29,
10678,M010771,2026-01-05,
10678,M010771,2026-01-12,
10678,M010771,2026-01-19,
10678,M009050,2025-12-29,
10678,M009050,2026-01-05,
10678,M009050,2026-01-12,
10678,M009050,2026-01-19,
10678,M010200,2025-12-29,
10678,M010200,2026-01-05,
10678,M010200,2026-01-12,
10678,M010200,2026-01-19,
10678,M010132,2025-12-29,
10678,M010132,2026-01-05,
10678,M010132,2026-01-12,
10678,M010132,2026-01-19,
10678,M009284,2025-12-29,
10678,M009284,2026-01-05,
10678,M009284,2026-01-12,
10678,M009284,2026-01-19,
10678,M011232,2025-12-29,
10678,M011232,2026-01-05,
10678,M011232,2026-01-12,
10678,M011232,2026-01-19,
10678,M009651,2025-12-29,
10678,M009651,2026-01-05,
10678,M009651,2026-01-12,
10678,M009651,2026-01-19,
11702,M010200,2025-12-29,
11702,M010200,2026-01-05,
11702,M010200,2026-01-12,
11702,M010200,2026-01-19,
11702,M010079,2025-12-29,
11702,M010079,2026-01-05,
11702,M010079,2026-01-12,
11702,M010079,2026-01-19,
11702,M009898,2025-12-29,
11702,M009898,2026-01-05,
11702,M009898,2026-01-12,
11702,M009898,2026-01-19,
11702,M010788,2025-12-29,
11702,M010788,2026-01-05,
11702,M010788,2026-01-12,
11702,M010788,2026-01-19,
11702,M009364,2025-12-29,
11702,M009364,2026-01-05,
11702,M009364,2026-01-12,
11702,M009364,2026-01-19,
11702,M010862,2025-12-29,
11702,M010862,2026-01-05,
11702,M010862,2026-01-12,
11702,M010862,2026-01-19,
11702,M013220,2025-12-29,
11702,M013220,2026-01-05,
11702,M013220,2026-01-12,
11702,M013220,2026-01-19,
11702,M010038,2025-12-29,
11702,M010038,2026-01-05,
11702,M010038,2026-01-12,
11702,M010038,2026-01-19,
13205,M010208,2025-12-29,
13205,M010208,2026-01-05,
13205,M010208,2026-01-12,
13205,M010208,2026-01-19,
13205,M013294,2025-12-29,
13205,M013294,2026-01-05,
13205,M013294,2026-01-12,
13205,M013294,2026-01-19,
13205,M010132,2025-12-29,
13205,M010132,2026-01-05,
13205,M010132,2026-01-12,
13205,M010132,2026-01-19,
13205,M011086,2025-12-29,
13205,M011086,2026-01-05,
13205,M011086,2026-01-12,
13205,M011086,2026-01-19,
13205,M010788,2025-12-29,
13205,M010788,2026-01-05,
13205,M010788,2026-01-12,
13205,M010788,2026-01-19,
13205,M009072,2025-12-29,
13205,M009072,2026-01-05,
13205,M009072,2026-01-12,
13205,M009072,2026-01-19,
13205,M010532,2025-12-29,
13205,M010532,2026-01-05,
13205,M010532,2026-01-12,
13205,M010532,2026-01-19,
13205,M010200,2025-12-29,
13205,M010200,2026-01-05,
13205,M010200,2026-01-12,
13205,M010200,2026-01-19,
13205,M009630,2025-12-29,
13205,M009630,2026-01-05,
13205,M009630,2026-01-12,
13205,M009630,2026-01-19,
13205,M011232,2025-12-29,
13205,M011232,2026-01-05,
13205,M011232,2026-01-12,
13205,M011232,2026-01-19,
1870,M013477,2025-12-29,
1870,M013477,2026-01-05,
1870,M013477,2026-01-12,
1870,M013477,2026-01-19,
1870,M009284,2025-12-29,
1870,M009284,2026-01-05,
1870,M009284,2026-01-12,
1870,M009284,2026-01-19,
1870,M010676,2025-12-29,
1870,M010676,2026-01-05,
1870,M010676,2026-01-12,
1870,M010676,2026-01-19,
1870,M013962,2025-12-29,
1870,M013962,2026-01-05,
1870,M013962,2026-01-12,
1870,M013962,2026-01-19,
1870,M010862,2025-12-29,
1870,M010862,2026-01-05,
1870,M010862,2026-01-12,
1870,M010862,2026-01-19,
1870,M009898,2025-12-29,
1870,M009898,2026-01-05,
1870,M009898,2026-01-12,
1870,M009898,2026-01-19,
1870,M010868,2025-12-29,
1870,M010868,2026-01-05,
1870,M010868,2026-01-12,
1870,M010868,2026-01-19,
1870,M009630,2025-12-29,
1870,M009630,2026-01-05,
1870,M009630,2026-01-12,
1870,M009630,2026-01-19,
1870,M014013,2025-12-29,
1870,M014013,2026-01-05,
1870,M014013,2026-01-12,
1870,M014013,2026-01-19,
1870,M010208,2025-12-29,
1870,M010208,2026-01-05,
1870,M010208,2026-01-12,
1870,M010208,2026-01-19,
1870,M009072,2025-12-29,
1870,M009072,2026-01-05,
1870,M009072,2026-01-12,
1870,M009072,2026-01-19,
1870,M010082,2025-12-29,
1870,M010082,2026-01-05,
1870,M010082,2026-01-12,
1870,M010082,2026-01-19,
1870,M009594,2025-12-29,
1870,M009594,2026-01-05,
1870,M009594,2026-01-12,
1870,M009594,2026-01-19,
2580,M010208,2025-12-29,
2580,M010208,2026-01-05,
2580,M010208,2026-01-12,
2580,M010208,2026-01-19,
2580,M009594,2025-12-29,
2580,M009594,2026-01-05,
2580,M009594,2026-01-12,
2580,M009594,2026-01-19,
2580,M010184,2025-12-29,
2580,M010184,2026-01-05,
2580,M010184,2026-01-12,
2580,M010184,2026-01-19,
2580,M010453,2025-12-29,
2580,M010453,2026-01-05,
2580,M010453,2026-01-12,
2580,M010453,2026-01-19,
2580,M014771,2025-12-29,
2580,M014771,2026-01-05,
2580,M014771,2026-01-12,
2580,M014771,2026-01-19,
2580,M011232,2025-12-29,
2580,M011232,2026-01-05,
2580,M011232,2026-01-12,
2580,M011232,2026-01-19,
2580,M009648,2025-12-29,
2580,M009648,2026-01-05,
2580,M009648,2026-01-12,
2580,M009648,2026-01-19,
2580,M009284,2025-12-29,
2580,M009284,2026-01-05,
2580,M009284,2026-01-12,
2580,M009284,2026-01-19,
8636,M010082,2025-12-29,
8636,M010082,2026-01-05,
8636,M010082,2026-01-12,
8636,M010082,2026-01-19,
8636,M009898,2025-12-29,
8636,M009898,2026-01-05,
8636,M009898,2026-01-12,
8636,M009898,2026-01-19,
8636,M012665,2025-12-29,
8636,M012665,2026-01-05,
8636,M012665,2026-01-12,
8636,M012665,2026-01-19,
8636,M012706,2025-12-29,
8636,M012706,2026-01-05,
8636,M012706,2026-01-12,
8636,M012706,2026-01-19,
8636,M010079,2025-12-29,
8636,M010079,2026-01-05,
8636,M010079,2026-01-12,
8636,M010079,2026-01-19,
8636,M011086,2025-12-29,
8636,M011086,2026-01-05,
8636,M011086,2026-01-12,
8636,M011086,2026-01-19,
8636,M014013,2025-12-29,
8636,M014013,2026-01-05,
8636,M014013,2026-01-12,
8636,M014013,2026-01-19,
8636,M011339,2025-12-29,
8636,M011339,2026-01-05,
8636,M011339,2026-01-12,
8636,M011339,2026-01-19,
8636,M010453,2025-12-29,
8636,M010453,2026-01-05,
8636,M010453,2026-01-12,
8636,M010453,2026-01-19,
8636,M009284,2025-12-29,
8636,M009284,2026-01-05,
8636,M009284,2026-01-12,
8636,M009284,2026-01-19,
8636,M009072,2025-12-29,
8636,M009072,2026-01-05,
8636,M009072,2026-01-12,
8636,M009072,2026-01-19,
11248,M010082,2025-12-29,
11248,M010082,2026-01-05,
11248,M010082,2026-01-12,
11248,M010082,2026-01-19,
11248,M010453,2025-12-29,
11248,M010453,2026-01-05,
11248,M010453,2026-01-12,
11248,M010453,2026-01-19,
11248,M009630,2025-12-29,
11248,M009630,2026-01-05,
11248,M009630,2026-01-12,
11248,M009630,2026-01-19,
11248,M010208,2025-12-29,
11248,M010208,2026-01-05,
11248,M010208,2026-01-12,
11248,M010208,2026-01-19,
11248,M009284,2025-12-29,
11248,M009284,2026-01-05,
11248,M009284,2026-01-12,
11248,M009284,2026-01-19,
11248,M013962,2025-12-29,
11248,M013962,2026-01-05,
11248,M013962,2026-01-12,
11248,M013962,2026-01-19,
11248,M013086,2025-12-29,
11248,M013086,2026-01-05,
11248,M013086,2026-01-12,
11248,M013086,2026-01-19,
11248,M013294,2025-12-29,
11248,M013294,2026-01-05,
11248,M013294,2026-01-12,
11248,M013294,2026-01-19,
11248,M009648,2025-12-29,
11248,M009648,2026-01-05,
11248,M009648,2026-01-12,
11248,M009648,2026-01-19,
11248,M010862,2025-12-29,
11248,M010862,2026-01-05,
11248,M010862,2026-01-12,
11248,M010862,2026-01-19,
11248,M012115,2025-12-29,
11248,M012115,2026-01-05,
11248,M012115,2026-01-12,
11248,M012115,2026-01-19,
11248,M010200,2025-12-29,
11248,M010200,2026-01-05,
11248,M010200,2026-01-12,
11248,M010200,2026-01-19,
11248,M010253,2025-12-29,
11248,M010253,2026-01-05,
11248,M010253,2026-01-12,
11248,M010253,2026-01-19,
11248,M016641,2025-12-29,
11248,M016641,2026-01-05,
11248,M016641,2026-01-12,
11248,M016641,2026-01-19,
4678,M013477,2025-12-29,
4678,M013477,2026-01-05,
4678,M013477,2026-01-12,
4678,M013477,2026-01-19,
4678,M013086,2025-12-29,
4678,M013086,2026-01-05,
4678,M013086,2026-01-12,
4678,M013086,2026-01-19,
4678,M009594,2025-12-29,
4678,M009594,2026-01-05,
4678,M009594,2026-01-12,
4678,M009594,2026-01-19,
4678,M012706,2025-12-29,
4678,M012706,2026-01-05,
4678,M012706,2026-01-12,
4678,M012706,2026-01-19,
4678,M009364,2025-12-29,
4678,M009364,2026-01-05,
4678,M009364,2026-01-12,
4678,M009364,2026-01-19,
4678,M011086,2025-12-29,
4678,M011086,2026-01-05,
4678,M011086,2026-01-12,
4678,M011086,2026-01-19,
4678,M010676,2025-12-29,
4678,M010676,2026-01-05,
4678,M010676,2026-01-12,
4678,M010676,2026-01-19,
4678,M009630,2025-12-29,
4678,M009630,2026-01-05,
4678,M009630,2026-01-12,
4678,M009630,2026-01-19,
4678,M009651,2025-12-29,
4678,M009651,2026-01-05,
4678,M009651,2026-01-12,
4678,M009651,2026-01-19,
4678,M011232,2025-12-29,
4678,M011232,2026-01-05,
4678,M011232,2026-01-12,
4678,M011232,2026-01-19,
4678,M013459,2025-12-29,
4678,M013459,2026-01-05,
4678,M013459,2026-01-12,
4678,M013459,2026-01-19,
4678,M013294,2025-12-29,
4678,M013294,2026-01-05,
4678,M013294,2026-01-12,
4678,M013294,2026-01-19,
7286,M009648,2025-12-29,
7286,M009648,2026-01-05,
7286,M009648,2026-01-12,
7286,M009648,2026-01-19,
7286,M011339,2025-12-29,
7286,M011339,2026-01-05,
7286,M011339,2026-01-12,
7286,M011339,2026-01-19,
7286,M011232,2025-12-29,
7286,M011232,2026-01-05,
7286,M011232,2026-01-12,
7286,M011232,2026-01-19,
7286,M009284,2025-12-29,
7286,M009284,2026-01-05,
7286,M009284,2026-01-12,
7286,M009284,2026-01-19,
7286,M012665,2025-12-29,
7286,M012665,2026-01-05,
7286,M012665,2026-01-12,
7286,M012665,2026-01-19,
7286,M009594,2025-12-29,
7286,M009594,2026-01-05,
7286,M009594,2026-01-12,
7286,M009594,2026-01-19,
7286,M010079,2025-12-29,
7286,M010079,2026-01-05,
7286,M010079,2026-01-12,
7286,M010079,2026-01-19,
7286,M009970,2025-12-29,
7286,M009970,2026-01-05,
7286,M009970,2026-01-12,
7286,M009970,2026-01-19,
7286,M009898,2025-12-29,
7286,M009898,2026-01-05,
7286,M009898,2026-01-12,
7286,M009898,2026-01-19,
7286,M013220,2025-12-29,
7286,M013220,2026-01-05,
7286,M013220,2026-01-12,
7286,M013220,2026-01-19,
7286,M010771,2025-12-29,
7286,M010771,2026-01-05,
7286,M010771,2026-01-12,
7286,M010771,2026-01-19,
7286,M010253,2025-12-29,
7286,M010253,2026-01-05,
7286,M010253,2026-01-12,
7286,M010253,2026-01-19,
8790,M009072,2025-12-29,
8790,M009072,2026-01-05,
8790,M009072,2026-01-12,
8790,M009072,2026-01-19,
8790,M009970,2025-12-29,
8790,M009970,2026-01-05,
8790,M009970,2026-01-12,
8790,M009970,2026-01-19,
8790,M013294,2025-12-29,
8790,M013294,2026-01-05,
8790,M013294,2026-01-12,
8790,M013294,2026-01-19,
8790,M014771,2025-12-29,
8790,M014771,2026-01-05,
8790,M014771,2026-01-12,
8790,M014771,2026-01-19,
8790,M010676,2025-12-29,
8790,M010676,2026-01-05,
8790,M010676,2026-01-12,
8790,M010676,2026-01-19,
8790,M010184,2025-12-29,
8790,M010184,2026-01-05,
8790,M010184,2026-01-12,
8790,M010184,2026-01-19,
8790,M010200,2025-12-29,
8790,M010200,2026-01-05,
8790,M010200,2026-01-12,
8790,M010200,2026-01-19,
8790,M010453,2025-12-29,
8790,M010453,2026-01-05,
8790,M010453,2026-01-12,
8790,M010453,2026-01-19,
8790,M016641,2025-12-29,
8790,M016641,2026-01-05,
8790,M016641,2026-01-12,
8790,M016641,2026-01-19,
8790,M009630,2025-12-29,
8790,M009630,2026-01-05,
8790,M009630,2026-01-12,
8790,M009630,2026-01-19,
8790,M011232,2025-12-29,
8790,M011232,2026-01-05,
8790,M011232,2026-01-12,
8790,M011232,2026-01-19,
2184,M012860,2025-12-29,
2184,M012860,2026-01-05,
2184,M012860,2026-01-12,
2184,M012860,2026-01-19,
2184,M010532,2025-12-29,
2184,M010532,2026-01-05,
2184,M010532,2026-01-12,
2184,M010532,2026-01-19,
2184,M010082,2025-12-29,
2184,M010082,2026-01-05,
2184,M010082,2026-01-12,
2184,M010082,2026-01-19,
2184,M010788,2025-12-29,
2184,M010788,2026-01-05,
2184,M010788,2026-01-12,
2184,M010788,2026-01-19,
2184,M012706,2025-12-29,
2184,M012706,2026-01-05,
2184,M012706,2026-01-12,
2184,M012706,2026-01-19,
2184,M009970,2025-12-29,
2184,M009970,2026-01-05,
2184,M009970,2026-01-12,
2184,M009970,2026-01-19,
2994,M009630,2025-12-29,
2994,M009630,2026-01-05,
2994,M009630,2026-01-12,
2994,M009630,2026-01-19,
2994,M010862,2025-12-29,
2994,M010862,2026-01-05,
2994,M010862,2026-01-12,
2994,M010862,2026-01-19,
2994,M009072,2025-12-29,
2994,M009072,2026-01-05,
2994,M009072,2026-01-12,
2994,M009072,2026-01-19,
2994,M010253,2025-12-29,
2994,M010253,2026-01-05,
2994,M010253,2026-01-12,
2994,M010253,2026-01-19,
2994,M010676,2025-12-29,
2994,M010676,2026-01-05,
2994,M010676,2026-01-12,
2994,M010676,2026-01-19,
2994,M009050,2025-12-29,
2994,M009050,2026-01-05,
2994,M009050,2026-01-12,
2994,M009050,2026-01-19,
2994,M010532,2025-12-29,
2994,M010532,2026-01-05,
2994,M010532,2026-01-12,
2994,M010532,2026-01-19,
2994,M013220,2025-12-29,
2994,M013220,2026-01-05,
2994,M013220,2026-01-12,
2994,M013220,2026-01-19,
2994,M013459,2025-12-29,
2994,M013459,2026-01-05,
2994,M013459,2026-01-12,
2994,M013459,2026-01-19,
2994,M013477,2025-12-29,
2994,M013477,2026-01-05,
2994,M013477,2026-01-12,
2994,M013477,2026-01-19,
2994,M013294,2025-12-29,
2994,M013294,2026-01-05,
2994,M013294,2026-01-12,
2994,M013294,2026-01-19,
2994,M014013,2025-12-29,
2994,M014013,2026-01-05,
2994,M014013,2026-01-12,
2994,M014013,2026-01-19,
2994,M010079,2025-12-29,
2994,M010079,2026-01-05,
2994,M010079,2026-01-12,
2994,M010079,2026-01-19,
2994,M009542,2025-12-29,
2994,M009542,2026-01-05,
2994,M009542,2026-01-12,
2994,M009542,2026-01-19,
2994,M010200,2025-12-29,
2994,M010200,2026-01-05,
2994,M010200,2026-01-12,
2994,M010200,2026-01-19,
2994,M012706,2025-12-29,
2994,M012706,2026-01-05,
2994,M012706,2026-01-12,
2994,M012706,2026-01-19,
2994,M009284,2025-12-29,
2994,M009284,2026-01-05,
2994,M009284,2026-01-12,
2994,M009284,2026-01-19,
5291,M011339,2025-12-29,
5291,M011339,2026-01-05,
5291,M011339,2026-01-12,
5291,M011339,2026-01-19,
5291,M010771,2025-12-29,
5291,M010771,2026-01-05,
5291,M010771,2026-01-12,
5291,M010771,2026-01-19,
5291,M013477,2025-12-29,
5291,M013477,2026-01-05,
5291,M013477,2026-01-12,
5291,M013477,2026-01-19,
5291,M010676,2025-12-29,
5291,M010676,2026-01-05,
5291,M010676,2026-01-12,
5291,M010676,2026-01-19,
5291,M009898,2025-12-29,
5291,M009898,2026-01-05,
5291,M009898,2026-01-12,
5291,M009898,2026-01-19,
5291,M010038,2025-12-29,
5291,M010038,2026-01-05,
5291,M010038,2026-01-12,
5291,M010038,2026-01-19,
5291,M013220,2025-12-29,
5291,M013220,2026-01-05,
5291,M013220,2026-01-12,
5291,M013220,2026-01-19,
5291,M012706,2025-12-29,
5291,M012706,2026-01-05,
5291,M012706,2026-01-12,
5291,M012706,2026-01-19,
5291,M010453,2025-12-29,
5291,M010453,2026-01-05,
5291,M010453,2026-01-12,
5291,M010453,2026-01-19,
5291,M011232,2025-12-29,
5291,M011232,2026-01-05,
5291,M011232,2026-01-12,
5291,M011232,2026-01-19,
5291,M009594,2025-12-29,
5291,M009594,2026-01-05,
5291,M009594,2026-01-12,
5291,M009594,2026-01-19,
5291,M016641,2025-12-29,
5291,M016641,2026-01-05,
5291,M016641,2026-01-12,
5291,M016641,2026-01-19,
5291,M009970,2025-12-29,
5291,M009970,2026-01-05,
5291,M009970,2026-01-12,
5291,M009970,2026-01-19,
5291,M010862,2025-12-29,
5291,M010862,2026-01-05,
5291,M010862,2026-01-12,
5291,M010862,2026-01-19,
5986,M009898,2025-12-29,
5986,M009898,2026-01-05,
5986,M009898,2026-01-12,
5986,M009898,2026-01-19,
5986,M010079,2025-12-29,
5986,M010079,2026-01-05,
5986,M010079,2026-01-12,
5986,M010079,2026-01-19,
5986,M009050,2025-12-29,
5986,M009050,2026-01-05,
5986,M009050,2026-01-12,
5986,M009050,2026-01-19,
5986,M010200,2025-12-29,
5986,M010200,2026-01-05,
5986,M010200,2026-01-12,
5986,M010200,2026-01-19,
5986,M010082,2025-12-29,
5986,M010082,2026-01-05,
5986,M010082,2026-01-12,
5986,M010082,2026-01-19,
5986,M010453,2025-12-29,
5986,M010453,2026-01-05,
5986,M010453,2026-01-12,
5986,M010453,2026-01-19,
5986,M012665,2025-12-29,
5986,M012665,2026-01-05,
5986,M012665,2026-01-12,
5986,M012665,2026-01-19,
5986,M014771,2025-12-29,
5986,M014771,2026-01-05,
5986,M014771,2026-01-12,
5986,M014771,2026-01-19,
5986,M014013,2025-12-29,
5986,M014013,2026-01-05,
5986,M014013,2026-01-12,
5986,M014013,2026-01-19,
5986,M011232,2025-12-29,
5986,M011232,2026-01-05,
5986,M011232,2026-01-12,
5986,M011232,2026-01-19,
6048,M009898,2025-12-29,
6048,M009898,2026-01-05,
6048,M009898,2026-01-12,
6048,M009898,2026-01-19,
6048,M010453,2025-12-29,
6048,M010453,2026-01-05,
6048,M010453,2026-01-12,
6048,M010453,2026-01-19,
6048,M013220,2025-12-29,
6048,M013220,2026-01-05,
6048,M013220,2026-01-12,
6048,M013220,2026-01-19,
6048,M009284,2025-12-29,
6048,M009284,2026-01-05,
6048,M009284,2026-01-12,
6048,M009284,2026-01-19,
6048,M010079,2025-12-29,
6048,M010079,2026-01-05,
6048,M010079,2026-01-12,
6048,M010079,2026-01-19,
6048,M009594,2025-12-29,
6048,M009594,2026-01-05,
6048,M009594,2026-01-12,
6048,M009594,2026-01-19,
6048,M010132,2025-12-29,
6048,M010132,2026-01-05,
6048,M010132,2026-01-12,
6048,M010132,2026-01-19,
6048,M011232,2025-12-29,
6048,M011232,2026-01-05,
6048,M011232,2026-01-12,
6048,M011232,2026-01-19,
6048,M013459,2025-12-29,
6048,M013459,2026-01-05,
6048,M013459,2026-01-12,
6048,M013459,2026-01-19,
6048,M016641,2025-12-29,
6048,M016641,2026-01-05,
6048,M016641,2026-01-12,
6048,M016641,2026-01-19,
6048,M012115,2025-12-29,
6048,M012115,2026-01-05,
6048,M012115,2026-01-12,
6048,M012115,2026-01-19,
6237,M013220,2025-12-29,
6237,M013220,2026-01-05,
6237,M013220,2026-01-12,
6237,M013220,2026-01-19,
6237,M010868,2025-12-29,
6237,M010868,2026-01-05,
6237,M010868,2026-01-12,
6237,M010868,2026-01-19,
6237,M009072,2025-12-29,
6237,M009072,2026-01-05,
6237,M009072,2026-01-12,
6237,M009072,2026-01-19,
6237,M010200,2025-12-29,
6237,M010200,2026-01-05,
6237,M010200,2026-01-12,
6237,M010200,2026-01-19,
6237,M009898,2025-12-29,
6237,M009898,2026-01-05,
6237,M009898,2026-01-12,
6237,M009898,2026-01-19,
6237,M009594,2025-12-29,
6237,M009594,2026-01-05,
6237,M009594,2026-01-12,
6237,M009594,2026-01-19,
6237,M014013,2025-12-29,
6237,M014013,2026-01-05,
6237,M014013,2026-01-12,
6237,M014013,2026-01-19,
6237,M011339,2025-12-29,
6237,M011339,2026-01-05,
6237,M011339,2026-01-12,
6237,M011339,2026-01-19,
6237,M010788,2025-12-29,
6237,M010788,2026-01-05,
6237,M010788,2026-01-12,
6237,M010788,2026-01-19,
6237,M011086,2025-12-29,
6237,M011086,2026-01-05,
6237,M011086,2026-01-12,
6237,M011086,2026-01-19,
6237,M009542,2025-12-29,
6237,M009542,2026-01-05,
6237,M009542,2026-01-12,
6237,M009542,2026-01-19,
6237,M010038,2025-12-29,
6237,M010038,2026-01-05,
6237,M010038,2026-01-12,
6237,M010038,2026-01-19,
6237,M009648,2025-12-29,
6237,M009648,2026-01-05,
6237,M009648,2026-01-12,
6237,M009648,2026-01-19,
6300,M013962,2025-12-29,
6300,M013962,2026-01-05,
6300,M013962,2026-01-12,
6300,M013962,2026-01-19,
6300,M010676,2025-12-29,
6300,M010676,2026-01-05,
6300,M010676,2026-01-12,
6300,M010676,2026-01-19,
6300,M013220,2025-12-29,
6300,M013220,2026-01-05,
6300,M013220,2026-01-12,
6300,M013220,2026-01-19,
6300,M010253,2025-12-29,
6300,M010253,2026-01-05,
6300,M010253,2026-01-12,
6300,M010253,2026-01-19,
6300,M012665,2025-12-29,
6300,M012665,2026-01-05,
6300,M012665,2026-01-12,
6300,M012665,2026-01-19,
6300,M010771,2025-12-29,
6300,M010771,2026-01-05,
6300,M010771,2026-01-12,
6300,M010771,2026-01-19,
6300,M011232,2025-12-29,
6300,M011232,2026-01-05,
6300,M011232,2026-01-12,
6300,M011232,2026-01-19,
6300,M010532,2025-12-29,
6300,M010532,2026-01-05,
6300,M010532,2026-01-12,
6300,M010532,2026-01-19,
6300,M016641,2025-12-29,
6300,M016641,2026-01-05,
6300,M016641,2026-01-12,
6300,M016641,2026-01-19,
6300,M012115,2025-12-29,
6300,M012115,2026-01-05,
6300,M012115,2026-01-12,
6300,M012115,2026-01-19,
7027,M009594,2025-12-29,
7027,M009594,2026-01-05,
7027,M009594,2026-01-12,
7027,M009594,2026-01-19,
7027,M010862,2025-12-29,
7027,M010862,2026-01-05,
7027,M010862,2026-01-12,
7027,M010862,2026-01-19,
7027,M010208,2025-12-29,
7027,M010208,2026-01-05,
7027,M010208,2026-01-12,
7027,M010208,2026-01-19,
7027,M013294,2025-12-29,
7027,M013294,2026-01-05,
7027,M013294,2026-01-12,
7027,M013294,2026-01-19,
7027,M010184,2025-12-29,
7027,M010184,2026-01-05,
7027,M010184,2026-01-12,
7027,M010184,2026-01-19,
7027,M010253,2025-12-29,
7027,M010253,2026-01-05,
7027,M010253,2026-01-12,
7027,M010253,2026-01-19,
7027,M010788,2025-12-29,
7027,M010788,2026-01-05,
7027,M010788,2026-01-12,
7027,M010788,2026-01-19,
7027,M009970,2025-12-29,
7027,M009970,2026-01-05,
7027,M009970,2026-01-12,
7027,M009970,2026-01-19,
7027,M013086,2025-12-29,
7027,M013086,2026-01-05,
7027,M013086,2026-01-12,
7027,M013086,2026-01-19,
7970,M016641,2025-12-29,
7970,M016641,2026-01-05,
7970,M016641,2026-01-12,
7970,M016641,2026-01-19,
7970,M009648,2025-12-29,
7970,M009648,2026-01-05,
7970,M009648,2026-01-12,
7970,M009648,2026-01-19,
7970,M010882,2025-12-29,
7970,M010882,2026-01-05,
7970,M010882,2026-01-12,
7970,M010882,2026-01-19,
7970,M010788,2025-12-29,
7970,M010788,2026-01-05,
7970,M010788,2026-01-12,
7970,M010788,2026-01-19,
7970,M013459,2025-12-29,
7970,M013459,2026-01-05,
7970,M013459,2026-01-12,
7970,M013459,2026-01-19,
7970,M009898,2025-12-29,
7970,M009898,2026-01-05,
7970,M009898,2026-01-12,
7970,M009898,2026-01-19,
7970,M009630,2025-12-29,
7970,M009630,2026-01-05,
7970,M009630,2026-01-12,
7970,M009630,2026-01-19,
7970,M009542,2025-12-29,
7970,M009542,2026-01-05,
7970,M009542,2026-01-12,
7970,M009542,2026-01-19,
7970,M013086,2025-12-29,
7970,M013086,2026-01-05,
7970,M013086,2026-01-12,
7970,M013086,2026-01-19,
7970,M011339,2025-12-29,
7970,M011339,2026-01-05,
7970,M011339,2026-01-12,
7970,M011339,2026-01-19,
7970,M013294,2025-12-29,
7970,M013294,2026-01-05,
7970,M013294,2026-01-12,
7970,M013294,2026-01-19,
7970,M013477,2025-12-29,
7970,M013477,2026-01-05,
7970,M013477,2026-01-12,
7970,M013477,2026-01-19,
7970,M010075,2025-12-29,
7970,M010075,2026-01-05,
7970,M010075,2026-01-12,
7970,M010075,2026-01-19,
7970,M016311,2025-12-29,
7970,M016311,2026-01-05,
7970,M016311,2026-01-12,
7970,M016311,2026-01-19,
7970,M009284,2025-12-29,
7970,M009284,2026-01-05,
7970,M009284,2026-01-12,
7970,M009284,2026-01-19,
7970,M010253,2025-12-29,
7970,M010253,2026-01-05,
7970,M010253,2026-01-12,
7970,M010253,2026-01-19,
7970,M009518,2025-12-29,
7970,M009518,2026-01-05,
7970,M009518,2026-01-12,
7970,M009518,2026-01-19,
7970,M010532,2025-12-29,
7970,M010532,2026-01-05,
7970,M010532,2026-01-12,
7970,M010532,2026-01-19,
7970,M010208,2025-12-29,
7970,M010208,2026-01-05,
7970,M010208,2026-01-12,
7970,M010208,2026-01-19,
7970,M012665,2025-12-29,
7970,M012665,2026-01-05,
7970,M012665,2026-01-12,
7970,M012665,2026-01-19,
9520,M013220,2025-12-29,
9520,M013220,2026-01-05,
9520,M013220,2026-01-12,
9520,M013220,2026-01-19,
9520,M009594,2025-12-29,
9520,M009594,2026-01-05,
9520,M009594,2026-01-12,
9520,M009594,2026-01-19,
9520,M009648,2025-12-29,
9520,M009648,2026-01-05,
9520,M009648,2026-01-12,
9520,M009648,2026-01-19,
9520,M010771,2025-12-29,
9520,M010771,2026-01-05,
9520,M010771,2026-01-12,
9520,M010771,2026-01-19,
9520,M010868,2025-12-29,
9520,M010868,2026-01-05,
9520,M010868,2026-01-12,
9520,M010868,2026-01-19,
9520,M010082,2025-12-29,
9520,M010082,2026-01-05,
9520,M010082,2026-01-12,
9520,M010082,2026-01-19,
9520,M010038,2025-12-29,
9520,M010038,2026-01-05,
9520,M010038,2026-01-12,
9520,M010038,2026-01-19,
9520,M009050,2025-12-29,
9520,M009050,2026-01-05,
9520,M009050,2026-01-12,
9520,M009050,2026-01-19,
11884,M013086,2025-12-29,
11884,M013086,2026-01-05,
11884,M013086,2026-01-12,
11884,M013086,2026-01-19,
11884,M009542,2025-12-29,
11884,M009542,2026-01-05,
11884,M009542,2026-01-12,
11884,M009542,2026-01-19,
11884,M010253,2025-12-29,
11884,M010253,2026-01-05,
11884,M010253,2026-01-12,
11884,M010253,2026-01-19,
11884,M010862,2025-12-29,
11884,M010862,2026-01-05,
11884,M010862,2026-01-12,
11884,M010862,2026-01-19,
11884,M014771,2025-12-29,
11884,M014771,2026-01-05,
11884,M014771,2026-01-12,
11884,M014771,2026-01-19,
11884,M011086,2025-12-29,
11884,M011086,2026-01-05,
11884,M011086,2026-01-12,
11884,M011086,2026-01-19,
11884,M013962,2025-12-29,
11884,M013962,2026-01-05,
11884,M013962,2026-01-12,
11884,M013962,2026-01-19,
11884,M010132,2025-12-29,
11884,M010132,2026-01-05,
11884,M010132,2026-01-12,
11884,M010132,2026-01-19,
11884,M010788,2025-12-29,
11884,M010788,2026-01-05,
11884,M010788,2026-01-12,
11884,M010788,2026-01-19,
11884,M016641,2025-12-29,
11884,M016641,2026-01-05,
11884,M016641,2026-01-12,
11884,M016641,2026-01-19,
11884,M013477,2025-12-29,
11884,M013477,2026-01-05,
11884,M013477,2026-01-12,
11884,M013477,2026-01-19,
11884,M009050,2025-12-29,
11884,M009050,2026-01-05,
11884,M009050,2026-01-12,
11884,M009050,2026-01-19,
13215,M009630,2025-12-29,
13215,M009630,2026-01-05,
13215,M009630,2026-01-12,
13215,M009630,2026-01-19,
13215,M013220,2025-12-29,
13215,M013220,2026-01-05,
13215,M013220,2026-01-12,
13215,M013220,2026-01-19,
13215,M010253,2025-12-29,
13215,M010253,2026-01-05,
13215,M010253,2026-01-12,
13215,M010253,2026-01-19,
13215,M011232,2025-12-29,
13215,M011232,2026-01-05,
13215,M011232,2026-01-12,
13215,M011232,2026-01-19,
13215,M009594,2025-12-29,
13215,M009594,2026-01-05,
13215,M009594,2026-01-12,
13215,M009594,2026-01-19,
13215,M010082,2025-12-29,
13215,M010082,2026-01-05,
13215,M010082,2026-01-12,
13215,M010082,2026-01-19,
13215,M013962,2025-12-29,
13215,M013962,2026-01-05,
13215,M013962,2026-01-12,
13215,M013962,2026-01-19,
13215,M012706,2025-12-29,
13215,M012706,2026-01-05,
13215,M012706,2026-01-12,
13215,M012706,2026-01-19,
13215,M012860,2025-12-29,
13215,M012860,2026-01-05,
13215,M012860,2026-01-12,
13215,M012860,2026-01-19,
13215,M012115,2025-12-29,
13215,M012115,2026-01-05,
13215,M012115,2026-01-12,
13215,M012115,2026-01-19,
13215,M010453,2025-12-29,
13215,M010453,2026-01-05,
13215,M010453,2026-01-12,
13215,M010453,2026-01-19,
13215,M010532,2025-12-29,
13215,M010532,2026-01-05,
13215,M010532,2026-01-12,
13215,M010532,2026-01-19,
13215,M014771,2025-12-29,
13215,M014771,2026-01-05,
13215,M014771,2026-01-12,
13215,M014771,2026-01-19,
13215,M009648,2025-12-29,
13215,M009648,2026-01-05,
13215,M009648,2026-01-12,
13215,M009648,2026-01-19,
2195,M011232,2025-12-29,
2195,M011232,2026-01-05,
2195,M011232,2026-01-12,
2195,M011232,2026-01-19,
2195,M010862,2025-12-29,
2195,M010862,2026-01-05,
2195,M010862,2026-01-12,
2195,M010862,2026-01-19,
2195,M013962,2025-12-29,
2195,M013962,2026-01-05,
2195,M013962,2026-01-12,
2195,M013962,2026-01-19,
2195,M012706,2025-12-29,
2195,M012706,2026-01-05,
2195,M012706,2026-01-12,
2195,M012706,2026-01-19,
2195,M009284,2025-12-29,
2195,M009284,2026-01-05,
2195,M009284,2026-01-12,
2195,M009284,2026-01-19,
2195,M011339,2025-12-29,
2195,M011339,2026-01-05,
2195,M011339,2026-01-12,
2195,M011339,2026-01-19,
2195,M010253,2025-12-29,
2195,M010253,2026-01-05,
2195,M010253,2026-01-12,
2195,M010253,2026-01-19,
2195,M010676,2025-12-29,
2195,M010676,2026-01-05,
2195,M010676,2026-01-12,
2195,M010676,2026-01-19,
2195,M009050,2025-12-29,
2195,M009050,2026-01-05,
2195,M009050,2026-01-12,
2195,M009050,2026-01-19,
2195,M010208,2025-12-29,
2195,M010208,2026-01-05,
2195,M010208,2026-01-12,
2195,M010208,2026-01-19,
2195,M009898,2025-12-29,
2195,M009898,2026-01-05,
2195,M009898,2026-01-12,
2195,M009898,2026-01-19,
6198,M009651,2025-12-29,
6198,M009651,2026-01-05,
6198,M009651,2026-01-12,
6198,M009651,2026-01-19,
6198,M013086,2025-12-29,
6198,M013086,2026-01-05,
6198,M013086,2026-01-12,
6198,M013086,2026-01-19,
6198,M010788,2025-12-29,
6198,M010788,2026-01-05,
6198,M010788,2026-01-12,
6198,M010788,2026-01-19,
6198,M009050,2025-12-29,
6198,M009050,2026-01-05,
6198,M009050,2026-01-12,
6198,M009050,2026-01-19,
6198,M014771,2025-12-29,
6198,M014771,2026-01-05,
6198,M014771,2026-01-12,
6198,M014771,2026-01-19,
6198,M013294,2025-12-29,
6198,M013294,2026-01-05,
6198,M013294,2026-01-12,
6198,M013294,2026-01-19,
6198,M010184,2025-12-29,
6198,M010184,2026-01-05,
6198,M010184,2026-01-12,
6198,M010184,2026-01-19,
6198,M016641,2025-12-29,
6198,M016641,2026-01-05,
6198,M016641,2026-01-12,
6198,M016641,2026-01-19,
6452,M009284,2025-12-29,
6452,M009284,2026-01-05,
6452,M009284,2026-01-12,
6452,M009284,2026-01-19,
6452,M014013,2025-12-29,
6452,M014013,2026-01-05,
6452,M014013,2026-01-12,
6452,M014013,2026-01-19,
6452,M010079,2025-12-29,
6452,M010079,2026-01-05,
6452,M010079,2026-01-12,
6452,M010079,2026-01-19,
6452,M013962,2025-12-29,
6452,M013962,2026-01-05,
6452,M013962,2026-01-12,
6452,M013962,2026-01-19,
6452,M009648,2025-12-29,
6452,M009648,2026-01-05,
6452,M009648,2026-01-12,
6452,M009648,2026-01-19,
6452,M013477,2025-12-29,
6452,M013477,2026-01-05,
6452,M013477,2026-01-12,
6452,M013477,2026-01-19,
6452,M009594,2025-12-29,
6452,M009594,2026-01-05,
6452,M009594,2026-01-12,
6452,M009594,2026-01-19,
6452,M011232,2025-12-29,
6452,M011232,2026-01-05,
6452,M011232,2026-01-12,
6452,M011232,2026-01-19,
6452,M016641,2025-12-29,
6452,M016641,2026-01-05,
6452,M016641,2026-01-12,
6452,M016641,2026-01-19,
6452,M014771,2025-12-29,
6452,M014771,2026-01-05,
6452,M014771,2026-01-12,
6452,M014771,2026-01-19,
6452,M012860,2025-12-29,
6452,M012860,2026-01-05,
6452,M012860,2026-01-12,
6452,M012860,2026-01-19,
6452,M010788,2025-12-29,
6452,M010788,2026-01-05,
6452,M010788,2026-01-12,
6452,M010788,2026-01-19,
6685,M010532,2025-12-29,
6685,M010532,2026-01-05,
6685,M010532,2026-01-12,
6685,M010532,2026-01-19,
6685,M009364,2025-12-29,
6685,M009364,2026-01-05,
6685,M009364,2026-01-12,
6685,M009364,2026-01-19,
6685,M013459,2025-12-29,
6685,M013459,2026-01-05,
6685,M013459,2026-01-12,
6685,M013459,2026-01-19,
6685,M010862,2025-12-29,
6685,M010862,2026-01-05,
6685,M010862,2026-01-12,
6685,M010862,2026-01-19,
6685,M011086,2025-12-29,
6685,M011086,2026-01-05,
6685,M011086,2026-01-12,
6685,M011086,2026-01-19,
6685,M009594,2025-12-29,
6685,M009594,2026-01-05,
6685,M009594,2026-01-12,
6685,M009594,2026-01-19,
6685,M010208,2025-12-29,
6685,M010208,2026-01-05,
6685,M010208,2026-01-12,
6685,M010208,2026-01-19,
6685,M011339,2025-12-29,
6685,M011339,2026-01-05,
6685,M011339,2026-01-12,
6685,M011339,2026-01-19,
6685,M010788,2025-12-29,
6685,M010788,2026-01-05,
6685,M010788,2026-01-12,
6685,M010788,2026-01-19,
6685,M012115,2025-12-29,
6685,M012115,2026-01-05,
6685,M012115,2026-01-12,
6685,M012115,2026-01-19,
6685,M011232,2025-12-29,
6685,M011232,2026-01-05,
6685,M011232,2026-01-12,
6685,M011232,2026-01-19,
6685,M013220,2025-12-29,
6685,M013220,2026-01-05,
6685,M013220,2026-01-12,
6685,M013220,2026-01-19,
6685,M010038,2025-12-29,
6685,M010038,2026-01-05,
6685,M010038,2026-01-12,
6685,M010038,2026-01-19,
6685,M012665,2025-12-29,
6685,M012665,2026-01-05,
6685,M012665,2026-01-12,
6685,M012665,2026-01-19,
6685,M010676,2025-12-29,
6685,M010676,2026-01-05,
6685,M010676,2026-01-12,
6685,M010676,2026-01-19,
6685,M013086,2025-12-29,
6685,M013086,2026-01-05,
6685,M013086,2026-01-12,
6685,M013086,2026-01-19,
6685,M013962,2025-12-29,
6685,M013962,2026-01-05,
6685,M013962,2026-01-12,
6685,M013962,2026-01-19,
6936,M010788,2025-12-29,
6936,M010788,2026-01-05,
6936,M010788,2026-01-12,
6936,M010788,2026-01-19,
6936,M013294,2025-12-29,
6936,M013294,2026-01-05,
6936,M013294,2026-01-12,
6936,M013294,2026-01-19,
6936,M016641,2025-12-29,
6936,M016641,2026-01-05,
6936,M016641,2026-01-12,
6936,M016641,2026-01-19,
6936,M009542,2025-12-29,
6936,M009542,2026-01-05,
6936,M009542,2026-01-12,
6936,M009542,2026-01-19,
6936,M010453,2025-12-29,
6936,M010453,2026-01-05,
6936,M010453,2026-01-12,
6936,M010453,2026-01-19,
6936,M010208,2025-12-29,
6936,M010208,2026-01-05,
6936,M010208,2026-01-12,
6936,M010208,2026-01-19,
6936,M012665,2025-12-29,
6936,M012665,2026-01-05,
6936,M012665,2026-01-12,
6936,M012665,2026-01-19,
6936,M010079,2025-12-29,
6936,M010079,2026-01-05,
6936,M010079,2026-01-12,
6936,M010079,2026-01-19,
6936,M013962,2025-12-29,
6936,M013962,2026-01-05,
6936,M013962,2026-01-12,
6936,M013962,2026-01-19,
6936,M013477,2025-12-29,
6936,M013477,2026-01-05,
6936,M013477,2026-01-12,
6936,M013477,2026-01-19,
7186,M010208,2025-12-29,
7186,M010208,2026-01-05,
7186,M010208,2026-01-12,
7186,M010208,2026-01-19,
7186,M009050,2025-12-29,
7186,M009050,2026-01-05,
7186,M009050,2026-01-12,
7186,M009050,2026-01-19,
7186,M013086,2025-12-29,
7186,M013086,2026-01-05,
7186,M013086,2026-01-12,
7186,M013086,2026-01-19,
7186,M012665,2025-12-29,
7186,M012665,2026-01-05,
7186,M012665,2026-01-12,
7186,M012665,2026-01-19,
7186,M009648,2025-12-29,
7186,M009648,2026-01-05,
7186,M009648,2026-01-12,
7186,M009648,2026-01-19,
7186,M010200,2025-12-29,
7186,M010200,2026-01-05,
7186,M010200,2026-01-12,
7186,M010200,2026-01-19,
7186,M011232,2025-12-29,
7186,M011232,2026-01-05,
7186,M011232,2026-01-12,
7186,M011232,2026-01-19,
7186,M012860,2025-12-29,
7186,M012860,2026-01-05,
7186,M012860,2026-01-12,
7186,M012860,2026-01-19,
7186,M010771,2025-12-29,
7186,M010771,2026-01-05,
7186,M010771,2026-01-12,
7186,M010771,2026-01-19,
7562,M009364,2025-12-29,
7562,M009364,2026-01-05,
7562,M009364,2026-01-12,
7562,M009364,2026-01-19,
7562,M011086,2025-12-29,
7562,M011086,2026-01-05,
7562,M011086,2026-01-12,
7562,M011086,2026-01-19,
7562,M010208,2025-12-29,
7562,M010208,2026-01-05,
7562,M010208,2026-01-12,
7562,M010208,2026-01-19,
7562,M012115,2025-12-29,
7562,M012115,2026-01-05,
7562,M012115,2026-01-12,
7562,M012115,2026-01-19,
7562,M009630,2025-12-29,
7562,M009630,2026-01-05,
7562,M009630,2026-01-12,
7562,M009630,2026-01-19,
7562,M010184,2025-12-29,
7562,M010184,2026-01-05,
7562,M010184,2026-01-12,
7562,M010184,2026-01-19,
7562,M010253,2025-12-29,
7562,M010253,2026-01-05,
7562,M010253,2026-01-12,
7562,M010253,2026-01-19,
7562,M009072,2025-12-29,
7562,M009072,2026-01-05,
7562,M009072,2026-01-12,
7562,M009072,2026-01-19,
7562,M010132,2025-12-29,
7562,M010132,2026-01-05,
7562,M010132,2026-01-12,
7562,M010132,2026-01-19,
7562,M010038,2025-12-29,
7562,M010038,2026-01-05,
7562,M010038,2026-01-12,
7562,M010038,2026-01-19,
7562,M012706,2025-12-29,
7562,M012706,2026-01-05,
7562,M012706,2026-01-12,
7562,M012706,2026-01-19,
7562,M009970,2025-12-29,
7562,M009970,2026-01-05,
7562,M009970,2026-01-12,
7562,M009970,2026-01-19,
7562,M009594,2025-12-29,
7562,M009594,2026-01-05,
7562,M009594,2026-01-12,
7562,M009594,2026-01-19,
8585,M010788,2025-12-29,
8585,M010788,2026-01-05,
8585,M010788,2026-01-12,
8585,M010788,2026-01-19,
8585,M010868,2025-12-29,
8585,M010868,2026-01-05,
8585,M010868,2026-01-12,
8585,M010868,2026-01-19,
8585,M013962,2025-12-29,
8585,M013962,2026-01-05,
8585,M013962,2026-01-12,
8585,M013962,2026-01-19,
8585,M011086,2025-12-29,
8585,M011086,2026-01-05,
8585,M011086,2026-01-12,
8585,M011086,2026-01-19,
8585,M010676,2025-12-29,
8585,M010676,2026-01-05,
8585,M010676,2026-01-12,
8585,M010676,2026-01-19,
8585,M011339,2025-12-29,
8585,M011339,2026-01-05,
8585,M011339,2026-01-12,
8585,M011339,2026-01-19,
8585,M010079,2025-12-29,
8585,M010079,2026-01-05,
8585,M010079,2026-01-12,
8585,M010079,2026-01-19,
8585,M009050,2025-12-29,
8585,M009050,2026-01-05,
8585,M009050,2026-01-12,
8585,M009050,2026-01-19,
8585,M010862,2025-12-29,
8585,M010862,2026-01-05,
8585,M010862,2026-01-12,
8585,M010862,2026-01-19,
8585,M012115,2025-12-29,
8585,M012115,2026-01-05,
8585,M012115,2026-01-12,
8585,M012115,2026-01-19,
8585,M013220,2025-12-29,
8585,M013220,2026-01-05,
8585,M013220,2026-01-12,
8585,M013220,2026-01-19,
8585,M010132,2025-12-29,
8585,M010132,2026-01-05,
8585,M010132,2026-01-12,
8585,M010132,2026-01-19,
8585,M013477,2025-12-29,
8585,M013477,2026-01-05,
8585,M013477,2026-01-12,
8585,M013477,2026-01-19,
8585,M009542,2025-12-29,
8585,M009542,2026-01-05,
8585,M009542,2026-01-12,
8585,M009542,2026-01-19,
9007,M010453,2025-12-29,
9007,M010453,2026-01-05,
9007,M010453,2026-01-12,
9007,M010453,2026-01-19,
9007,M016641,2025-12-29,
9007,M016641,2026-01-05,
9007,M016641,2026-01-12,
9007,M016641,2026-01-19,
9007,M012115,2025-12-29,
9007,M012115,2026-01-05,
9007,M012115,2026-01-12,
9007,M012115,2026-01-19,
9007,M010771,2025-12-29,
9007,M010771,2026-01-05,
9007,M010771,2026-01-12,
9007,M010771,2026-01-19,
9007,M009651,2025-12-29,
9007,M009651,2026-01-05,
9007,M009651,2026-01-12,
9007,M009651,2026-01-19,
9007,M010082,2025-12-29,
9007,M010082,2026-01-05,
9007,M010082,2026-01-12,
9007,M010082,2026-01-19,
9007,M010200,2025-12-29,
9007,M010200,2026-01-05,
9007,M010200,2026-01-12,
9007,M010200,2026-01-19,
9007,M013220,2025-12-29,
9007,M013220,2026-01-05,
9007,M013220,2026-01-12,
9007,M013220,2026-01-19,
9007,M014771,2025-12-29,
9007,M014771,2026-01-05,
9007,M014771,2026-01-12,
9007,M014771,2026-01-19,
9007,M010253,2025-12-29,
9007,M010253,2026-01-05,
9007,M010253,2026-01-12,
9007,M010253,2026-01-19,
9007,M010184,2025-12-29,
9007,M010184,2026-01-05,
9007,M010184,2026-01-12,
9007,M010184,2026-01-19,
9007,M009648,2025-12-29,
9007,M009648,2026-01-05,
9007,M009648,2026-01-12,
9007,M009648,2026-01-19,
9007,M010079,2025-12-29,
9007,M010079,2026-01-05,
9007,M010079,2026-01-12,
9007,M010079,2026-01-19,
9007,M009050,2025-12-29,
9007,M009050,2026-01-05,
9007,M009050,2026-01-12,
9007,M009050,2026-01-19,
9007,M010868,2025-12-29,
9007,M010868,2026-01-05,
9007,M010868,2026-01-12,
9007,M010868,2026-01-19,
9007,M010676,2025-12-29,
9007,M010676,2026-01-05,
9007,M010676,2026-01-12,
9007,M010676,2026-01-19,
9007,M010208,2025-12-29,
9007,M010208,2026-01-05,
9007,M010208,2026-01-12,
9007,M010208,2026-01-19,
9007,M012706,2025-12-29,
9007,M012706,2026-01-05,
9007,M012706,2026-01-12,
9007,M012706,2026-01-19,
9913,M009651,2025-12-29,
9913,M009651,2026-01-05,
9913,M009651,2026-01-12,
9913,M009651,2026-01-19,
9913,M009364,2025-12-29,
9913,M009364,2026-01-05,
9913,M009364,2026-01-12,
9913,M009364,2026-01-19,
9913,M013086,2025-12-29,
9913,M013086,2026-01-05,
9913,M013086,2026-01-12,
9913,M013086,2026-01-19,
9913,M013459,2025-12-29,
9913,M013459,2026-01-05,
9913,M013459,2026-01-12,
9913,M013459,2026-01-19,
9913,M012115,2025-12-29,
9913,M012115,2026-01-05,
9913,M012115,2026-01-12,
9913,M012115,2026-01-19,
9913,M010868,2025-12-29,
9913,M010868,2026-01-05,
9913,M010868,2026-01-12,
9913,M010868,2026-01-19,
9913,M010132,2025-12-29,
9913,M010132,2026-01-05,
9913,M010132,2026-01-12,
9913,M010132,2026-01-19,
9913,M014013,2025-12-29,
9913,M014013,2026-01-05,
9913,M014013,2026-01-12,
9913,M014013,2026-01-19,
9913,M014771,2025-12-29,
9913,M014771,2026-01-05,
9913,M014771,2026-01-12,
9913,M014771,2026-01-19,
9913,M010079,2025-12-29,
9913,M010079,2026-01-05,
9913,M010079,2026-01-12,
9913,M010079,2026-01-19,
9913,M009050,2025-12-29,
9913,M009050,2026-01-05,
9913,M009050,2026-01-12,
9913,M009050,2026-01-19,
9913,M010771,2025-12-29,
9913,M010771,2026-01-05,
9913,M010771,2026-01-12,
9913,M010771,2026-01-19,
9913,M010208,2025-12-29,
9913,M010208,2026-01-05,
9913,M010208,2026-01-12,
9913,M010208,2026-01-19,
10490,M010453,2025-12-29,
10490,M010453,2026-01-05,
10490,M010453,2026-01-12,
10490,M010453,2026-01-19,
10490,M010079,2025-12-29,
10490,M010079,2026-01-05,
10490,M010079,2026-01-12,
10490,M010079,2026-01-19,
10490,M009072,2025-12-29,
10490,M009072,2026-01-05,
10490,M009072,2026-01-12,
10490,M009072,2026-01-19,
10490,M010132,2025-12-29,
10490,M010132,2026-01-05,
10490,M010132,2026-01-12,
10490,M010132,2026-01-19,
10490,M013962,2025-12-29,
10490,M013962,2026-01-05,
10490,M013962,2026-01-12,
10490,M013962,2026-01-19,
10490,M010208,2025-12-29,
10490,M010208,2026-01-05,
10490,M010208,2026-01-12,
10490,M010208,2026-01-19,
10490,M010038,2025-12-29,
10490,M010038,2026-01-05,
10490,M010038,2026-01-12,
10490,M010038,2026-01-19,
10490,M010862,2025-12-29,
10490,M010862,2026-01-05,
10490,M010862,2026-01-12,
10490,M010862,2026-01-19,
10490,M013459,2025-12-29,
10490,M013459,2026-01-05,
10490,M013459,2026-01-12,
10490,M013459,2026-01-19,
10490,M014771,2025-12-29,
10490,M014771,2026-01-05,
10490,M014771,2026-01-12,
10490,M014771,2026-01-19,
10490,M012665,2025-12-29,
10490,M012665,2026-01-05,
10490,M012665,2026-01-12,
10490,M012665,2026-01-19,
10490,M009594,2025-12-29,
10490,M009594,2026-01-05,
10490,M009594,2026-01-12,
10490,M009594,2026-01-19,
10490,M010676,2025-12-29,
10490,M010676,2026-01-05,
10490,M010676,2026-01-12,
10490,M010676,2026-01-19,
10490,M010771,2025-12-29,
10490,M010771,2026-01-05,
10490,M010771,2026-01-12,
10490,M010771,2026-01-19,
10922,M009630,2025-12-29,
10922,M009630,2026-01-05,
10922,M009630,2026-01-12,
10922,M009630,2026-01-19,
10922,M010184,2025-12-29,
10922,M010184,2026-01-05,
10922,M010184,2026-01-12,
10922,M010184,2026-01-19,
10922,M012706,2025-12-29,
10922,M012706,2026-01-05,
10922,M012706,2026-01-12,
10922,M012706,2026-01-19,
10922,M010868,2025-12-29,
10922,M010868,2026-01-05,
10922,M010868,2026-01-12,
10922,M010868,2026-01-19,
10922,M014013,2025-12-29,
10922,M014013,2026-01-05,
10922,M014013,2026-01-12,
10922,M014013,2026-01-19,
10922,M010079,2025-12-29,
10922,M010079,2026-01-05,
10922,M010079,2026-01-12,
10922,M010079,2026-01-19,
10922,M010532,2025-12-29,
10922,M010532,2026-01-05,
10922,M010532,2026-01-12,
10922,M010532,2026-01-19,
10922,M012115,2025-12-29,
10922,M012115,2026-01-05,
10922,M012115,2026-01-12,
10922,M012115,2026-01-19,
10922,M010038,2025-12-29,
10922,M010038,2026-01-05,
10922,M010038,2026-01-12,
10922,M010038,2026-01-19,
10922,M009542,2025-12-29,
10922,M009542,2026-01-05,
10922,M009542,2026-01-12,
10922,M009542,2026-01-19,
10922,M013459,2025-12-29,
10922,M013459,2026-01-05,
10922,M013459,2026-01-12,
10922,M013459,2026-01-19,
10922,M014771,2025-12-29,
10922,M014771,2026-01-05,
10922,M014771,2026-01-12,
10922,M014771,2026-01-19,
10922,M009651,2025-12-29,
10922,M009651,2026-01-05,
10922,M009651,2026-01-12,
10922,M009651,2026-01-19,
10922,M013294,2025-12-29,
10922,M013294,2026-01-05,
10922,M013294,2026-01-12,
10922,M013294,2026-01-19,
10922,M012665,2025-12-29,
10922,M012665,2026-01-05,
10922,M012665,2026-01-12,
10922,M012665,2026-01-19,
10922,M013220,2025-12-29,
10922,M013220,2026-01-05,
10922,M013220,2026-01-12,
10922,M013220,2026-01-19,
10922,M010200,2025-12-29,
10922,M010200,2026-01-05,
10922,M010200,2026-01-12,
10922,M010200,2026-01-19,
10922,M016641,2025-12-29,
10922,M016641,2026-01-05,
10922,M016641,2026-01-12,
10922,M016641,2026-01-19,
11064,M014013,2025-12-29,
11064,M014013,2026-01-05,
11064,M014013,2026-01-12,
11064,M014013,2026-01-19,
11064,M011086,2025-12-29,
11064,M011086,2026-01-05,
11064,M011086,2026-01-12,
11064,M011086,2026-01-19,
11064,M010200,2025-12-29,
11064,M010200,2026-01-05,
11064,M010200,2026-01-12,
11064,M010200,2026-01-19,
11064,M010038,2025-12-29,
11064,M010038,2026-01-05,
11064,M010038,2026-01-12,
11064,M010038,2026-01-19,
11064,M010788,2025-12-29,
11064,M010788,2026-01-05,
11064,M010788,2026-01-12,
11064,M010788,2026-01-19,
11064,M011232,2025-12-29,
11064,M011232,2026-01-05,
11064,M011232,2026-01-12,
11064,M011232,2026-01-19,
11064,M010453,2025-12-29,
11064,M010453,2026-01-05,
11064,M010453,2026-01-12,
11064,M010453,2026-01-19,
11064,M009364,2025-12-29,
11064,M009364,2026-01-05,
11064,M009364,2026-01-12,
11064,M009364,2026-01-19,
11850,M010038,2025-12-29,
11850,M010038,2026-01-05,
11850,M010038,2026-01-12,
11850,M010038,2026-01-19,
11850,M010788,2025-12-29,
11850,M010788,2026-01-05,
11850,M010788,2026-01-12,
11850,M010788,2026-01-19,
11850,M010253,2025-12-29,
11850,M010253,2026-01-05,
11850,M010253,2026-01-12,
11850,M010253,2026-01-19,
11850,M009072,2025-12-29,
11850,M009072,2026-01-05,
11850,M009072,2026-01-12,
11850,M009072,2026-01-19,
11850,M010532,2025-12-29,
11850,M010532,2026-01-05,
11850,M010532,2026-01-12,
11850,M010532,2026-01-19,
11850,M009050,2025-12-29,
11850,M009050,2026-01-05,
11850,M009050,2026-01-12,
11850,M009050,2026-01-19,
11850,M013459,2025-12-29,
11850,M013459,2026-01-05,
11850,M013459,2026-01-12,
11850,M013459,2026-01-19,
11850,M010868,2025-12-29,
11850,M010868,2026-01-05,
11850,M010868,2026-01-12,
11850,M010868,2026-01-19,
11850,M010862,2025-12-29,
11850,M010862,2026-01-05,
11850,M010862,2026-01-12,
11850,M010862,2026-01-19,
11850,M013477,2025-12-29,
11850,M013477,2026-01-05,
11850,M013477,2026-01-12,
11850,M013477,2026-01-19,
11896,M010132,2025-12-29,
11896,M010132,2026-01-05,
11896,M010132,2026-01-12,
11896,M010132,2026-01-19,
11896,M009630,2025-12-29,
11896,M009630,2026-01-05,
11896,M009630,2026-01-12,
11896,M009630,2026-01-19,
11896,M010868,2025-12-29,
11896,M010868,2026-01-05,
11896,M010868,2026-01-12,
11896,M010868,2026-01-19,
11896,M013294,2025-12-29,
11896,M013294,2026-01-05,
11896,M013294,2026-01-12,
11896,M013294,2026-01-19,
11896,M010200,2025-12-29,
11896,M010200,2026-01-05,
11896,M010200,2026-01-12,
11896,M010200,2026-01-19,
11896,M010532,2025-12-29,
11896,M010532,2026-01-05,
11896,M010532,2026-01-12,
11896,M010532,2026-01-19,
11896,M009898,2025-12-29,
11896,M009898,2026-01-05,
11896,M009898,2026-01-12,
11896,M009898,2026-01-19,
11896,M012860,2025-12-29,
11896,M012860,2026-01-05,
11896,M012860,2026-01-12,
11896,M012860,2026-01-19,
11896,M011232,2025-12-29,
11896,M011232,2026-01-05,
11896,M011232,2026-01-12,
11896,M011232,2026-01-19,
12990,M009648,2025-12-29,
12990,M009648,2026-01-05,
12990,M009648,2026-01-12,
12990,M009648,2026-01-19,
12990,M010082,2025-12-29,
12990,M010082,2026-01-05,
12990,M010082,2026-01-12,
12990,M010082,2026-01-19,
12990,M010038,2025-12-29,
12990,M010038,2026-01-05,
12990,M010038,2026-01-12,
12990,M010038,2026-01-19,
12990,M009630,2025-12-29,
12990,M009630,2026-01-05,
12990,M009630,2026-01-12,
12990,M009630,2026-01-19,
12990,M016641,2025-12-29,
12990,M016641,2026-01-05,
12990,M016641,2026-01-12,
12990,M016641,2026-01-19,
12990,M012706,2025-12-29,
12990,M012706,2026-01-05,
12990,M012706,2026-01-12,
12990,M012706,2026-01-19,
12990,M009594,2025-12-29,
12990,M009594,2026-01-05,
12990,M009594,2026-01-12,
12990,M009594,2026-01-19,
12990,M009072,2025-12-29,
12990,M009072,2026-01-05,
12990,M009072,2026-01-12,
12990,M009072,2026-01-19,
12990,M010676,2025-12-29,
12990,M010676,2026-01-05,
12990,M010676,2026-01-12,
12990,M010676,2026-01-19,
12990,M010532,2025-12-29,
12990,M010532,2026-01-05,
12990,M010532,2026-01-12,
12990,M010532,2026-01-19,
12990,M009898,2025-12-29,
12990,M009898,2026-01-05,
12990,M009898,2026-01-12,
12990,M009898,2026-01-19,
12990,M009651,2025-12-29,
12990,M009651,2026-01-05,
12990,M009651,2026-01-12,
12990,M009651,2026-01-19,
12990,M014771,2025-12-29,
12990,M014771,2026-01-05,
12990,M014771,2026-01-12,
12990,M014771,2026-01-19,
12990,M013477,2025-12-29,
12990,M013477,2026-01-05,
12990,M013477,2026-01-12,
12990,M013477,2026-01-19,
5444,M009898,2025-12-29,
5444,M009898,2026-01-05,
5444,M009898,2026-01-12,
5444,M009898,2026-01-19,
5444,M010079,2025-12-29,
5444,M010079,2026-01-05,
5444,M010079,2026-01-12,
5444,M010079,2026-01-19,
5444,M010676,2025-12-29,
5444,M010676,2026-01-05,
5444,M010676,2026-01-12,
5444,M010676,2026-01-19,
5444,M009072,2025-12-29,
5444,M009072,2026-01-05,
5444,M009072,2026-01-12,
5444,M009072,2026-01-19,
5444,M013220,2025-12-29,
5444,M013220,2026-01-05,
5444,M013220,2026-01-12,
5444,M013220,2026-01-19,
5444,M009284,2025-12-29,
5444,M009284,2026-01-05,
5444,M009284,2026-01-12,
5444,M009284,2026-01-19,
6251,M009630,2025-12-29,
6251,M009630,2026-01-05,
6251,M009630,2026-01-12,
6251,M009630,2026-01-19,
6251,M013459,2025-12-29,
6251,M013459,2026-01-05,
6251,M013459,2026-01-12,
6251,M013459,2026-01-19,
6251,M013477,2025-12-29,
6251,M013477,2026-01-05,
6251,M013477,2026-01-12,
6251,M013477,2026-01-19,
6251,M010676,2025-12-29,
6251,M010676,2026-01-05,
6251,M010676,2026-01-12,
6251,M010676,2026-01-19,
6251,M014771,2025-12-29,
6251,M014771,2026-01-05,
6251,M014771,2026-01-12,
6251,M014771,2026-01-19,
6251,M010253,2025-12-29,
6251,M010253,2026-01-05,
6251,M010253,2026-01-12,
6251,M010253,2026-01-19,
6251,M010038,2025-12-29,
6251,M010038,2026-01-05,
6251,M010038,2026-01-12,
6251,M010038,2026-01-19,
6251,M010771,2025-12-29,
6251,M010771,2026-01-05,
6251,M010771,2026-01-12,
6251,M010771,2026-01-19,
6251,M009594,2025-12-29,
6251,M009594,2026-01-05,
6251,M009594,2026-01-12,
6251,M009594,2026-01-19,
6251,M009050,2025-12-29,
6251,M009050,2026-01-05,
6251,M009050,2026-01-12,
6251,M009050,2026-01-19,
6251,M009651,2025-12-29,
6251,M009651,2026-01-05,
6251,M009651,2026-01-12,
6251,M009651,2026-01-19,
6251,M010862,2025-12-29,
6251,M010862,2026-01-05,
6251,M010862,2026-01-12,
6251,M010862,2026-01-19,
6251,M009072,2025-12-29,
6251,M009072,2026-01-05,
6251,M009072,2026-01-12,
6251,M009072,2026-01-19,
6251,M010082,2025-12-29,
6251,M010082,2026-01-05,
6251,M010082,2026-01-12,
6251,M010082,2026-01-19,
6251,M010208,2025-12-29,
6251,M010208,2026-01-05,
6251,M010208,2026-01-12,
6251,M010208,2026-01-19,
12363,M010079,2025-12-29,
12363,M010079,2026-01-05,
12363,M010079,2026-01-12,
12363,M010079,2026-01-19,
12363,M014013,2025-12-29,
12363,M014013,2026-01-05,
12363,M014013,2026-01-12,
12363,M014013,2026-01-19,
12363,M013294,2025-12-29,
12363,M013294,2026-01-05,
12363,M013294,2026-01-12,
12363,M013294,2026-01-19,
12363,M010184,2025-12-29,
12363,M010184,2026-01-05,
12363,M010184,2026-01-12,
12363,M010184,2026-01-19,
12363,M009970,2025-12-29,
12363,M009970,2026-01-05,
12363,M009970,2026-01-12,
12363,M009970,2026-01-19,
12363,M011086,2025-12-29,
12363,M011086,2026-01-05,
12363,M011086,2026-01-12,
12363,M011086,2026-01-19,
12363,M009284,2025-12-29,
12363,M009284,2026-01-05,
12363,M009284,2026-01-12,
12363,M009284,2026-01-19,
12363,M013459,2025-12-29,
12363,M013459,2026-01-05,
12363,M013459,2026-01-12,
12363,M013459,2026-01-19,
11492,M010184,2025-12-29,
11492,M010184,2026-01-05,
11492,M010184,2026-01-12,
11492,M010184,2026-01-19,
11492,M010868,2025-12-29,
11492,M010868,2026-01-05,
11492,M010868,2026-01-12,
11492,M010868,2026-01-19,
11492,M009651,2025-12-29,
11492,M009651,2026-01-05,
11492,M009651,2026-01-12,
11492,M009651,2026-01-19,
11492,M009364,2025-12-29,
11492,M009364,2026-01-05,
11492,M009364,2026-01-12,
11492,M009364,2026-01-19,
11492,M009630,2025-12-29,
11492,M009630,2026-01-05,
11492,M009630,2026-01-12,
11492,M009630,2026-01-19,
11492,M013459,2025-12-29,
11492,M013459,2026-01-05,
11492,M013459,2026-01-12,
11492,M013459,2026-01-19,
11492,M010208,2025-12-29,
11492,M010208,2026-01-05,
11492,M010208,2026-01-12,
11492,M010208,2026-01-19,
